{
"type": "FeatureCollection",
"name": "83 84 customers",
"crs": { "type": "name", "properties": { "name": "urn:ogc:def:crs:OGC:1.3:CRS84" } },
"features": [
{ "type": "Feature", "properties": { "id": "f1b27487-ced1-481a-888e-1aec2cc715e4", "accountNo": "28507", "name": "WILLIAM NYAMU GAKONGIA", "phone": "254728516947", "meterNo": "25039018", "accountStatus": "NEW", "accountType": "Domestic", "institution": "", "meterStatus": "Metered", "brand": "YUONSO", "material": "Plastic", "meterClass": "C", "schemeName": "Rural", "zone": "012 83", "route": "072 KIAIHURU", "dma": "Kiaihuru", "location": "Opposite Ass Chiefs resident ", "parcelNo": "132 Ruguru/Kiamariga ", "meterSize": "0.5", "remarks": "Installed ", "userId": "31b2fb3c-f8a3-475a-8c2f-518f33fe8576", "latitude": -0.367635, "longitude": 37.0979167 }, "geometry": { "type": "Point", "coordinates": [ 37.0979167, -0.367635 ] } },
{ "type": "Feature", "properties": { "id": "7ac8edaf-0108-4187-bb0f-9c9af746a361", "accountNo": "28500", "name": "Emmah Wanjiku Njeri", "phone": "0708318103", "meterNo": "25039013", "accountStatus": "ACTIVE", "accountType": "Domestic", "institution": "", "meterStatus": "Metered", "brand": "YUONSO", "material": "Plastic", "meterClass": "C", "schemeName": "Rural", "zone": "012 83", "route": "Nuana", "dma": "N/A", "location": "opp Githinji h20", "parcelNo": "708kahiha", "meterSize": "0.5", "remarks": "Installed ", "userId": "31b2fb3c-f8a3-475a-8c2f-518f33fe8576", "latitude": -0.3726764, "longitude": 37.0991194 }, "geometry": { "type": "Point", "coordinates": [ 37.0991194, -0.3726764 ] } },
{ "type": "Feature", "properties": { "id": "78fd4077-d899-442c-814f-f613a3e75858", "accountNo": "08972", "name": "WACHIRA RERIANI", "phone": "254720847400", "meterNo": "181503274", "accountStatus": "ACTIVE", "accountType": "Domestic", "institution": "N/A", "meterStatus": "METERED", "brand": "YUONSO", "material": "PLASTIC", "meterClass": "B", "schemeName": "Rural", "zone": "012 83", "route": "077 KAGATI", "dma": "N/A", "location": "Along MCA road", "parcelNo": null, "meterSize": "0.5", "remarks": null, "userId": null, "latitude": -0.4033634, "longitude": 37.0672713 }, "geometry": { "type": "Point", "coordinates": [ 37.0672713, -0.4033634 ] } },
{ "type": "Feature", "properties": { "id": "f5c0e458-6a28-460b-9b16-c397c3fbc141", "accountNo": "09118", "name": "WAMAI  KAMARA", "phone": "254717160301", "meterNo": "19013743", "accountStatus": "ACTIVE", "accountType": "Domestic", "institution": null, "meterStatus": "METERED", "brand": "Younio", "material": "Polymer", "meterClass": "C", "schemeName": "Rural", "zone": "013 84", "route": "07- MARIA SECOND LANE", "dma": "N/A", "location": "Inside", "parcelNo": null, "meterSize": "0.5", "remarks": null, "userId": null, "latitude": -0.3985573, "longitude": 37.0804154 }, "geometry": { "type": "Point", "coordinates": [ 37.0804154, -0.3985573 ] } },
{ "type": "Feature", "properties": { "id": "bdc49bff-251b-4232-8abf-bb004bfe6860", "accountNo": "25283", "name": "ISAAC MAINA MURIUKI", "phone": "254729784624", "meterNo": "19095563", "accountStatus": "ACTIVE", "accountType": "Domestic", "institution": null, "meterStatus": "METERED", "brand": "YUONSO", "material": "PLASTIC", "meterClass": "B", "schemeName": null, "zone": "012 83", "route": "012 83-KIAMARIGA LOWER DMA", "dma": "Kiamariga Lower", "location": null, "parcelNo": null, "meterSize": "0.5", "remarks": null, "userId": null, "latitude": -0.3859661, "longitude": 37.0817599 }, "geometry": { "type": "Point", "coordinates": [ 37.0817599, -0.3859661 ] } },
{ "type": "Feature", "properties": { "id": "f5c0e458-6a28-460b-9b16-c397c8fbb210", "accountNo": "25284", "name": "CHARLES MWANGI NDERITU", "phone": "254712379042", "meterNo": "19095562", "accountStatus": "ACTIVE", "accountType": "Domestic", "institution": null, "meterStatus": "METERED", "brand": "Younso", "material": "plastic", "meterClass": "B", "schemeName": "Rural", "zone": "013 84", "route": "082 KABIRUINI", "dma": "N/A", "location": "along njathaini road", "parcelNo": null, "meterSize": "0.5", "remarks": "OK", "userId": null, "latitude": -0.3930833, "longitude": 37.094125 }, "geometry": { "type": "Point", "coordinates": [ 37.094125, -0.3930833 ] } },
{ "type": "Feature", "properties": { "id": "af4a4a84-72cd-449d-bab2-412b7145e4de", "accountNo": "28446", "name": "JOYCE NJERI WAWERU", "phone": "254724481100", "meterNo": "25038840", "accountStatus": "ACTIVE", "accountType": "Domestic", "institution": "", "meterStatus": "Metered", "brand": "YUONSO", "material": "Polymer", "meterClass": "B", "schemeName": "Rural", "zone": "012 83", "route": "258 NJATHEINI", "dma": "Kangongoro", "location": "Njathaini", "parcelNo": "507", "meterSize": "0.5", "remarks": "connected", "userId": "b603ea33-b3cb-48cf-866a-6e21fd20370e", "latitude": -0.3912558, "longitude": 37.1007495 }, "geometry": { "type": "Point", "coordinates": [ 37.1007495, -0.3912558 ] } },
{ "type": "Feature", "properties": { "id": "96d9a4b3-fa96-446e-82be-8bc27123ae27", "accountNo": "25329", "name": "ISAAC NJOROGE KAMABI", "phone": "254723901312", "meterNo": "19096361", "accountStatus": "ACTIVE", "accountType": "Domestic", "institution": null, "meterStatus": "METERED", "brand": "YUONSO", "material": "PLASTIC", "meterClass": "B", "schemeName": null, "zone": "012 83", "route": "076 KIAMARIGA", "dma": "N/A", "location": "along Rangi road ", "parcelNo": null, "meterSize": "0.5", "remarks": null, "userId": null, "latitude": -0.3848995, "longitude": 37.0877178 }, "geometry": { "type": "Point", "coordinates": [ 37.0877178, -0.3848995 ] } },
{ "type": "Feature", "properties": { "id": "8275544d-5d74-4073-afe3-8658829151ca", "accountNo": "28504", "name": "DAVIDSON NGATIA MWANIKI", "phone": "254720319424", "meterNo": "25042336", "accountStatus": "NEW", "accountType": "Domestic", "institution": "", "meterStatus": "Metered", "brand": "YUONSO", "material": "Plastic", "meterClass": "C", "schemeName": "Rural", "zone": "013 84", "route": "089 NJATHEINI", "dma": "Kangongoro", "location": "behind Jeff", "parcelNo": "1667 Ruguru/Kiamariga ", "meterSize": "0.5", "remarks": "Installed ", "userId": "31b2fb3c-f8a3-475a-8c2f-518f33fe8576", "latitude": -0.3925967, "longitude": 37.09754 }, "geometry": { "type": "Point", "coordinates": [ 37.09754, -0.3925967 ] } },
{ "type": "Feature", "properties": { "id": "1c0ac702-7f51-4531-b53a-c98f1710d405", "accountNo": "20914", "name": "JOSEPH MATHENGE WANJOHI", "phone": "254713979371", "meterNo": "160400196", "accountStatus": "ACTIVE", "accountType": "Domestic", "institution": null, "meterStatus": "METERED", "brand": "YUONSO", "material": "PLASTIC", "meterClass": "B", "schemeName": null, "zone": "012 83", "route": "013- BEHIND COFFEE FACTORY", "dma": "Factory Line", "location": null, "parcelNo": "0", "meterSize": "0.5", "remarks": null, "userId": null, "latitude": -0.3893331, "longitude": 37.0789831 }, "geometry": { "type": "Point", "coordinates": [ 37.0789831, -0.3893331 ] } },
{ "type": "Feature", "properties": { "id": "4595bc0b-8b41-4151-b4c0-363980966cec", "accountNo": "28439", "name": "ELIZABETH WANGARI NDIRANGU", "phone": "254711596177", "meterNo": "25038832", "accountStatus": "ACTIVE", "accountType": "Domestic", "institution": "", "meterStatus": "Metered", "brand": "YUONSO", "material": "Plastic", "meterClass": "C", "schemeName": "Rural", "zone": "012 83", "route": "072 KIAIHURU", "dma": "Kiaihuru", "location": "Kiaihuru", "parcelNo": "134", "meterSize": "0.5", "remarks": "new", "userId": "168cf595-aa2d-4640-b148-af8b90c6857c", "latitude": -0.3685606, "longitude": 37.0964563 }, "geometry": { "type": "Point", "coordinates": [ 37.09642505518184, -0.368533260784109 ] } },
{ "type": "Feature", "properties": { "id": "3674880f-cecc-41f3-bfdf-2fea78c41ea5", "accountNo": "25376", "name": "JOSEPH MURIITHI WAHOME", "phone": "254721579083", "meterNo": "19095544", "accountStatus": "ACTIVE", "accountType": "Domestic", "institution": null, "meterStatus": "METERED", "brand": "YUONSO", "material": "PLASTIC", "meterClass": "B", "schemeName": null, "zone": "012 83", "route": "012 83-KIAMARIGA LOWER DMA", "dma": "Kiamariga Lower", "location": null, "parcelNo": null, "meterSize": "0.5", "remarks": null, "userId": null, "latitude": -0.3869719, "longitude": 37.0780608 }, "geometry": { "type": "Point", "coordinates": [ 37.0780608, -0.3869719 ] } },
{ "type": "Feature", "properties": { "id": "22e7903b-1ff8-4ef5-abc8-cc7714fdc5e8", "accountNo": "28409", "name": "JAMES MWANGI KABARI", "phone": "254726072946", "meterNo": "25040323", "accountStatus": "ACTIVE", "accountType": "Domestic", "institution": "", "meterStatus": "Metered", "brand": "YUONSO", "material": "Plastic", "meterClass": "C", "schemeName": "Rural", "zone": "012 83", "route": "072 KIAIHURU", "dma": "Gichoru", "location": "Gichoru", "parcelNo": "", "meterSize": "0.5", "remarks": "new", "userId": "168cf595-aa2d-4640-b148-af8b90c6857c", "latitude": -0.3784953, "longitude": 37.1035948 }, "geometry": { "type": "Point", "coordinates": [ 37.1035948, -0.3784953 ] } },
{ "type": "Feature", "properties": { "id": "f5c0e458-6a28-460b-9b16-c397c8fbc238", "accountNo": "25716", "name": "SAMUEL GATHU NDEGWA", "phone": "254721614043", "meterNo": "21067322", "accountStatus": "ACTIVE", "accountType": "Domestic", "institution": null, "meterStatus": "METERED", "brand": "YUONSO", "material": "Polymer", "meterClass": "A", "schemeName": "Rural", "zone": "012 83", "route": "012 83-KIAMARIGA LOWER DMA", "dma": "N/A", "location": "inside the plot", "parcelNo": null, "meterSize": "0.5", "remarks": "OK", "userId": null, "latitude": -0.3828206, "longitude": 37.0851384 }, "geometry": { "type": "Point", "coordinates": [ 37.0851384, -0.3828206 ] } },
{ "type": "Feature", "properties": { "id": "116e349b-3845-445e-b199-0a7ed396bcf5", "accountNo": "25840", "name": "GLADYS MUMBI GITHINJI", "phone": "254714084789", "meterNo": "21065198", "accountStatus": "ACTIVE", "accountType": "Domestic", "institution": null, "meterStatus": "METERED", "brand": "YUONSO", "material": "PLASTIC", "meterClass": "B", "schemeName": null, "zone": "012 83", "route": "012 83-KIAMARIGA LOWER DMA", "dma": "Kiamariga Lower", "location": null, "parcelNo": null, "meterSize": "0.5", "remarks": null, "userId": null, "latitude": -0.3864654, "longitude": 37.0779785 }, "geometry": { "type": "Point", "coordinates": [ 37.0779785, -0.3864654 ] } },
{ "type": "Feature", "properties": { "id": "a6d66531-1f18-44af-b716-52101f864bb2", "accountNo": "28462", "name": "LEWIS GATIMU MWANGI", "phone": "254742149735", "meterNo": "25041847", "accountStatus": "ACTIVE", "accountType": "Domestic", "institution": "", "meterStatus": "Metered", "brand": "YUONSO", "material": "Polymer", "meterClass": "C", "schemeName": "Rural", "zone": "013 84", "route": "082 KABIRUINI", "dma": "King'ukiro", "location": "Kabiruini", "parcelNo": "2740", "meterSize": "0.5", "remarks": "connected", "userId": "b603ea33-b3cb-48cf-866a-6e21fd20370e", "latitude": -0.3981554, "longitude": 37.0902144 }, "geometry": { "type": "Point", "coordinates": [ 37.0902144, -0.3981554 ] } },
{ "type": "Feature", "properties": { "id": "f5c0e458-6a28-460b-9b16-c397c8fbc399", "accountNo": "26451", "name": "ROSE NJERI WERU", "phone": "254710725165", "meterNo": "160400189", "accountStatus": "ACTIVE", "accountType": "Domestic", "institution": null, "meterStatus": "METERED", "brand": "YUONSO", "material": "Plastic", "meterClass": "B", "schemeName": "Rural", "zone": "013 84", "route": "082 KABIRUINI", "dma": "N/A", "location": null, "parcelNo": null, "meterSize": "0.5", "remarks": null, "userId": null, "latitude": -0.4049228, "longitude": 37.0908373 }, "geometry": { "type": "Point", "coordinates": [ 37.0908373, -0.4049228 ] } },
{ "type": "Feature", "properties": { "id": "f5c0e458-6a28-460b-9b16-c397c4fbc931", "accountNo": "00531", "name": "MARTIN WANDETO KIRITU", "phone": "254723725328", "meterNo": "21109317", "accountStatus": "ACTIVE", "accountType": "Domestic", "institution": null, "meterStatus": "METERED", "brand": "Yuonso", "material": null, "meterClass": null, "schemeName": "Rural", "zone": "013 84", "route": "089 NJATHEINI", "dma": "N/A", "location": null, "parcelNo": "1", "meterSize": "0.5", "remarks": null, "userId": null, "latitude": -0.38639733, "longitude": 37.109905 }, "geometry": { "type": "Point", "coordinates": [ 37.109905, -0.38639733 ] } },
{ "type": "Feature", "properties": { "id": "f4ceab36-2bbf-4a51-876e-d215b137613c", "accountNo": "27355", "name": "JECINTA NYOKABI NDIRITU", "phone": "254710492645", "meterNo": "33178554", "accountStatus": "ACTIVE", "accountType": "Domestic", "institution": "ACTIVE", "meterStatus": "METERED", "brand": "YUONSO", "material": "PLASTIC", "meterClass": "B", "schemeName": null, "zone": "012 83", "route": "076 KIAMARIGA", "dma": "Factory Line", "location": "neighbors Gospel Outreach church Kiamariga", "parcelNo": null, "meterSize": "0.5", "remarks": "Installed ", "userId": null, "latitude": -0.3879395, "longitude": 37.0824481 }, "geometry": { "type": "Point", "coordinates": [ 37.0824481, -0.3879395 ] } },
{ "type": "Feature", "properties": { "id": "4bfac597-e441-454a-bbfc-7d554ffaa27b", "accountNo": "09012", "name": "WAHOME KAGOMO", "phone": "254715397479", "meterNo": "22035236", "accountStatus": "ACTIVE", "accountType": "Domestic", "institution": null, "meterStatus": "METERED", "brand": "YUONSO", "material": "PLASTIC", "meterClass": "B", "schemeName": null, "zone": "012 83", "route": "013- BEHIND COFFEE FACTORY", "dma": "Factory Line", "location": null, "parcelNo": null, "meterSize": "0.5", "remarks": null, "userId": null, "latitude": -0.3887859, "longitude": 37.0807552 }, "geometry": { "type": "Point", "coordinates": [ 37.0807552, -0.3887859 ] } },
{ "type": "Feature", "properties": { "id": "6346851f-ca63-4c75-ae83-e56f76826e7b", "accountNo": "21050", "name": "SOLOMON KAGORI WAHOME", "phone": "254723910708", "meterNo": "16001364", "accountStatus": "ACTIVE", "accountType": "Domestic", "institution": null, "meterStatus": "METERED", "brand": "YUONSO", "material": "Plastic", "meterClass": "C", "schemeName": "Rural", "zone": "012 83", "route": "077 KAGATI", "dma": "Factory Line", "location": "along the fence", "parcelNo": null, "meterSize": "0.5", "remarks": "mapped", "userId": null, "latitude": -0.39048, "longitude": 37.0720233 }, "geometry": { "type": "Point", "coordinates": [ 37.0720233, -0.39048 ] } },
{ "type": "Feature", "properties": { "id": "f5c0e458-6a28-460b-9b16-c397c3fbc099", "accountNo": "08518", "name": "CHARLES MAINA GICHURI", "phone": "254729084299", "meterNo": "19013481", "accountStatus": "ACTIVE", "accountType": "Domestic", "institution": null, "meterStatus": "METERED", "brand": "Younio", "material": "Polymer", "meterClass": null, "schemeName": "Rural", "zone": "013 84", "route": "012 83-KANGOGORO DMA", "dma": "Kangongoro", "location": null, "parcelNo": null, "meterSize": "0.5", "remarks": null, "userId": null, "latitude": -0.391282, "longitude": 37.0971394 }, "geometry": { "type": "Point", "coordinates": [ 37.0971394, -0.391282 ] } },
{ "type": "Feature", "properties": { "id": "eec0ffcc-5d91-482c-b887-683be6d849d7", "accountNo": "00104", "name": "KIAMARIGA  SHAMBA  STORE -commercial plot", "phone": "254728923271", "meterNo": "1501406517", "accountStatus": "ACTIVE", "accountType": "Domestic", "institution": null, "meterStatus": "METERED", "brand": "YUONSO", "material": "PLASTIC", "meterClass": "B", "schemeName": null, "zone": "012 83", "route": "012 83-KIAMARIGA LOWER DMA", "dma": "Kiamariga Lower", "location": null, "parcelNo": "0", "meterSize": "0.5", "remarks": null, "userId": null, "latitude": -0.3864598, "longitude": 37.0830769 }, "geometry": { "type": "Point", "coordinates": [ 37.0830769, -0.3864598 ] } },
{ "type": "Feature", "properties": { "id": "cbf45a16-17f9-432d-a08b-1ea15597d42e", "accountNo": "00368", "name": "MICHAEL WAHOME WANJIKU", "phone": "254722573556", "meterNo": "16031295", "accountStatus": "ACTIVE", "accountType": "Domestic", "institution": null, "meterStatus": "METERED", "brand": "YUONSO", "material": "PLASTIC", "meterClass": "B", "schemeName": null, "zone": "012 83", "route": "075 KIANJAU", "dma": "N/A", "location": "along rangi road, red gate", "parcelNo": null, "meterSize": "0.5", "remarks": null, "userId": null, "latitude": -0.3805539, "longitude": 37.0977863 }, "geometry": { "type": "Point", "coordinates": [ 37.0977863, -0.3805539 ] } },
{ "type": "Feature", "properties": { "id": "f5c0e458-6a28-460b-9b16-c397c4fbc193", "accountNo": "00459", "name": "ISABELLA WANGU", "phone": "254722675466", "meterNo": "1501347417", "accountStatus": "ACTIVE", "accountType": "Domestic", "institution": null, "meterStatus": "METERED", "brand": "yuonso", "material": "plastic", "meterClass": "b", "schemeName": "Rural", "zone": "013 84", "route": "186 MARIA", "dma": "N/A", "location": "kabiruini junction", "parcelNo": null, "meterSize": "0.5", "remarks": "OK", "userId": null, "latitude": -0.3934567, "longitude": 37.086985 }, "geometry": { "type": "Point", "coordinates": [ 37.086985, -0.3934567 ] } },
{ "type": "Feature", "properties": { "id": "12b7b954-afdf-4e6c-b573-0da35a96ad60", "accountNo": "07885", "name": "NYAGUTHII KARURI", "phone": "254718221741", "meterNo": "22035089", "accountStatus": "ACTIVE", "accountType": "Domestic", "institution": null, "meterStatus": "METERED", "brand": "YUONSO", "material": null, "meterClass": "B", "schemeName": null, "zone": "013 84", "route": "013 84-KINGUKIRO", "dma": "N/A", "location": null, "parcelNo": null, "meterSize": "0.5", "remarks": null, "userId": null, "latitude": -0.394805, "longitude": 37.0929817 }, "geometry": { "type": "Point", "coordinates": [ 37.0929817, -0.394805 ] } },
{ "type": "Feature", "properties": { "id": "7d59a6c6-44b3-454a-a48e-5c23d9ef8ec2", "accountNo": "20233", "name": "GEORGE KIBUCHI NJEGE", "phone": "254729365741", "meterNo": "15035486", "accountStatus": "ACTIVE", "accountType": "Domestic", "institution": null, "meterStatus": "METERED", "brand": "YUONSO", "material": "PLASTIC", "meterClass": "B", "schemeName": null, "zone": "012 83", "route": "131 RANGI", "dma": "N/A", "location": "along rangi road ", "parcelNo": "0", "meterSize": "0.5", "remarks": null, "userId": null, "latitude": -0.3805292, "longitude": 37.0994575 }, "geometry": { "type": "Point", "coordinates": [ 37.0994575, -0.3805292 ] } },
{ "type": "Feature", "properties": { "id": "f5c0e458-6a28-460b-9b16-c397c7fbc024", "accountNo": "19911", "name": "M/S BEATRICE WAMBUI MAINA", "phone": "254712075886", "meterNo": "14067062", "accountStatus": "ACTIVE", "accountType": "Domestic", "institution": null, "meterStatus": "METERED", "brand": "Younio", "material": "Polymer", "meterClass": "C", "schemeName": "Rural", "zone": "013 84", "route": "012 83-KANGOGORO DMA", "dma": "Kangongoro", "location": "Inside", "parcelNo": "0", "meterSize": "0.5", "remarks": null, "userId": null, "latitude": -0.3914452, "longitude": 37.1015197 }, "geometry": { "type": "Point", "coordinates": [ 37.1015197, -0.3914452 ] } },
{ "type": "Feature", "properties": { "id": "f5c0e458-6a28-460b-9b16-c397c2fbc929", "accountNo": "23327", "name": "P.C.E.A RUGURU PARISH", "phone": "254724321118", "meterNo": "19014141", "accountStatus": "ACTIVE", "accountType": "Domestic", "institution": null, "meterStatus": "METERED", "brand": "Younio", "material": "Polymer", "meterClass": "C", "schemeName": "Rural", "zone": "013 84", "route": "082 KABIRUINI", "dma": "N/A", "location": "Inside", "parcelNo": null, "meterSize": "0.5", "remarks": null, "userId": null, "latitude": -0.3942092, "longitude": 37.0897324 }, "geometry": { "type": "Point", "coordinates": [ 37.0897324, -0.3942092 ] } },
{ "type": "Feature", "properties": { "id": "000218fe-48ff-45fa-b519-f49107d4ffd0", "accountNo": "00354", "name": "MICHAEL KAGUAMBA GACHARI", "phone": "254722127871", "meterNo": null, "accountStatus": "SEALED", "accountType": "Domestic", "institution": null, "meterStatus": null, "brand": null, "material": null, "meterClass": null, "schemeName": "Rural", "zone": "012 83", "route": "074 NYANA", "dma": "N/A", "location": null, "parcelNo": null, "meterSize": null, "remarks": "no water", "userId": null, "latitude": -0.3737782, "longitude": 37.1045316 }, "geometry": { "type": "Point", "coordinates": [ 37.1045316, -0.3737782 ] } },
{ "type": "Feature", "properties": { "id": "21ebf623-528f-417a-acaa-0d84773e85f4", "accountNo": "09399", "name": "MARY WAIYEGO MWANGI", "phone": "254722281563", "meterNo": "21111906", "accountStatus": "ACTIVE", "accountType": "Domestic", "institution": null, "meterStatus": "METERED", "brand": null, "material": null, "meterClass": null, "schemeName": null, "zone": "013 84", "route": "082 KABIRUINI", "dma": "N/A", "location": "near the road", "parcelNo": null, "meterSize": "0.5", "remarks": "sealed", "userId": null, "latitude": -0.3946683, "longitude": 37.0938833 }, "geometry": { "type": "Point", "coordinates": [ 37.0938833, -0.3946683 ] } },
{ "type": "Feature", "properties": { "id": "f7e85112-18db-410c-95cf-8e2aa2cee2b2", "accountNo": "20492", "name": "DAMARIS WANJIKU KANJA", "phone": "254724912791", "meterNo": "150900219", "accountStatus": "ACTIVE", "accountType": "Domestic", "institution": null, "meterStatus": "METERED", "brand": "YUONSO", "material": "Plastic", "meterClass": "C", "schemeName": "Rural", "zone": "013 84", "route": "017- BEHIND NJATHEINI PRIMARY SCHOOL", "dma": "N/A", "location": "Along the fence", "parcelNo": null, "meterSize": "0.5", "remarks": null, "userId": null, "latitude": -0.3893039, "longitude": 37.1077791 }, "geometry": { "type": "Point", "coordinates": [ 37.1077791, -0.3893039 ] } },
{ "type": "Feature", "properties": { "id": "d9201690-6931-4ddd-b405-169f670e99cd", "accountNo": "24817", "name": "LYDIA MURUGI MBUI", "phone": "254722630446", "meterNo": "19096328", "accountStatus": "ACTIVE", "accountType": "Domestic", "institution": null, "meterStatus": "METERED", "brand": "YUONSO", "material": "Plastic", "meterClass": "B", "schemeName": "Rural", "zone": "013 84", "route": "187 MUTIINI", "dma": "N/A", "location": "near the fence", "parcelNo": null, "meterSize": "0.5", "remarks": "mapped", "userId": null, "latitude": -0.3985717, "longitude": 37.0853667 }, "geometry": { "type": "Point", "coordinates": [ 37.0853667, -0.3985717 ] } },
{ "type": "Feature", "properties": { "id": "640fcde4-9b67-4a30-8078-3f7d4688ca00", "accountNo": "25288", "name": "RACHEL WANJIRU MUTHEE", "phone": "254720317107", "meterNo": "19095570", "accountStatus": "ACTIVE", "accountType": "Domestic", "institution": null, "meterStatus": "METERED", "brand": "YUONSO", "material": "PLASTIC", "meterClass": "B", "schemeName": null, "zone": "012 83", "route": "012 83-KIAMARIGA LOWER DMA", "dma": "Kiamariga Lower", "location": null, "parcelNo": null, "meterSize": "0.5", "remarks": null, "userId": null, "latitude": -0.3859171, "longitude": 37.0781967 }, "geometry": { "type": "Point", "coordinates": [ 37.0781967, -0.3859171 ] } },
{ "type": "Feature", "properties": { "id": "58025d70-64da-4134-bdb6-3421b46a58fe", "accountNo": "25297", "name": "ESTHER WAITHIRA GATHUNGU", "phone": "254728923271", "meterNo": "19095172", "accountStatus": "ACTIVE", "accountType": "Domestic", "institution": null, "meterStatus": "METERED", "brand": "YUONSO", "material": "PLASTIC", "meterClass": "B", "schemeName": null, "zone": "012 83", "route": "012 83-KIAMARIGA LOWER DMA", "dma": "Kiamariga Lower", "location": null, "parcelNo": null, "meterSize": "0.5", "remarks": null, "userId": null, "latitude": -0.3868317, "longitude": 37.0775964 }, "geometry": { "type": "Point", "coordinates": [ 37.0775964, -0.3868317 ] } },
{ "type": "Feature", "properties": { "id": "f5c0e458-6a28-460b-9b16-c397c7fbc652", "accountNo": "25303", "name": "MARY WATHIHA MATINDIRA", "phone": "254721562364", "meterNo": "19094291", "accountStatus": "ACTIVE", "accountType": "Domestic", "institution": null, "meterStatus": "METERED", "brand": "yuonso", "material": "plastic", "meterClass": "b", "schemeName": "Rural", "zone": "013 84", "route": "082 KABIRUINI", "dma": "N/A", "location": "kabiruini junction", "parcelNo": null, "meterSize": "0.5", "remarks": "OK", "userId": null, "latitude": -0.3938459, "longitude": 37.0868649 }, "geometry": { "type": "Point", "coordinates": [ 37.0868649, -0.3938459 ] } },
{ "type": "Feature", "properties": { "id": "31b7ab82-a8c2-4d09-ba74-7931827913d1", "accountNo": "25382", "name": "DORCAS NYATHIRA KITHINJI", "phone": "254720626152", "meterNo": "19095545", "accountStatus": "ACTIVE", "accountType": "Domestic", "institution": null, "meterStatus": "METERED", "brand": "YUONSO", "material": "PLASTIC", "meterClass": "B", "schemeName": null, "zone": "012 83", "route": "012 83-KIAMARIGA LOWER DMA", "dma": "Kiamariga Lower", "location": null, "parcelNo": null, "meterSize": "0.5", "remarks": null, "userId": null, "latitude": -0.3870067, "longitude": 37.0783667 }, "geometry": { "type": "Point", "coordinates": [ 37.0783667, -0.3870067 ] } },
{ "type": "Feature", "properties": { "id": "b8fd3c53-0eb7-44b5-be66-73de53feb28c", "accountNo": "25383", "name": "HILDAH NYAGUTHII KARIUKI", "phone": "254791260575", "meterNo": "19095548", "accountStatus": "ACTIVE", "accountType": "Domestic", "institution": null, "meterStatus": "METERED", "brand": "YUONSO", "material": "PLASTIC", "meterClass": "B", "schemeName": null, "zone": "012 83", "route": "012 83-KIAMARIGA LOWER DMA", "dma": "Kiamariga Lower", "location": null, "parcelNo": null, "meterSize": "0.5", "remarks": null, "userId": null, "latitude": -0.3867508, "longitude": 37.0780476 }, "geometry": { "type": "Point", "coordinates": [ 37.0780476, -0.3867508 ] } },
{ "type": "Feature", "properties": { "id": "f5c0e458-6a28-460b-9b16-c397c4fbc471", "accountNo": "19900", "name": "MARGARET WANJIRU MWERI", "phone": "254729230566", "meterNo": "15002876", "accountStatus": "ACTIVE", "accountType": "Domestic", "institution": null, "meterStatus": "METERED", "brand": "Younio", "material": "Polymer", "meterClass": "C", "schemeName": "Rural", "zone": "013 84", "route": "012 83-KANGOGORO DMA", "dma": "Kangongoro", "location": "Outside", "parcelNo": "500", "meterSize": "0.5", "remarks": null, "userId": null, "latitude": -0.3901209, "longitude": 37.1030161 }, "geometry": { "type": "Point", "coordinates": [ 37.1030161, -0.3901209 ] } },
{ "type": "Feature", "properties": { "id": "725bba6d-5f73-42a6-b26f-a578ce505a0b", "accountNo": "25384", "name": "REGINAH NYAGUTHII KIIRU", "phone": "254707274893", "meterNo": "19094523", "accountStatus": "ACTIVE", "accountType": "Domestic", "institution": null, "meterStatus": "METERED", "brand": "YUONSO", "material": "Plastic", "meterClass": "C", "schemeName": "Rural", "zone": "013 84", "route": "187 MUTIINI", "dma": "N/A", "location": "Near the fence", "parcelNo": null, "meterSize": "0.5", "remarks": null, "userId": null, "latitude": -0.3983579, "longitude": 37.0829194 }, "geometry": { "type": "Point", "coordinates": [ 37.0829194, -0.3983579 ] } },
{ "type": "Feature", "properties": { "id": "f5c0e458-6a28-460b-9b16-c397c8fbb193", "accountNo": "25887", "name": "JOHN NDIRANGU GITHUI", "phone": "254721231735", "meterNo": "21108931", "accountStatus": "ACTIVE", "accountType": "Domestic", "institution": null, "meterStatus": "METERED", "brand": "younso", "material": "plastic", "meterClass": "b", "schemeName": "Rural", "zone": "012 83", "route": "013- KIAMARIGA TOWN (Upper Side)", "dma": "N/A", "location": "near the gate", "parcelNo": null, "meterSize": "0.5", "remarks": "OK", "userId": null, "latitude": -0.3842952, "longitude": 37.0844339 }, "geometry": { "type": "Point", "coordinates": [ 37.0844339, -0.3842952 ] } },
{ "type": "Feature", "properties": { "id": "3efe8998-de29-4b2c-9eb7-235f298a4558", "accountNo": "26061", "name": "MIRIAM GATHIGIA MUKABURA", "phone": "254718318482", "meterNo": "21112915", "accountStatus": "ACTIVE", "accountType": "Domestic", "institution": null, "meterStatus": "METERED", "brand": "YUONSO", "material": "Plastic", "meterClass": "C", "schemeName": "Rural", "zone": "013 84", "route": "013 84-KINGUKIRO", "dma": "N/A", "location": "Along the fence ", "parcelNo": null, "meterSize": "0.5", "remarks": null, "userId": null, "latitude": -0.394101, "longitude": 37.0983618 }, "geometry": { "type": "Point", "coordinates": [ 37.0983618, -0.394101 ] } },
{ "type": "Feature", "properties": { "id": "a1e6c975-d4b1-4df7-a808-bdf77ebfcd58", "accountNo": "26271", "name": "PEFA CHURCH KABIRUINI", "phone": "254724565567", "meterNo": "23177143", "accountStatus": "ACTIVE", "accountType": "Domestic", "institution": null, "meterStatus": "UNMETERED", "brand": "YUONSO", "material": "Plastic", "meterClass": "B", "schemeName": "Rural", "zone": "013 84", "route": "082 KABIRUINI", "dma": "King'ukiro", "location": "PEFA Church", "parcelNo": null, "meterSize": "0.5", "remarks": null, "userId": null, "latitude": -0.3968117, "longitude": 37.0900017 }, "geometry": { "type": "Point", "coordinates": [ 37.0900017, -0.3968117 ] } },
{ "type": "Feature", "properties": { "id": "06ff02b8-46c1-4c8c-a5b7-b15ff90f945a", "accountNo": "26273", "name": "LUCY NYAGUTHII MAINA", "phone": "254706099901", "meterNo": "23178201", "accountStatus": "ACTIVE", "accountType": "Domestic", "institution": null, "meterStatus": "METERED", "brand": "YUONSO", "material": "Plastic", "meterClass": "C", "schemeName": "Rural", "zone": "013 84", "route": "082 KABIRUINI", "dma": "N/A", "location": "Near PEOPLES CHURCH KABIRUINI", "parcelNo": "532", "meterSize": "0.5", "remarks": "Installed ", "userId": null, "latitude": -0.3946817, "longitude": 37.0946083 }, "geometry": { "type": "Point", "coordinates": [ 37.0946083, -0.3946817 ] } },
{ "type": "Feature", "properties": { "id": "e810b82c-99a4-4265-9bf5-2afa06151916", "accountNo": "26308", "name": "JULIATA WANJUGU KINYUA", "phone": "254729201070", "meterNo": "21112271", "accountStatus": "ACTIVE", "accountType": "Domestic", "institution": "N/A", "meterStatus": "METERED", "brand": "YUONSO", "material": "PLASTIC", "meterClass": "B", "schemeName": "Rural", "zone": "012 83", "route": "183 GICHORU", "dma": "N/A", "location": "Along Gichoru road ", "parcelNo": null, "meterSize": "0.5", "remarks": null, "userId": null, "latitude": -0.3840986, "longitude": 37.1032344 }, "geometry": { "type": "Point", "coordinates": [ 37.1032344, -0.3840986 ] } },
{ "type": "Feature", "properties": { "id": "f5c0e458-6a28-460b-9b16-c397c1fbc609", "accountNo": "26386", "name": "LUCY WANGU GITHAE", "phone": "254718803488", "meterNo": "17083009", "accountStatus": "SEALED", "accountType": "Domestic", "institution": null, "meterStatus": "METERED", "brand": "younso", "material": "plastic", "meterClass": "B", "schemeName": "Rural", "zone": "013 84", "route": "089 NJATHEINI", "dma": "N/A", "location": "Njatheini tank area", "parcelNo": null, "meterSize": "0.5", "remarks": null, "userId": null, "latitude": -0.3871618, "longitude": 37.1089816 }, "geometry": { "type": "Point", "coordinates": [ 37.1089816, -0.3871618 ] } },
{ "type": "Feature", "properties": { "id": "f5c0e458-6a28-460b-9b16-c397c2fbc878", "accountNo": "26413", "name": "VERONICAH GATHIGIA GICHUKI", "phone": "254704869965", "meterNo": "22034502", "accountStatus": "ACTIVE", "accountType": "Domestic", "institution": null, "meterStatus": "METERED", "brand": "younso ", "material": "plastic ", "meterClass": "b", "schemeName": "Rural", "zone": "013 84", "route": "KANGOGORO DMA", "dma": "N/A", "location": "Behind opposite Paul's shop iron sheets home ", "parcelNo": null, "meterSize": "0.5", "remarks": "OK", "userId": null, "latitude": -0.3894465, "longitude": 37.1098015 }, "geometry": { "type": "Point", "coordinates": [ 37.1098015, -0.3894465 ] } },
{ "type": "Feature", "properties": { "id": "a35d4e2b-2af2-4462-a144-ac34eb72258b", "accountNo": "26427", "name": "WASHINGTON MAINA NJOGU", "phone": "254712872880", "meterNo": "9035284", "accountStatus": "ACTIVE", "accountType": "Domestic", "institution": null, "meterStatus": "METERED", "brand": "YUONSO", "material": "PLASTIC", "meterClass": "B", "schemeName": null, "zone": "012 83", "route": "076 KIAMARIGA", "dma": "N/A", "location": null, "parcelNo": null, "meterSize": "0.5", "remarks": null, "userId": null, "latitude": -0.3847202, "longitude": 37.0816088 }, "geometry": { "type": "Point", "coordinates": [ 37.0816088, -0.3847202 ] } },
{ "type": "Feature", "properties": { "id": "f5c0e458-6a28-460b-9b16-c397c8fbb758", "accountNo": "26531", "name": "REGINAH NYAWIRA KABIRA", "phone": "254725209377", "meterNo": "22035238", "accountStatus": "ACTIVE", "accountType": "Domestic", "institution": null, "meterStatus": "METERED", "brand": "YUONSO", "material": "Plastic", "meterClass": "B", "schemeName": "Rural", "zone": "012 83", "route": "012 83-KIAMARIGA LOWER DMA", "dma": "N/A", "location": "behind mawasco office", "parcelNo": null, "meterSize": "0.5", "remarks": null, "userId": null, "latitude": -0.3863707, "longitude": 37.0773292 }, "geometry": { "type": "Point", "coordinates": [ 37.0773292, -0.3863707 ] } },
{ "type": "Feature", "properties": { "id": "ccdb2af3-8b4e-443f-a4fe-9d62b2878a24", "accountNo": "00050", "name": "FRED  NDEREBA  NGATIA", "phone": "254713418832", "meterNo": "02-321958", "accountStatus": "ACTIVE", "accountType": "Domestic", "institution": null, "meterStatus": "METERED", "brand": "YUONSO", "material": "POLYMER", "meterClass": "A", "schemeName": null, "zone": "012 83", "route": "KIAIHURU DMA", "dma": "N/A", "location": null, "parcelNo": "0", "meterSize": "0.5", "remarks": null, "userId": null, "latitude": -0.3722883, "longitude": 37.0853133 }, "geometry": { "type": "Point", "coordinates": [ 37.0853133, -0.3722883 ] } },
{ "type": "Feature", "properties": { "id": "1c0f466a-76e1-4423-b62e-b9facaac34a8", "accountNo": "00240", "name": "STEPHEN KIMONDO KARUKU", "phone": "254724177398", "meterNo": "2110343", "accountStatus": "ACTIVE", "accountType": "Domestic", "institution": null, "meterStatus": "METERED", "brand": "YUONSO", "material": "Plastic", "meterClass": "C", "schemeName": "Rural", "zone": "012 83", "route": "183 GICHORU", "dma": "N/A", "location": "in the coffee plantation ", "parcelNo": null, "meterSize": "0.5", "remarks": null, "userId": null, "latitude": -0.3823198, "longitude": 37.103621 }, "geometry": { "type": "Point", "coordinates": [ 37.103621, -0.3823198 ] } },
{ "type": "Feature", "properties": { "id": "dc2bd7fd-fe7e-4ce7-a658-c1143856b0fc", "accountNo": "00312", "name": "MIRIAM NYAWIRA MBIGA", "phone": "254712740863", "meterNo": "22035086", "accountStatus": "ACTIVE", "accountType": "Domestic", "institution": null, "meterStatus": "METERED", "brand": "YUONSO", "material": "PLASTIC", "meterClass": "B", "schemeName": null, "zone": "012 83", "route": "131 RANGI", "dma": "N/A", "location": "along Rangi road ", "parcelNo": "713", "meterSize": "0.5", "remarks": null, "userId": null, "latitude": -0.3773433, "longitude": 37.0946701 }, "geometry": { "type": "Point", "coordinates": [ 37.0946701, -0.3773433 ] } },
{ "type": "Feature", "properties": { "id": "839629be-e50f-415d-a664-84539b2b9e93", "accountNo": "08803", "name": "RAHAB NJIRIKU MWANGI", "phone": "254725798720", "meterNo": "17013344", "accountStatus": "ACTIVE", "accountType": "Domestic", "institution": null, "meterStatus": "METERED", "brand": "YUONSO", "material": "PLASTIC", "meterClass": "B", "schemeName": null, "zone": "012 83", "route": "077 KAGATI", "dma": "N/A", "location": null, "parcelNo": null, "meterSize": "0.5", "remarks": null, "userId": null, "latitude": -0.3895053, "longitude": 37.0718185 }, "geometry": { "type": "Point", "coordinates": [ 37.0718185, -0.3895053 ] } },
{ "type": "Feature", "properties": { "id": "f5c0e458-6a28-460b-9b16-c397c2fbc249", "accountNo": "00378", "name": "MATHIRA FARMERS SACCO LTD", "phone": "254727013987", "meterNo": "16034372", "accountStatus": "ACTIVE", "accountType": "Domestic", "institution": null, "meterStatus": "METERED", "brand": "YUONSO", "material": "Polymer", "meterClass": "A", "schemeName": "Rural", "zone": "012 83", "route": "013- BETWEEN HOSPITAL & MAIN ROAD", "dma": "N/A", "location": "beside the house near the stairs", "parcelNo": "2313", "meterSize": "0.5", "remarks": "OK", "userId": null, "latitude": -0.3847945, "longitude": 37.0829483 }, "geometry": { "type": "Point", "coordinates": [ 37.0829483, -0.3847945 ] } },
{ "type": "Feature", "properties": { "id": "3154b5b9-fe3f-487c-8bd1-35fc0dcab9c8", "accountNo": "00400", "name": "ARTHUR MAGONDU MURIITHI", "phone": "254715890043", "meterNo": "21068005", "accountStatus": "ACTIVE", "accountType": "Domestic", "institution": "N/A", "meterStatus": "METERED", "brand": "YUONSO", "material": "PLASTIC", "meterClass": "B", "schemeName": "Rural", "zone": "012 83", "route": "074 NYANA", "dma": "N/A", "location": "along nyana road ", "parcelNo": "1", "meterSize": "0.5", "remarks": null, "userId": null, "latitude": -0.3770495, "longitude": 37.1013237 }, "geometry": { "type": "Point", "coordinates": [ 37.1013237, -0.3770495 ] } },
{ "type": "Feature", "properties": { "id": "6c8d0c4f-cf41-40b9-9c17-b74113dae523", "accountNo": "00439", "name": "FESTUS GITHAIGA GACHUIRI", "phone": "254723880955", "meterNo": "14049027", "accountStatus": "ACTIVE", "accountType": "Institutional", "institution": null, "meterStatus": "METERED", "brand": "YUONSO", "material": "PLASTIC", "meterClass": "B", "schemeName": null, "zone": "012 83", "route": "075 KIANJAU", "dma": "N/A", "location": null, "parcelNo": null, "meterSize": "0.5", "remarks": null, "userId": null, "latitude": -0.3866598, "longitude": 37.0982288 }, "geometry": { "type": "Point", "coordinates": [ 37.0982288, -0.3866598 ] } },
{ "type": "Feature", "properties": { "id": "f5c0e458-6a28-460b-9b16-c397c4fbc670", "accountNo": "19610", "name": "JOSPHAT WAINAINA MAINA", "phone": "254726031120", "meterNo": "14050257", "accountStatus": "ACTIVE", "accountType": "Domestic", "institution": null, "meterStatus": "METERED", "brand": "younso", "material": "plastic", "meterClass": "b", "schemeName": "Rural", "zone": "012 83", "route": "013- KIAMARIGA TOWN (Upper Side)", "dma": "N/A", "location": "inside the plot near the washroom", "parcelNo": null, "meterSize": "0.5", "remarks": "OK", "userId": null, "latitude": -0.3851754, "longitude": 37.0836779 }, "geometry": { "type": "Point", "coordinates": [ 37.0836779, -0.3851754 ] } },
{ "type": "Feature", "properties": { "id": "f5c0e458-6a28-460b-9b16-c397c1fbc497", "accountNo": "00446", "name": "DAVID KAMWARO", "phone": "254716721918", "meterNo": "17132347", "accountStatus": "ACTIVE", "accountType": "Domestic", "institution": null, "meterStatus": "METERED", "brand": "yuonso", "material": "plastic", "meterClass": "b", "schemeName": "Rural", "zone": "013 84", "route": "082 KABIRUINI", "dma": "N/A", "location": "kabiruini junction towards ngorano", "parcelNo": "1", "meterSize": "0.5", "remarks": "OK", "userId": null, "latitude": -0.3938921, "longitude": 37.0860031 }, "geometry": { "type": "Point", "coordinates": [ 37.0860031, -0.3938921 ] } },
{ "type": "Feature", "properties": { "id": "341bdd86-c8f1-43e4-bfd5-157b876a692c", "accountNo": "00450", "name": "WAMUYU  WAMBUGU", "phone": "254718827655", "meterNo": "1501046317", "accountStatus": "ACTIVE", "accountType": "Domestic", "institution": null, "meterStatus": "METERED", "brand": "YUONSO", "material": "Plastic", "meterClass": "B", "schemeName": "Rural", "zone": "013 84", "route": "186 MARIA", "dma": "N/A", "location": "near the gate", "parcelNo": "637", "meterSize": "0.5", "remarks": "active", "userId": null, "latitude": -0.3933117, "longitude": 37.081745 }, "geometry": { "type": "Point", "coordinates": [ 37.081745, -0.3933117 ] } },
{ "type": "Feature", "properties": { "id": "8a24b146-a65e-442b-851e-cfe0fb5d1ab3", "accountNo": "00466", "name": "MAINA MWANGI", "phone": "254720241153", "meterNo": "181502719", "accountStatus": "ACTIVE", "accountType": "Domestic", "institution": null, "meterStatus": "METERED", "brand": "YUONSO", "material": "Plastic", "meterClass": "C", "schemeName": "Rural", "zone": "013 84", "route": "07- MARIA SECOND LANE", "dma": "N/A", "location": "In the farm", "parcelNo": null, "meterSize": "0.5", "remarks": null, "userId": null, "latitude": -0.3987867, "longitude": 37.0768 }, "geometry": { "type": "Point", "coordinates": [ 37.0768, -0.3987867 ] } },
{ "type": "Feature", "properties": { "id": "f5c0e458-6a28-460b-9b16-c397c6fbc481", "accountNo": "09362", "name": "ESTHER MUMBI  KAMBA", "phone": "254726026898", "meterNo": "1500233417", "accountStatus": "ACTIVE", "accountType": "Domestic", "institution": null, "meterStatus": "METERED", "brand": "Aimei", "material": "Polymer", "meterClass": "C", "schemeName": "Rural", "zone": "013 84", "route": "07- MARIA SECOND LANE", "dma": "N/A", "location": "Inside", "parcelNo": null, "meterSize": "0.5", "remarks": null, "userId": null, "latitude": -0.3982639, "longitude": 37.0824499 }, "geometry": { "type": "Point", "coordinates": [ 37.0824499, -0.3982639 ] } },
{ "type": "Feature", "properties": { "id": "d6474e21-3b2c-40a5-9fb9-b889f012e00b", "accountNo": "00506", "name": "PAUL MWAI KIBUCHI", "phone": "254720277152", "meterNo": "1501043017", "accountStatus": "ACTIVE", "accountType": "Domestic", "institution": null, "meterStatus": "METERED", "brand": "YUONSO", "material": "Plastic", "meterClass": "C", "schemeName": "Rural", "zone": "013 84", "route": "012 83-KANGOGORO DMA", "dma": "Kangongoro", "location": "Near the house", "parcelNo": null, "meterSize": "0.5", "remarks": null, "userId": null, "latitude": -0.3898117, "longitude": 37.1033783 }, "geometry": { "type": "Point", "coordinates": [ 37.1033783, -0.3898117 ] } },
{ "type": "Feature", "properties": { "id": "22957113-8354-4955-a907-e7a66b69ab81", "accountNo": "21021", "name": "ROBERT NGARI MURIITHI", "phone": "254713966977", "meterNo": "19095645", "accountStatus": "ACTIVE", "accountType": "Domestic", "institution": null, "meterStatus": "METERED", "brand": "YUONSO", "material": "PLASTIC", "meterClass": "B", "schemeName": null, "zone": "012 83", "route": "013- BEHIND COFFEE FACTORY", "dma": "Factory Line", "location": null, "parcelNo": null, "meterSize": "0.5", "remarks": null, "userId": null, "latitude": -0.389461, "longitude": 37.0779217 }, "geometry": { "type": "Point", "coordinates": [ 37.0779217, -0.389461 ] } },
{ "type": "Feature", "properties": { "id": "79dd0b87-e726-426e-9b42-2dfd7cdf552e", "accountNo": "00332", "name": "WILSON MUYA NJAGI", "phone": "254716904861", "meterNo": "19010904", "accountStatus": "SEALED", "accountType": "Domestic", "institution": null, "meterStatus": "METERED", "brand": "YUONSO", "material": "PLASTIC", "meterClass": "B", "schemeName": null, "zone": "012 83", "route": "131 RANGI", "dma": "Factory Line", "location": null, "parcelNo": "KIANJAU", "meterSize": "0.5", "remarks": null, "userId": null, "latitude": -0.3760283, "longitude": 37.0924867 }, "geometry": { "type": "Point", "coordinates": [ 37.0924867, -0.3760283 ] } },
{ "type": "Feature", "properties": { "id": "7faf6b82-92f1-43e5-9c0a-67d143f70405", "accountNo": "00345", "name": "EDWARD MURIUKI MURIITHI", "phone": "254700137365", "meterNo": "15002091717", "accountStatus": "ACTIVE", "accountType": "Domestic", "institution": null, "meterStatus": "METERED", "brand": "YUONSO", "material": "PLASTIC", "meterClass": "B", "schemeName": null, "zone": "012 83", "route": "075 KIANJAU", "dma": "N/A", "location": null, "parcelNo": "0", "meterSize": "0.5", "remarks": null, "userId": null, "latitude": -0.3872552, "longitude": 37.0943205 }, "geometry": { "type": "Point", "coordinates": [ 37.0943205, -0.3872552 ] } },
{ "type": "Feature", "properties": { "id": "39dd317c-e744-4f0f-818d-b4cb82535de4", "accountNo": "19905", "name": "MARY WAMBUI NJATHI", "phone": "254720470180", "meterNo": "21064769", "accountStatus": "ACTIVE", "accountType": "Domestic", "institution": null, "meterStatus": "METERED", "brand": "YUONSO", "material": "PLASTIC", "meterClass": "B", "schemeName": null, "zone": "012 83", "route": "076 KIAMARIGA", "dma": "N/A", "location": null, "parcelNo": null, "meterSize": "0.5", "remarks": null, "userId": null, "latitude": -0.3905173, "longitude": 37.0717234 }, "geometry": { "type": "Point", "coordinates": [ 37.0717234, -0.3905173 ] } },
{ "type": "Feature", "properties": { "id": "d4a22294-5e0f-4c94-b50f-395fb264dd96", "accountNo": "00353", "name": "JAMES MURAGURI MWANGI", "phone": "254714219857", "meterNo": "21113376", "accountStatus": "ACTIVE", "accountType": "Domestic", "institution": "N/A", "meterStatus": "METERED", "brand": "YUONSO", "material": "PLASTIC", "meterClass": "B", "schemeName": "Rural", "zone": "012 83", "route": "074 NYANA", "dma": "N/A", "location": "along nyana road ", "parcelNo": "0", "meterSize": "0.5", "remarks": null, "userId": null, "latitude": -0.37575, "longitude": 37.1031833 }, "geometry": { "type": "Point", "coordinates": [ 37.1031833, -0.37575 ] } },
{ "type": "Feature", "properties": { "id": "f5c0e458-6a28-460b-9b16-c397c3fbc932", "accountNo": "08619", "name": "FRANCIS  GICHURI   GITHUI", "phone": "254727436293", "meterNo": "1501300517", "accountStatus": "ACTIVE", "accountType": "Domestic", "institution": null, "meterStatus": "METERED", "brand": "YUONSO", "material": "Polymer", "meterClass": "A", "schemeName": "Rural", "zone": "012 83", "route": "076 KIAMARIGA", "dma": "N/A", "location": "beside the kitchen", "parcelNo": "0", "meterSize": "0.5", "remarks": "OK", "userId": null, "latitude": -0.3885635, "longitude": 37.085444 }, "geometry": { "type": "Point", "coordinates": [ 37.085444, -0.3885635 ] } },
{ "type": "Feature", "properties": { "id": "04496a8e-65b0-48a8-a573-62f04788614d", "accountNo": "08281", "name": "WILLIAM   WAIRIGUINI GATOGO", "phone": "254711315354", "meterNo": "19059569", "accountStatus": "ACTIVE", "accountType": "Domestic", "institution": null, "meterStatus": "METERED", "brand": "YUONSO", "material": "PLASTIC", "meterClass": "B", "schemeName": null, "zone": "012 83", "route": "013- BEHIND COFFEE FACTORY", "dma": "Factory Line", "location": null, "parcelNo": null, "meterSize": "0.5", "remarks": null, "userId": null, "latitude": -0.3896983, "longitude": 37.07748 }, "geometry": { "type": "Point", "coordinates": [ 37.07748, -0.3896983 ] } },
{ "type": "Feature", "properties": { "id": "f5c0e458-6a28-460b-9b16-c397c4fbc043", "accountNo": "23076", "name": "ANTONY MUNUHE KANENE", "phone": "254711688407", "meterNo": "1500026417", "accountStatus": "ACTIVE", "accountType": "Domestic", "institution": null, "meterStatus": "METERED", "brand": "younso", "material": "plastic", "meterClass": "b", "schemeName": "Rural", "zone": "012 83", "route": "013- BEHIND COFFEE FACTORY", "dma": "N/A", "location": "near the washroom", "parcelNo": "0", "meterSize": "0.5", "remarks": "OK", "userId": null, "latitude": -0.3850589, "longitude": 37.0847842 }, "geometry": { "type": "Point", "coordinates": [ 37.0847842, -0.3850589 ] } },
{ "type": "Feature", "properties": { "id": "f5c0e458-6a28-460b-9b16-c397c3fbc933", "accountNo": "08290", "name": "JOHN WAMUTEGI", "phone": "254716253982", "meterNo": "1500946917", "accountStatus": "ACTIVE", "accountType": "Domestic", "institution": null, "meterStatus": "METERED", "brand": "younso", "material": "plastic", "meterClass": "b", "schemeName": "Rural", "zone": "012 83", "route": "076 KIAMARIGA", "dma": "N/A", "location": "inside plot near the tank", "parcelNo": "0", "meterSize": "0.5", "remarks": "disconnected", "userId": null, "latitude": -0.385175, "longitude": 37.0836743 }, "geometry": { "type": "Point", "coordinates": [ 37.0836743, -0.385175 ] } },
{ "type": "Feature", "properties": { "id": "8bbce6a9-9afd-40f6-96ae-09dd6fc3e82e", "accountNo": "07906", "name": "JACKSON RERIAN GACHAGUA", "phone": "254714878325", "meterNo": "19063710", "accountStatus": "ACTIVE", "accountType": "Domestic", "institution": "N/A", "meterStatus": "METERED", "brand": "YUONSO", "material": "PLASTIC", "meterClass": "B", "schemeName": "Rural", "zone": "012 83", "route": "HIRIGA (83)", "dma": "N/A", "location": "Along hiriga road ", "parcelNo": null, "meterSize": "0.5", "remarks": null, "userId": null, "latitude": -0.3977886, "longitude": 37.0671808 }, "geometry": { "type": "Point", "coordinates": [ 37.0671808, -0.3977886 ] } },
{ "type": "Feature", "properties": { "id": "9022a09a-02ce-42db-a2e0-01ce2d78a3ef", "accountNo": "21838", "name": "FRANCIS GACHUHI MITHAMO", "phone": "254714599604", "meterNo": "17038985", "accountStatus": "ACTIVE", "accountType": "Domestic", "institution": "N/A", "meterStatus": "METERED", "brand": "YUONSO", "material": "PLASTIC", "meterClass": "B", "schemeName": "Rural", "zone": "012 83", "route": "013- BELOW HEALTH CENTRE", "dma": "N/A", "location": "along Kagati road ", "parcelNo": null, "meterSize": "0.5", "remarks": null, "userId": null, "latitude": -0.3865088, "longitude": 37.0758716 }, "geometry": { "type": "Point", "coordinates": [ 37.0758716, -0.3865088 ] } },
{ "type": "Feature", "properties": { "id": "792135b8-8281-4ded-897f-c29fc5425cec", "accountNo": "00090", "name": "ANGLICAN   CHURCH", "phone": "254722876054", "meterNo": "150900106", "accountStatus": "ACTIVE", "accountType": "Domestic", "institution": null, "meterStatus": "METERED", "brand": "YUONSO", "material": "PLASTIC", "meterClass": "B", "schemeName": null, "zone": "012 83", "route": "012 83-KIAMARIGA LOWER DMA", "dma": "Kiamariga Lower", "location": null, "parcelNo": null, "meterSize": "0.5", "remarks": null, "userId": null, "latitude": -0.385712, "longitude": 37.0797275 }, "geometry": { "type": "Point", "coordinates": [ 37.0797275, -0.385712 ] } },
{ "type": "Feature", "properties": { "id": "7ef8bc81-b627-4548-aa63-91732a341d99", "accountNo": "00145", "name": "NGATIA KIGOTHO", "phone": "254725327989", "meterNo": "21068258", "accountStatus": "ACTIVE", "accountType": "Domestic", "institution": null, "meterStatus": "METERED", "brand": "YUONSO", "material": "PLASTIC", "meterClass": "B", "schemeName": null, "zone": "012 83", "route": "078 GITHAMBIRO", "dma": "N/A", "location": null, "parcelNo": "746", "meterSize": "0.5", "remarks": null, "userId": null, "latitude": -0.3801066, "longitude": 37.0907483 }, "geometry": { "type": "Point", "coordinates": [ 37.0907483, -0.3801066 ] } },
{ "type": "Feature", "properties": { "id": "8d5af1c8-61e4-4dfe-a422-2449f8314856", "accountNo": "08748", "name": "MWAI NGURE", "phone": "254724672148", "meterNo": "1500520717", "accountStatus": "ACTIVE", "accountType": "Domestic", "institution": null, "meterStatus": "METERED", "brand": "YUONSO", "material": "PLASTIC", "meterClass": "B", "schemeName": null, "zone": "012 83", "route": "075 KIANJAU", "dma": "N/A", "location": null, "parcelNo": null, "meterSize": "0.5", "remarks": null, "userId": null, "latitude": -0.3853238, "longitude": 37.095901 }, "geometry": { "type": "Point", "coordinates": [ 37.095901, -0.3853238 ] } },
{ "type": "Feature", "properties": { "id": "454f6563-f4f4-40cd-ac49-3fa9b27f3fe9", "accountNo": "00476", "name": "F. MOSES KARITU", "phone": "254720663520", "meterNo": "150900094", "accountStatus": "ACTIVE", "accountType": "Domestic", "institution": null, "meterStatus": "METERED", "brand": "YUONSO", "material": "Plastic", "meterClass": "C", "schemeName": "Rural", "zone": "013 84", "route": "07- MARIA SECOND LANE", "dma": "N/A", "location": "In the farm", "parcelNo": null, "meterSize": "0.5", "remarks": null, "userId": null, "latitude": -0.3993283, "longitude": 37.0810283 }, "geometry": { "type": "Point", "coordinates": [ 37.0810283, -0.3993283 ] } },
{ "type": "Feature", "properties": { "id": "f5c0e458-6a28-460b-9b16-c397c2fbc455", "accountNo": "00478", "name": "KABIRUINI CATHOLIC  CHURCH", "phone": "254726792671", "meterNo": "16032401", "accountStatus": "ACTIVE", "accountType": "Domestic", "institution": null, "meterStatus": "METERED", "brand": "YUONSO", "material": "Plastic", "meterClass": "B", "schemeName": "Rural", "zone": "013 84", "route": "082 KABIRUINI", "dma": "N/A", "location": "kabiruini shopping center", "parcelNo": "0", "meterSize": "0.5", "remarks": "OK", "userId": null, "latitude": -0.3939992, "longitude": 37.0892243 }, "geometry": { "type": "Point", "coordinates": [ 37.0892243, -0.3939992 ] } },
{ "type": "Feature", "properties": { "id": "52165a44-d33b-4cfc-8b11-42e6f032e687", "accountNo": "00441", "name": "SIMON GAKUU", "phone": "254723732088", "meterNo": "1065192", "accountStatus": "ACTIVE", "accountType": "Domestic", "institution": "N/A", "meterStatus": "METERED", "brand": "YUONSO", "material": "PLASTIC", "meterClass": "B", "schemeName": "Rural", "zone": "012 83", "route": "HIRIGA (83)", "dma": "N/A", "location": "Along hiriga road ", "parcelNo": "0", "meterSize": "0.5", "remarks": null, "userId": null, "latitude": -0.3999673, "longitude": 37.0668586 }, "geometry": { "type": "Point", "coordinates": [ 37.0668586, -0.3999673 ] } },
{ "type": "Feature", "properties": { "id": "f5c0e458-6a28-460b-9b16-c397c7fbc646", "accountNo": "22416", "name": "JAMES WAMAI GACHUA", "phone": "254722784766", "meterNo": "16032681", "accountStatus": "ACTIVE", "accountType": "Domestic", "institution": null, "meterStatus": "METERED", "brand": "younso", "material": "plastic", "meterClass": "B", "schemeName": "Rural", "zone": "012 83", "route": "013- KIAMARIGA TOWN (Upper Side)", "dma": "N/A", "location": "beside the house", "parcelNo": "0", "meterSize": "0.5", "remarks": "active", "userId": null, "latitude": -0.3859581, "longitude": 37.0848531 }, "geometry": { "type": "Point", "coordinates": [ 37.0848531, -0.3859581 ] } },
{ "type": "Feature", "properties": { "id": "f5c0e458-6a28-460b-9b16-c397c1fbc822", "accountNo": "23417", "name": "PETER M MUTHEE", "phone": "254725384491", "meterNo": "181502088", "accountStatus": "ACTIVE", "accountType": "Domestic", "institution": null, "meterStatus": "METERED", "brand": "Aimei", "material": "Polymer", "meterClass": "B", "schemeName": "Rural", "zone": "013 84", "route": "089 NJATHEINI", "dma": "N/A", "location": "Inside", "parcelNo": "464", "meterSize": "0.5", "remarks": null, "userId": null, "latitude": -0.3879222, "longitude": 37.1081837 }, "geometry": { "type": "Point", "coordinates": [ 37.1081837, -0.3879222 ] } },
{ "type": "Feature", "properties": { "id": "99481c34-3cf5-4e49-8fa0-aee71ce507a9", "accountNo": "23537", "name": "JOSPHAT WANJOHI NDIRITU", "phone": "254724698700", "meterNo": "19011698", "accountStatus": "ACTIVE", "accountType": "Domestic", "institution": "N/A", "meterStatus": "METERED", "brand": "YUONSO", "material": "PLASTIC", "meterClass": "B", "schemeName": "Rural", "zone": "012 83", "route": "HIRIGA (83)", "dma": "N/A", "location": "Along MCA road ", "parcelNo": "1187", "meterSize": "0.5", "remarks": null, "userId": null, "latitude": -0.4025, "longitude": 37.065655 }, "geometry": { "type": "Point", "coordinates": [ 37.065655, -0.4025 ] } },
{ "type": "Feature", "properties": { "id": "db60bc0d-2022-444f-876f-acc00a13b580", "accountNo": "23560", "name": "ELIZABETH NYAMBURA WAITITU", "phone": "254718320043", "meterNo": "19056070", "accountStatus": "ACTIVE", "accountType": "Domestic", "institution": "N/A", "meterStatus": "METERED", "brand": "YUONSO", "material": "PLASTIC", "meterClass": "B", "schemeName": "Rural", "zone": "012 83", "route": "HIRIGA (83)", "dma": "N/A", "location": "Along hiriga road", "parcelNo": null, "meterSize": "0.5", "remarks": null, "userId": null, "latitude": -0.4070247, "longitude": 37.0713017 }, "geometry": { "type": "Point", "coordinates": [ 37.0713017, -0.4070247 ] } },
{ "type": "Feature", "properties": { "id": "f5c0e458-6a28-460b-9b16-c3f7c8fba565", "accountNo": "23559", "name": "JOHN KIBOCHA MIANO", "phone": "254757224368", "meterNo": "18085743", "accountStatus": "ACTIVE", "accountType": "Domestic", "institution": null, "meterStatus": "METERED", "brand": "Younio", "material": "Polymer", "meterClass": "B", "schemeName": "Rural", "zone": "013 84", "route": "186 MARIA", "dma": "N/A", "location": "Inside", "parcelNo": null, "meterSize": null, "remarks": null, "userId": null, "latitude": -0.3944003, "longitude": 37.0785594 }, "geometry": { "type": "Point", "coordinates": [ 37.0785594, -0.3944003 ] } },
{ "type": "Feature", "properties": { "id": "70e6150a-f691-44b1-944d-79709933d7d5", "accountNo": "23584", "name": "MARY WANIU MUTHONI", "phone": "254712993966", "meterNo": "150216318", "accountStatus": "ACTIVE", "accountType": "Domestic", "institution": null, "meterStatus": "METERED", "brand": "YUONSO", "material": "PLASTIC", "meterClass": "B", "schemeName": null, "zone": "012 83", "route": "131 RANGI", "dma": "N/A", "location": "along Rangi road ", "parcelNo": null, "meterSize": null, "remarks": null, "userId": null, "latitude": -0.3783738, "longitude": 37.0971633 }, "geometry": { "type": "Point", "coordinates": [ 37.0971633, -0.3783738 ] } },
{ "type": "Feature", "properties": { "id": "3e02477f-02b6-454c-a3f3-23dcb1687088", "accountNo": "23760", "name": "JAMES MURIITHI KANENE", "phone": "254722964625", "meterNo": "19060499", "accountStatus": "ACTIVE", "accountType": "Domestic", "institution": "N/A", "meterStatus": "METERED", "brand": "YUONSO", "material": "PLASTIC", "meterClass": "B", "schemeName": "Rural", "zone": "012 83", "route": "077 KAGATI", "dma": "N/A", "location": "along Kagati road ", "parcelNo": null, "meterSize": "0.5", "remarks": null, "userId": null, "latitude": -0.3874301, "longitude": 37.074893 }, "geometry": { "type": "Point", "coordinates": [ 37.074893, -0.3874301 ] } },
{ "type": "Feature", "properties": { "id": "d1da07c1-e3ce-46de-a490-a3108ae461d2", "accountNo": "23967", "name": "MARY WACHUKA KABUI", "phone": "254714269380", "meterNo": "19059487", "accountStatus": "ACTIVE", "accountType": "Domestic", "institution": null, "meterStatus": "METERED", "brand": "YUONSO", "material": "Plastic", "meterClass": "B", "schemeName": "Rural", "zone": "013 84", "route": "186 MARIA", "dma": "N/A", "location": "near the toilet", "parcelNo": null, "meterSize": "0.5", "remarks": "active", "userId": null, "latitude": -0.3935317, "longitude": 37.0870917 }, "geometry": { "type": "Point", "coordinates": [ 37.0870917, -0.3935317 ] } },
{ "type": "Feature", "properties": { "id": "5754bdad-1daa-4fe7-9ce9-7dc237d6bbd5", "accountNo": "24171", "name": "MOSES KARIUKI KANYAI", "phone": "254723437189", "meterNo": "19060027", "accountStatus": "ACTIVE", "accountType": "Domestic", "institution": null, "meterStatus": "METERED", "brand": "YUONSO", "material": "PLASTIC", "meterClass": "B", "schemeName": null, "zone": "012 83", "route": "013- BEHIND COFFEE FACTORY", "dma": "Factory Line", "location": null, "parcelNo": null, "meterSize": "0.5", "remarks": null, "userId": null, "latitude": -0.3882459, "longitude": 37.0786685 }, "geometry": { "type": "Point", "coordinates": [ 37.0786685, -0.3882459 ] } },
{ "type": "Feature", "properties": { "id": "8c6fb257-9814-46bc-a372-3e078110b5f0", "accountNo": "24210", "name": "NEW RUGURU DAIRY MILK COOLING CENTRE", "phone": "254724276801", "meterNo": "19060494", "accountStatus": "ACTIVE", "accountType": "Domestic", "institution": null, "meterStatus": "METERED", "brand": "YUONSO", "material": "Plastic", "meterClass": "C", "schemeName": "Rural", "zone": "012 83", "route": "076 KIAMARIGA", "dma": "N/A", "location": "Near the tank", "parcelNo": null, "meterSize": "0.5", "remarks": null, "userId": null, "latitude": -0.3855044, "longitude": 37.0838776 }, "geometry": { "type": "Point", "coordinates": [ 37.0838776, -0.3855044 ] } },
{ "type": "Feature", "properties": { "id": "12e620b0-1738-42f0-9846-97a7c2db3a53", "accountNo": "22959", "name": "JOSEPH NGUNJIRI MUHORO", "phone": "254722811566", "meterNo": "TWSB2000097117", "accountStatus": "ACTIVE", "accountType": "Domestic", "institution": null, "meterStatus": "METERED", "brand": "YUONSO", "material": "Plastic", "meterClass": "B", "schemeName": "Rural", "zone": "013 84", "route": "186 MARIA", "dma": "N/A", "location": "near the tank at the gate", "parcelNo": "0", "meterSize": "0.5", "remarks": "active", "userId": null, "latitude": -0.3924733, "longitude": 37.0835417 }, "geometry": { "type": "Point", "coordinates": [ 37.0835417, -0.3924733 ] } },
{ "type": "Feature", "properties": { "id": "056b0905-2d41-481f-8317-ee18668dfd21", "accountNo": "26274", "name": "JANE WAMBUI IREGI", "phone": "254706001766", "meterNo": "150900349", "accountStatus": "ACTIVE", "accountType": "Domestic", "institution": null, "meterStatus": "METERED", "brand": "YUONSO", "material": "Plastic", "meterClass": "C", "schemeName": "Rural", "zone": "013 84", "route": "082 KABIRUINI", "dma": "N/A", "location": "Next to the house", "parcelNo": null, "meterSize": "0.5", "remarks": null, "userId": null, "latitude": -0.3989285, "longitude": 37.0895945 }, "geometry": { "type": "Point", "coordinates": [ 37.0895945, -0.3989285 ] } },
{ "type": "Feature", "properties": { "id": "f5c0e458-6a28-460b-9b16-c397c7fbc003", "accountNo": "26482", "name": "JERICA WACHUKA MAINA", "phone": "254723708531", "meterNo": "22034923", "accountStatus": "ACTIVE", "accountType": "Domestic", "institution": null, "meterStatus": "METERED", "brand": "Younso", "material": "Plastic ", "meterClass": "B", "schemeName": "Rural", "zone": "013 84", "route": "013 84-KINGUKIRO", "dma": "N/A", "location": "500 m from the main road ", "parcelNo": null, "meterSize": "0.5", "remarks": null, "userId": null, "latitude": -0.39771, "longitude": 37.0951658 }, "geometry": { "type": "Point", "coordinates": [ 37.0951658, -0.39771 ] } },
{ "type": "Feature", "properties": { "id": "f5c0e458-6a28-460b-9b16-c397c8fbc912", "accountNo": "26900", "name": "KIAMARIGA NURSERY SCHOOL", "phone": "254721324095", "meterNo": "23039758", "accountStatus": "ACTIVE", "accountType": "Domestic", "institution": null, "meterStatus": "METERED", "brand": "YUONSO", "material": "PLASTIC", "meterClass": "B", "schemeName": null, "zone": "012 83", "route": "076 KIAMARIGA", "dma": "N/A", "location": "Nursery ground ", "parcelNo": null, "meterSize": "0.5", "remarks": "Installed ", "userId": null, "latitude": -0.3860995, "longitude": 37.0813697 }, "geometry": { "type": "Point", "coordinates": [ 37.0813697, -0.3860995 ] } },
{ "type": "Feature", "properties": { "id": "f32c3395-dd0a-4c34-bafa-29f05238ed12", "accountNo": "26968", "name": "MARY KAGURE KIGOTHO", "phone": "254723801078", "meterNo": "23040702", "accountStatus": "ACTIVE", "accountType": "Domestic", "institution": null, "meterStatus": "METERED", "brand": "YUONSO", "material": "Plastic", "meterClass": "C", "schemeName": "Rural", "zone": "013 84", "route": "187 MUTIINI", "dma": "N/A", "location": "in the farm", "parcelNo": null, "meterSize": "0.5", "remarks": null, "userId": null, "latitude": -0.4000856, "longitude": 37.0904498 }, "geometry": { "type": "Point", "coordinates": [ 37.0904498, -0.4000856 ] } },
{ "type": "Feature", "properties": { "id": "f5c0e458-6a28-460b-9b16-c397c9fbc359", "accountNo": "26973", "name": "PETER KARUGI MACHARIA", "phone": "254721834228", "meterNo": "23041341", "accountStatus": "SEALED", "accountType": "Domestic", "institution": null, "meterStatus": "METERED", "brand": "YUONSO", "material": "POLYMER", "meterClass": "A", "schemeName": null, "zone": "013 84", "route": "187 MUTIINI", "dma": "N/A", "location": "kibiruini ", "parcelNo": null, "meterSize": "0.5", "remarks": null, "userId": null, "latitude": -0.4080688, "longitude": 37.0821829 }, "geometry": { "type": "Point", "coordinates": [ 37.0821829, -0.4080688 ] } },
{ "type": "Feature", "properties": { "id": "301237c9-d59b-4df0-92d4-ac0d7bede795", "accountNo": "27011", "name": "CAROLINE WARUGURU NJARARA", "phone": "254704711678", "meterNo": "23039201", "accountStatus": "ACTIVE", "accountType": "Domestic", "institution": null, "meterStatus": "METERED", "brand": "YUONSO", "material": "Plastic", "meterClass": "C", "schemeName": "Rural", "zone": "013 84", "route": "187 MUTIINI", "dma": "N/A", "location": "Near the gate ", "parcelNo": null, "meterSize": "0.5", "remarks": null, "userId": null, "latitude": -0.3991751, "longitude": 37.0881484 }, "geometry": { "type": "Point", "coordinates": [ 37.0881484, -0.3991751 ] } },
{ "type": "Feature", "properties": { "id": "ae8ca57f-43ad-467b-aede-6a76c5e30460", "accountNo": "27027", "name": "SIMON WACHIRA WANJIRA", "phone": "254718212429", "meterNo": "2304090", "accountStatus": "ACTIVE", "accountType": "Domestic", "institution": null, "meterStatus": "METERED", "brand": "YUONSO", "material": "Plastic", "meterClass": "C", "schemeName": "Rural", "zone": "013 84", "route": "187 MUTIINI", "dma": "N/A", "location": "Near the gate", "parcelNo": null, "meterSize": "0.5", "remarks": null, "userId": null, "latitude": -0.3992874, "longitude": 37.0897041 }, "geometry": { "type": "Point", "coordinates": [ 37.0897041, -0.3992874 ] } },
{ "type": "Feature", "properties": { "id": "06bf75ad-5158-4f61-9760-83d74c1bd9e2", "accountNo": "27133", "name": "CHARLES MATU WANGAI", "phone": "254748029443", "meterNo": "23039517", "accountStatus": "ACTIVE", "accountType": "Domestic", "institution": null, "meterStatus": "METERED", "brand": "YUONSO", "material": "PLASTIC", "meterClass": "B", "schemeName": null, "zone": "012 83", "route": "131 RANGI", "dma": "N/A", "location": "along rangi road", "parcelNo": "676", "meterSize": "0.5", "remarks": null, "userId": null, "latitude": -0.3786104, "longitude": 37.0940326 }, "geometry": { "type": "Point", "coordinates": [ 37.0940326, -0.3786104 ] } },
{ "type": "Feature", "properties": { "id": "73014a56-335a-428a-8629-39a580071042", "accountNo": "27527", "name": "JAMES KINYUA GATHINJA", "phone": "254723956754", "meterNo": "24 015991", "accountStatus": "ACTIVE", "accountType": "Domestic", "institution": null, "meterStatus": "METERED", "brand": "YUONSO", "material": "Plastic", "meterClass": "N/A", "schemeName": "Rural", "zone": "012 83", "route": "HIRIGA (83)", "dma": "N/A", "location": "100 mtrs from hiriga sec school", "parcelNo": "RUGURU/KARUTHI/2019", "meterSize": "0.5", "remarks": "connected ", "userId": null, "latitude": -0.3944082, "longitude": 37.0549863 }, "geometry": { "type": "Point", "coordinates": [ 37.0549863, -0.3944082 ] } },
{ "type": "Feature", "properties": { "id": "b1f9f0ee-9576-4839-b391-2a2a3713b8b9", "accountNo": "27809", "name": "JACKSON MURIUKI MITHAMO", "phone": "254714562879", "meterNo": "23180449", "accountStatus": "ACTIVE", "accountType": "Domestic", "institution": null, "meterStatus": "METERED", "brand": "YUONSO", "material": "Plastic", "meterClass": "C", "schemeName": null, "zone": "012 83", "route": "070 RUGURU", "dma": "N/A", "location": null, "parcelNo": null, "meterSize": "0.5", "remarks": null, "userId": null, "latitude": -0.3837689, "longitude": 37.0837974 }, "geometry": { "type": "Point", "coordinates": [ 37.0837974, -0.3837689 ] } },
{ "type": "Feature", "properties": { "id": "4e9bbbc8-77fc-47e4-98d2-79643a570119", "accountNo": "00278", "name": "NGATIA MUTHUO THARUI", "phone": "254726284788", "meterNo": "17011517", "accountStatus": "ACTIVE", "accountType": "Domestic", "institution": null, "meterStatus": "METERED", "brand": "YUONSO", "material": "PLASTIC", "meterClass": "B", "schemeName": null, "zone": "012 83", "route": "131 RANGI", "dma": "N/A", "location": "along Rangi road, Rangi hill", "parcelNo": null, "meterSize": "0.5", "remarks": null, "userId": null, "latitude": -0.379381, "longitude": 37.0914516 }, "geometry": { "type": "Point", "coordinates": [ 37.0914516, -0.379381 ] } },
{ "type": "Feature", "properties": { "id": "f5c0e458-6a28-460b-9b16-c397c4fbc326", "accountNo": "00321", "name": "DUNCAN MURIITHI KABIRU", "phone": "254720966012", "meterNo": "19096461", "accountStatus": "ACTIVE", "accountType": "Domestic", "institution": null, "meterStatus": "METERED", "brand": "younso", "material": "plastic", "meterClass": "b", "schemeName": "Rural", "zone": "012 83", "route": "013- KIAMARIGA TOWN (Upper Side)", "dma": "N/A", "location": "near the washroom", "parcelNo": null, "meterSize": "0.5", "remarks": "OK", "userId": null, "latitude": -0.3855387, "longitude": 37.0838959 }, "geometry": { "type": "Point", "coordinates": [ 37.0838959, -0.3855387 ] } },
{ "type": "Feature", "properties": { "id": "20bd7ff9-338d-41dd-83ee-52ae23485d01", "accountNo": "00391", "name": "SUSAN NJERI MWERERIA", "phone": "254723936085", "meterNo": "1500919517", "accountStatus": "ACTIVE", "accountType": "Domestic", "institution": "N/A", "meterStatus": "METERED", "brand": "YUONSO", "material": "PLASTIC", "meterClass": "B", "schemeName": "Rural", "zone": "012 83", "route": "077 KAGATI", "dma": "N/A", "location": "near junction to Kagati field ", "parcelNo": "1149", "meterSize": "0.5", "remarks": null, "userId": null, "latitude": -0.3881614, "longitude": 37.0743081 }, "geometry": { "type": "Point", "coordinates": [ 37.0743081, -0.3881614 ] } },
{ "type": "Feature", "properties": { "id": "f5c0e458-6a28-460b-9b16-c397c8fbb991", "accountNo": "00406", "name": "SAMUEL GATHU NDEGWA", "phone": "254721614043", "meterNo": "17133258", "accountStatus": "ACTIVE", "accountType": "Domestic", "institution": null, "meterStatus": "METERED", "brand": "younso", "material": "plastic", "meterClass": "b", "schemeName": "Rural", "zone": "012 83", "route": "013- KIAMARIGA TOWN (Upper Side)", "dma": "N/A", "location": "inside beside the gate", "parcelNo": "25", "meterSize": "0.5", "remarks": "OK", "userId": null, "latitude": -0.3851746, "longitude": 37.0836827 }, "geometry": { "type": "Point", "coordinates": [ 37.0836827, -0.3851746 ] } },
{ "type": "Feature", "properties": { "id": "f5c0e458-6a28-460b-9b16-c397c2fbc188", "accountNo": "09347", "name": "HARUN MBUTHIA", "phone": "254741173372", "meterNo": "17083989", "accountStatus": "ACTIVE", "accountType": "Domestic", "institution": null, "meterStatus": "METERED", "brand": "younso", "material": "plastic", "meterClass": "B", "schemeName": "Rural", "zone": "013 84", "route": "089 NJATHEINI", "dma": "N/A", "location": null, "parcelNo": "0", "meterSize": "0.5", "remarks": null, "userId": null, "latitude": -0.3923689, "longitude": 37.1067447 }, "geometry": { "type": "Point", "coordinates": [ 37.1067447, -0.3923689 ] } },
{ "type": "Feature", "properties": { "id": "d1a00980-f1b4-494a-9156-ebff688b9a50", "accountNo": "07315", "name": "BOBBY MITHAMO NJEGE", "phone": "254715421560", "meterNo": "101500042", "accountStatus": "ACTIVE", "accountType": "Domestic", "institution": null, "meterStatus": "METERED", "brand": "YUONSO", "material": "Plastic", "meterClass": "C", "schemeName": "Rural", "zone": "013 84", "route": "089 NJATHEINI", "dma": "N/A", "location": "Near the gate", "parcelNo": null, "meterSize": "0.5", "remarks": null, "userId": null, "latitude": -0.3900468, "longitude": 37.1076375 }, "geometry": { "type": "Point", "coordinates": [ 37.1076375, -0.3900468 ] } },
{ "type": "Feature", "properties": { "id": "f5c0e458-6a28-460b-9b16-c397c1fbc871", "accountNo": "20372", "name": "NYAGUTHII KINYUA", "phone": "254728622340", "meterNo": "150900003", "accountStatus": "ACTIVE", "accountType": "Domestic", "institution": null, "meterStatus": "METERED", "brand": "Younio", "material": "Polymer", "meterClass": "B", "schemeName": "Rural", "zone": "013 84", "route": "186 MARIA", "dma": "N/A", "location": "Inside", "parcelNo": "0", "meterSize": "0.5", "remarks": null, "userId": null, "latitude": -0.393419, "longitude": 37.0819916 }, "geometry": { "type": "Point", "coordinates": [ 37.0819916, -0.393419 ] } },
{ "type": "Feature", "properties": { "id": "1bfa0a55-1412-4d68-b11f-7fac158962fa", "accountNo": "21477", "name": "JOHN GITHUA KIMUNYU", "phone": "254721350181", "meterNo": "15099918", "accountStatus": "ACTIVE", "accountType": "Institutional", "institution": null, "meterStatus": "METERED", "brand": "YUONSO", "material": "PLASTIC", "meterClass": "B", "schemeName": null, "zone": "012 83", "route": "075 KIANJAU", "dma": "N/A", "location": null, "parcelNo": "0", "meterSize": "0.5", "remarks": null, "userId": null, "latitude": -0.3837543, "longitude": 37.0967469 }, "geometry": { "type": "Point", "coordinates": [ 37.0967469, -0.3837543 ] } },
{ "type": "Feature", "properties": { "id": "f5c0e458-6a28-460b-9b16-c397c8fbb456", "accountNo": "23331", "name": "ROSE WAMUYU GITHUI", "phone": "254720949999", "meterNo": "19014144", "accountStatus": "ACTIVE", "accountType": "Domestic", "institution": null, "meterStatus": "METERED", "brand": "younso", "material": "plastic", "meterClass": "b", "schemeName": "Rural", "zone": "012 83", "route": "076 KIAMARIGA", "dma": "N/A", "location": "inside plot", "parcelNo": null, "meterSize": "0.5", "remarks": "OK", "userId": null, "latitude": -0.3851746, "longitude": 37.0836819 }, "geometry": { "type": "Point", "coordinates": [ 37.0836819, -0.3851746 ] } },
{ "type": "Feature", "properties": { "id": "f5c0e458-6a28-460b-9b16-c397c3fbc904", "accountNo": "08278", "name": "JOSPHAT  MACHARIA", "phone": "254728536510", "meterNo": "23037612", "accountStatus": "ACTIVE", "accountType": "Domestic", "institution": null, "meterStatus": "METERED", "brand": "YUONSO", "material": "PLASTIC", "meterClass": "B", "schemeName": null, "zone": "012 83", "route": "013- BEHIND COFFEE FACTORY", "dma": "N/A", "location": "behind kiamariga factory line ", "parcelNo": null, "meterSize": "0.5", "remarks": "connected ", "userId": null, "latitude": -0.3897457, "longitude": 37.0778372 }, "geometry": { "type": "Point", "coordinates": [ 37.0778372, -0.3897457 ] } },
{ "type": "Feature", "properties": { "id": "668ab5aa-8549-46a8-b4bc-ddc4af907d1c", "accountNo": "08326", "name": "JAMES WACHIRA  GITONGA", "phone": "254727963878", "meterNo": "23037510", "accountStatus": "ACTIVE", "accountType": "Domestic", "institution": null, "meterStatus": "METERED", "brand": "YUONSO", "material": "PLASTIC", "meterClass": "B", "schemeName": null, "zone": "012 83", "route": "074 NYANA", "dma": "N/A", "location": "along Rangi road", "parcelNo": null, "meterSize": "0.5", "remarks": null, "userId": null, "latitude": -0.3784106, "longitude": 37.0972739 }, "geometry": { "type": "Point", "coordinates": [ 37.0972739, -0.3784106 ] } },
{ "type": "Feature", "properties": { "id": "92a01760-b247-47cf-a96a-e6886faad95b", "accountNo": "19827", "name": "MR.JAMES GATOGO KABIRU", "phone": "254722336241", "meterNo": "15000902", "accountStatus": "ACTIVE", "accountType": "Domestic", "institution": null, "meterStatus": "METERED", "brand": "YUONSO", "material": "PLASTIC", "meterClass": "B", "schemeName": null, "zone": "012 83", "route": "077 KAGATI", "dma": "N/A", "location": null, "parcelNo": "2496", "meterSize": "0.5", "remarks": null, "userId": null, "latitude": -0.3904506, "longitude": 37.0715799 }, "geometry": { "type": "Point", "coordinates": [ 37.0715799, -0.3904506 ] } },
{ "type": "Feature", "properties": { "id": "5ba90fd7-2f35-457e-a24d-91bb8a373d60", "accountNo": "07895", "name": "ESTHER WANJIKU WANJAU", "phone": "254728585925", "meterNo": "22035090", "accountStatus": "ACTIVE", "accountType": "Domestic", "institution": null, "meterStatus": "METERED", "brand": "YUONSO", "material": "Plastic", "meterClass": "B", "schemeName": "Rural", "zone": "013 84", "route": "082 KABIRUINI", "dma": "N/A", "location": "near the kitchen", "parcelNo": null, "meterSize": "0.5", "remarks": "active", "userId": null, "latitude": -0.3959067, "longitude": 37.0927467 }, "geometry": { "type": "Point", "coordinates": [ 37.0927467, -0.3959067 ] } },
{ "type": "Feature", "properties": { "id": "90addc27-9373-49b6-9575-bc2de250d355", "accountNo": "00011", "name": "KIAMARIGA  SECONDARY SCHOOL", "phone": "254716105749", "meterNo": "2000097217", "accountStatus": "ACTIVE", "accountType": "Domestic", "institution": "Large", "meterStatus": "METERED", "brand": "YUONSO", "material": "PLASTIC", "meterClass": "B", "schemeName": "Rural", "zone": "023 82", "route": "0021- INST. 83", "dma": "N/A", "location": "kagati field", "parcelNo": "1", "meterSize": "0.5", "remarks": "institution large", "userId": null, "latitude": -0.3845205, "longitude": 37.0714621 }, "geometry": { "type": "Point", "coordinates": [ 37.0714621, -0.3845205 ] } },
{ "type": "Feature", "properties": { "id": "f5c0e458-6a28-460b-9b16-c397c2fbc206", "accountNo": "00262", "name": "PERPETUA MUKAMI MURIGU", "phone": "254722309885", "meterNo": "9035138", "accountStatus": "ACTIVE", "accountType": "Domestic", "institution": null, "meterStatus": "METERED", "brand": "YUONSO", "material": "Polymer", "meterClass": "A", "schemeName": "Rural", "zone": "012 83", "route": "012 83-KIAMARIGA LOWER DMA", "dma": "N/A", "location": "inside plot near the tank", "parcelNo": null, "meterSize": "0.5", "remarks": "OK", "userId": null, "latitude": -0.3863956, "longitude": 37.0832094 }, "geometry": { "type": "Point", "coordinates": [ 37.0832094, -0.3863956 ] } },
{ "type": "Feature", "properties": { "id": "ca1b814d-f567-4b84-883c-6178b5a7048e", "accountNo": "00129", "name": "MAGOCHI THIGE", "phone": "254726841025", "meterNo": "1500801817", "accountStatus": "ACTIVE", "accountType": "Institutional", "institution": null, "meterStatus": "METERED", "brand": "YUONSO", "material": "PLASTIC", "meterClass": "B", "schemeName": null, "zone": "012 83", "route": "075 KIANJAU", "dma": "N/A", "location": null, "parcelNo": "0", "meterSize": "0.5", "remarks": null, "userId": null, "latitude": -0.385795, "longitude": 37.0989353 }, "geometry": { "type": "Point", "coordinates": [ 37.0989353, -0.385795 ] } },
{ "type": "Feature", "properties": { "id": "e3a8c925-b39f-4c47-8a2b-faa6ec41bd6b", "accountNo": "00175", "name": "EUSTACE KARANJA  GATINU", "phone": "254720806990", "meterNo": "21065760", "accountStatus": "ACTIVE", "accountType": "Domestic", "institution": "N/A", "meterStatus": "METERED", "brand": "YUONSO", "material": "PLASTIC", "meterClass": "B", "schemeName": "Rural", "zone": "013 84", "route": "012 83-KANGOGORO DMA", "dma": "Kangongoro", "location": "near githiringo tea buying center ", "parcelNo": null, "meterSize": "0.5", "remarks": null, "userId": null, "latitude": -0.3776603, "longitude": 37.1078971 }, "geometry": { "type": "Point", "coordinates": [ 37.1078971, -0.3776603 ] } },
{ "type": "Feature", "properties": { "id": "286e23aa-6708-4591-b7be-b5c7a7ba71f2", "accountNo": "08452", "name": "PETER MATHENGE GAKUI", "phone": "254710254569", "meterNo": "17013421", "accountStatus": "ACTIVE", "accountType": "Domestic", "institution": "N/A", "meterStatus": "METERED", "brand": "YUONSO", "material": "PLASTIC", "meterClass": "B", "schemeName": "Rural", "zone": "013 84", "route": "012 83-KANGOGORO DMA", "dma": "Kangongoro", "location": "along githiringo road, past tea buying center ", "parcelNo": null, "meterSize": "0.5", "remarks": null, "userId": null, "latitude": -0.3800525, "longitude": 37.1069175 }, "geometry": { "type": "Point", "coordinates": [ 37.1069175, -0.3800525 ] } },
{ "type": "Feature", "properties": { "id": "f5c0e458-6a28-460b-9b16-c397c6fbc540", "accountNo": "00186", "name": "MICHAEL MWANGI WERU", "phone": "254722247718", "meterNo": "21068255", "accountStatus": "ACTIVE", "accountType": "Domestic", "institution": null, "meterStatus": "METERED", "brand": "Yuonso", "material": null, "meterClass": null, "schemeName": "Rural", "zone": "012 83", "route": "012 83-KIAIHURU DMA", "dma": "N/A", "location": null, "parcelNo": "1372", "meterSize": "0.5", "remarks": null, "userId": null, "latitude": -0.36911768, "longitude": 37.102547 }, "geometry": { "type": "Point", "coordinates": [ 37.102547, -0.36911768 ] } },
{ "type": "Feature", "properties": { "id": "25074302-885d-4ae1-9d47-87291a18fe83", "accountNo": "00230", "name": "JOHN NDABURI  NDORIA", "phone": "254725029165", "meterNo": "N/A", "accountStatus": "ACTIVE", "accountType": null, "institution": null, "meterStatus": "UNMETERED", "brand": null, "material": null, "meterClass": null, "schemeName": "Rural", "zone": "013 84", "route": "012 83-KANGOGORO DMA", "dma": "Kangongoro", "location": null, "parcelNo": null, "meterSize": null, "remarks": "active with no meter", "userId": null, "latitude": -0.3810683, "longitude": 37.1080783 }, "geometry": { "type": "Point", "coordinates": [ 37.1080783, -0.3810683 ] } },
{ "type": "Feature", "properties": { "id": "a9b5bd89-71cc-4ad7-9a30-4d49d284b2eb", "accountNo": "07915", "name": "KANYAGO  KARAGITA", "phone": "254723984893", "meterNo": "21111910", "accountStatus": "ACTIVE", "accountType": "Domestic", "institution": null, "meterStatus": "METERED", "brand": "YUONSO", "material": "Plastic", "meterClass": "C", "schemeName": "Rural", "zone": "013 84", "route": "082 KABIRUINI", "dma": "N/A", "location": "Near the gate", "parcelNo": null, "meterSize": "0.5", "remarks": null, "userId": null, "latitude": -0.3958157, "longitude": 37.0924497 }, "geometry": { "type": "Point", "coordinates": [ 37.0924497, -0.3958157 ] } },
{ "type": "Feature", "properties": { "id": "f5c0e458-6a28-460b-9b16-c397c8fbc799", "accountNo": "00484", "name": "SAMUEL M MUTUANDII", "phone": "254722744428", "meterNo": "16035221", "accountStatus": "ACTIVE", "accountType": "Domestic", "institution": null, "meterStatus": "METERED", "brand": "YUONSO", "material": "Plastic", "meterClass": "B", "schemeName": "Rural", "zone": "013 84", "route": "012 83-KANGOGORO DMA", "dma": "Kangongoro", "location": "along njathaini main road", "parcelNo": "0", "meterSize": "0.5", "remarks": "OK", "userId": null, "latitude": -0.3917021, "longitude": 37.1003132 }, "geometry": { "type": "Point", "coordinates": [ 37.1003132, -0.3917021 ] } },
{ "type": "Feature", "properties": { "id": "f5c0e458-6a28-460b-9b16-c397c4fbc107", "accountNo": "00013", "name": "DUNJOS ACADEMY", "phone": "254720357340", "meterNo": "110226407", "accountStatus": "ACTIVE", "accountType": "Domestic", "institution": null, "meterStatus": "METERED", "brand": "YUONSO", "material": "Plastic", "meterClass": "B", "schemeName": "Rural", "zone": "023 82", "route": "0021- INST. 83", "dma": "N/A", "location": "before approaching kiamariga town", "parcelNo": null, "meterSize": "0.5", "remarks": "OK", "userId": null, "latitude": -0.38718, "longitude": 37.0870417 }, "geometry": { "type": "Point", "coordinates": [ 37.087187203509572, -0.387143001191538 ] } },
{ "type": "Feature", "properties": { "id": "f5c0e458-6a28-460b-9b16-c397c4fbc080", "accountNo": "08047", "name": "HIRIGA SECONDARY SCHOOL", "phone": "254722426905", "meterNo": "TWSB2500071417", "accountStatus": "ACTIVE", "accountType": "Domestic", "institution": null, "meterStatus": "METERED", "brand": "TWSB", "material": "Plastic", "meterClass": "B", "schemeName": "Rural", "zone": "023 82", "route": "0021- INST. 83", "dma": "N/A", "location": "lower side of the school", "parcelNo": null, "meterSize": "0.5", "remarks": "OK", "userId": null, "latitude": -0.389705, "longitude": 37.0540483 }, "geometry": { "type": "Point", "coordinates": [ 37.0540483, -0.389705 ] } },
{ "type": "Feature", "properties": { "id": "5364d4ec-2d10-400d-932b-de7d01801178", "accountNo": "00109", "name": "MUSA WAMBUGU", "phone": "254728662256", "meterNo": "14067110", "accountStatus": "ACTIVE", "accountType": "Domestic", "institution": null, "meterStatus": "METERED", "brand": "YUONSO", "material": "PLASTIC", "meterClass": "B", "schemeName": null, "zone": "012 83", "route": "131 RANGI", "dma": "N/A", "location": null, "parcelNo": null, "meterSize": "0.5", "remarks": null, "userId": null, "latitude": -0.3809035, "longitude": 37.09476 }, "geometry": { "type": "Point", "coordinates": [ 37.09476, -0.3809035 ] } },
{ "type": "Feature", "properties": { "id": "017949e4-9651-4c66-b4a6-0aa68b56cc56", "accountNo": "00128", "name": "GAKUU MWAI", "phone": "254722360836", "meterNo": "1509370217", "accountStatus": "ACTIVE", "accountType": "Domestic", "institution": null, "meterStatus": "METERED", "brand": "YUONSO", "material": "PLASTIC", "meterClass": "B", "schemeName": null, "zone": "012 83", "route": "131 RANGI", "dma": "N/A", "location": "along Rangi road ", "parcelNo": "0", "meterSize": "0.5", "remarks": null, "userId": null, "latitude": -0.3802189, "longitude": 37.0909164 }, "geometry": { "type": "Point", "coordinates": [ 37.0909164, -0.3802189 ] } },
{ "type": "Feature", "properties": { "id": "2632f31c-2834-40f8-99c3-3305337d14eb", "accountNo": "00133", "name": "MICHAEL MWANGI MAINA", "phone": "254729303191", "meterNo": "19096713", "accountStatus": "ACTIVE", "accountType": "Domestic", "institution": null, "meterStatus": "METERED", "brand": "YUONSO", "material": "PLASTIC", "meterClass": "B", "schemeName": null, "zone": "012 83", "route": "131 RANGI", "dma": "N/A", "location": "along Rangi road ", "parcelNo": null, "meterSize": "0.5", "remarks": null, "userId": null, "latitude": -0.3812896, "longitude": 37.0898912 }, "geometry": { "type": "Point", "coordinates": [ 37.0898912, -0.3812896 ] } },
{ "type": "Feature", "properties": { "id": "7bbf43c3-7b0f-4eae-8e9e-f7f16a7b4ef0", "accountNo": "00152", "name": "LUCY WANJUGU", "phone": "254720588544", "meterNo": "19096467", "accountStatus": "ACTIVE", "accountType": "Domestic", "institution": null, "meterStatus": "METERED", "brand": "YUONSO", "material": "PLASTIC", "meterClass": "B", "schemeName": null, "zone": "012 83", "route": "075 KIANJAU", "dma": "N/A", "location": null, "parcelNo": null, "meterSize": "0.5", "remarks": null, "userId": null, "latitude": -0.3862062, "longitude": 37.0920661 }, "geometry": { "type": "Point", "coordinates": [ 37.0920661, -0.3862062 ] } },
{ "type": "Feature", "properties": { "id": "b387f85e-eca6-4287-b4df-6ebe08091f5e", "accountNo": "00135", "name": "MUCHIRI KAMBO", "phone": "254704045151", "meterNo": "23180461", "accountStatus": "ACTIVE", "accountType": "Domestic", "institution": null, "meterStatus": "METERED", "brand": "YUONSO", "material": "POLYMER", "meterClass": "A", "schemeName": null, "zone": "012 83", "route": "075 KIANJAU", "dma": "N/A", "location": "kianjau", "parcelNo": null, "meterSize": "0.5", "remarks": "installed ", "userId": null, "latitude": -0.384265, "longitude": 37.0945982 }, "geometry": { "type": "Point", "coordinates": [ 37.0945982, -0.384265 ] } },
{ "type": "Feature", "properties": { "id": "cd914283-83b0-4408-b348-8685690ed3a1", "accountNo": "07784", "name": "JAMES WAMAI GACHAU", "phone": "254722784766", "meterNo": "150900343", "accountStatus": "ACTIVE", "accountType": "Domestic", "institution": null, "meterStatus": "METERED", "brand": "YUONSO", "material": "PLASTIC", "meterClass": "B", "schemeName": null, "zone": "012 83", "route": "131 RANGI", "dma": "N/A", "location": "past Dunjos Academy, blue gate with yellow and black shades", "parcelNo": "0", "meterSize": "0.5", "remarks": null, "userId": null, "latitude": -0.3845578, "longitude": 37.0904904 }, "geometry": { "type": "Point", "coordinates": [ 37.0904904, -0.3845578 ] } },
{ "type": "Feature", "properties": { "id": "c82f6d80-b178-4f18-955c-c774f3c0fff3", "accountNo": "00139", "name": "GLADYS NYAWIRA MAINA", "phone": "254702882629", "meterNo": "17096713", "accountStatus": "ACTIVE", "accountType": "Domestic", "institution": null, "meterStatus": "METERED", "brand": "YUONSO", "material": "PLASTIC", "meterClass": "B", "schemeName": null, "zone": "012 83", "route": "131 RANGI", "dma": "N/A", "location": "along Rangi road ", "parcelNo": "0", "meterSize": "0.5", "remarks": null, "userId": null, "latitude": -0.3815632, "longitude": 37.0891671 }, "geometry": { "type": "Point", "coordinates": [ 37.0891671, -0.3815632 ] } },
{ "type": "Feature", "properties": { "id": "a44ad7dd-b66f-4da9-a3a1-cdd3a1f71db5", "accountNo": "07018", "name": "SIMON KARUNDITU", "phone": "254726102878", "meterNo": "14048754", "accountStatus": "ACTIVE", "accountType": "Domestic", "institution": null, "meterStatus": "METERED", "brand": "YUONSO", "material": "PLASTIC", "meterClass": "B", "schemeName": null, "zone": "012 83", "route": "131 RANGI", "dma": "N/A", "location": "along Rangi road ", "parcelNo": null, "meterSize": "0.5", "remarks": null, "userId": null, "latitude": -0.3810397, "longitude": 37.0902404 }, "geometry": { "type": "Point", "coordinates": [ 37.0902404, -0.3810397 ] } },
{ "type": "Feature", "properties": { "id": "7eed1b38-f53b-4d97-bc80-6ecef746e691", "accountNo": "00157", "name": "KARANI NGURE", "phone": "254715713968", "meterNo": "1501370417", "accountStatus": "ACTIVE", "accountType": "Institutional", "institution": null, "meterStatus": "METERED", "brand": "YUONSO", "material": "PLASTIC", "meterClass": "B", "schemeName": null, "zone": "012 83", "route": "075 KIANJAU", "dma": "N/A", "location": null, "parcelNo": "0", "meterSize": "0.5", "remarks": null, "userId": null, "latitude": -0.3851897, "longitude": 37.0955314 }, "geometry": { "type": "Point", "coordinates": [ 37.0955314, -0.3851897 ] } },
{ "type": "Feature", "properties": { "id": "253a9222-0b67-4807-a5d9-ca5e7d167966", "accountNo": "00171", "name": "SUSAN WAIRIMU MURIITHI", "phone": "254795347904", "meterNo": "19061094", "accountStatus": "ACTIVE", "accountType": "Domestic", "institution": null, "meterStatus": "METERED", "brand": "YUONSO", "material": "PLASTIC", "meterClass": "B", "schemeName": null, "zone": "012 83", "route": "075 KIANJAU", "dma": "N/A", "location": null, "parcelNo": null, "meterSize": "0.5", "remarks": null, "userId": null, "latitude": -0.38492, "longitude": 37.096745 }, "geometry": { "type": "Point", "coordinates": [ 37.096745, -0.38492 ] } },
{ "type": "Feature", "properties": { "id": "896694a6-8668-4a79-9290-9543aa2c9348", "accountNo": "00185", "name": "JAMES MATU KIMARU", "phone": "254706925400", "meterNo": "17011521", "accountStatus": "ACTIVE", "accountType": "Domestic", "institution": "N/A", "meterStatus": "METERED", "brand": "YUONSO", "material": "PLASTIC", "meterClass": "B", "schemeName": "Rural", "zone": "012 83", "route": "074 NYANA", "dma": "N/A", "location": "next Nyana nursery school", "parcelNo": null, "meterSize": "0.5", "remarks": null, "userId": null, "latitude": -0.3742106, "longitude": 37.1009408 }, "geometry": { "type": "Point", "coordinates": [ 37.1009408, -0.3742106 ] } },
{ "type": "Feature", "properties": { "id": "03b10369-fb6e-4eb4-bde9-bd64f897362a", "accountNo": "00196", "name": "ANTHONY GATHUTHI", "phone": "254720788208", "meterNo": "21068008", "accountStatus": "ACTIVE", "accountType": "Domestic", "institution": "N/A", "meterStatus": "METERED", "brand": "YUONSO", "material": "PLASTIC", "meterClass": "B", "schemeName": "Rural", "zone": "012 83", "route": "074 NYANA", "dma": "N/A", "location": "along nyana road ", "parcelNo": "0", "meterSize": "0.5", "remarks": null, "userId": null, "latitude": -0.3750304, "longitude": 37.103405 }, "geometry": { "type": "Point", "coordinates": [ 37.103405, -0.3750304 ] } },
{ "type": "Feature", "properties": { "id": "f9cd7e05-39a3-4bcf-930a-7ca1e83c7ab6", "accountNo": "00285", "name": "WANJIKU GLADYS KAHIA", "phone": "254712447591", "meterNo": "14062685", "accountStatus": "SEALED", "accountType": "Domestic", "institution": null, "meterStatus": "METERED", "brand": "YUONSO", "material": "PLASTIC", "meterClass": "B", "schemeName": null, "zone": "012 83", "route": "012 83-KIAMARIGA LOWER DMA", "dma": "Kiamariga Lower", "location": null, "parcelNo": null, "meterSize": "0.5", "remarks": null, "userId": null, "latitude": -0.387205, "longitude": 37.0801633 }, "geometry": { "type": "Point", "coordinates": [ 37.0801633, -0.387205 ] } },
{ "type": "Feature", "properties": { "id": "2231483a-6c13-4a58-a701-883a956c2312", "accountNo": "08698", "name": "GICHURU GACIENI", "phone": "254701044583", "meterNo": "160400215", "accountStatus": "ACTIVE", "accountType": "Domestic", "institution": "N/A", "meterStatus": "METERED", "brand": "YUONSO", "material": "PLASTIC", "meterClass": "B", "schemeName": "Rural", "zone": "012 83", "route": "105 GITHIRINGO", "dma": "N/A", "location": "along githiringo road ", "parcelNo": "0", "meterSize": "0.5", "remarks": null, "userId": null, "latitude": -0.3730218, "longitude": 37.1104037 }, "geometry": { "type": "Point", "coordinates": [ 37.1104037, -0.3730218 ] } },
{ "type": "Feature", "properties": { "id": "7d33acd2-fb92-4ada-813b-4a5e97150804", "accountNo": "06778", "name": "JOSEPH MATHENGE MITHAMO", "phone": "254722304088", "meterNo": "19094664", "accountStatus": "ACTIVE", "accountType": "Domestic", "institution": null, "meterStatus": "METERED", "brand": "YUONSO", "material": "Plastic", "meterClass": "C", "schemeName": "Rural", "zone": "012 83", "route": "013- BEHIND COFFEE FACTORY", "dma": "Factory Line", "location": "In the shop ", "parcelNo": null, "meterSize": "0.5", "remarks": "6778", "userId": null, "latitude": -0.3853217, "longitude": 37.084494 }, "geometry": { "type": "Point", "coordinates": [ 37.084494, -0.3853217 ] } },
{ "type": "Feature", "properties": { "id": "c94397fd-1bb8-457c-a059-b43868319d3e", "accountNo": "00327", "name": "GEOFREY WAMBUGU MUTU", "phone": "254729365814", "meterNo": "1400063629", "accountStatus": "ACTIVE", "accountType": "Domestic", "institution": null, "meterStatus": "METERED", "brand": "YUONSO", "material": "PLASTIC", "meterClass": "B", "schemeName": null, "zone": "012 83", "route": "131 RANGI", "dma": "N/A", "location": "along Rangi road ", "parcelNo": null, "meterSize": "0.5", "remarks": null, "userId": null, "latitude": -0.3827928, "longitude": 37.0875633 }, "geometry": { "type": "Point", "coordinates": [ 37.0875633, -0.3827928 ] } },
{ "type": "Feature", "properties": { "id": "f5c0e458-6a28-460b-9b16-c397c1fbc715", "accountNo": "00329", "name": "FRANCIS NGARI MIGWI", "phone": "254724903903", "meterNo": "10-008785", "accountStatus": "ACTIVE", "accountType": "Domestic", "institution": null, "meterStatus": "METERED", "brand": "YUONSO", "material": "Polymer", "meterClass": "A", "schemeName": "Rural", "zone": "012 83", "route": "012 83-KIAMARIGA LOWER DMA", "dma": "N/A", "location": "inside the plot next the gate", "parcelNo": "46B", "meterSize": "0.5", "remarks": "OK", "userId": null, "latitude": -0.3866621, "longitude": 37.0822118 }, "geometry": { "type": "Point", "coordinates": [ 37.0822118, -0.3866621 ] } },
{ "type": "Feature", "properties": { "id": "f0883db2-3629-46de-a5d5-62fd6cf1ccad", "accountNo": "00331", "name": "ROBERT MURAYA MURIUKI", "phone": "254722447445", "meterNo": "21109373", "accountStatus": "ACTIVE", "accountType": "Domestic", "institution": "N/A", "meterStatus": "METERED", "brand": "YUONSO", "material": "PLASTIC", "meterClass": "B", "schemeName": "Rural", "zone": "012 83", "route": "074 NYANA", "dma": "N/A", "location": "along Gichoru road ", "parcelNo": "0", "meterSize": "0.5", "remarks": null, "userId": null, "latitude": -0.38142, "longitude": 37.1021854 }, "geometry": { "type": "Point", "coordinates": [ 37.1021854, -0.38142 ] } },
{ "type": "Feature", "properties": { "id": "f5c0e458-6a28-460b-9b16-c397c2fbc959", "accountNo": "00389", "name": "CHARLES KAHARIRI MARIGA", "phone": "254722876054", "meterNo": "17013119", "accountStatus": "ACTIVE", "accountType": "Domestic", "institution": null, "meterStatus": "METERED", "brand": "younso", "material": "plastic", "meterClass": "b", "schemeName": "Rural", "zone": "012 83", "route": "013- KIAMARIGA TOWN (Upper Side)", "dma": "N/A", "location": "inside the plot", "parcelNo": "127", "meterSize": "0.5", "remarks": "OK", "userId": null, "latitude": -0.3851694, "longitude": 37.0837041 }, "geometry": { "type": "Point", "coordinates": [ 37.0837041, -0.3851694 ] } },
{ "type": "Feature", "properties": { "id": "4b7a5627-42ec-40d7-89f1-76257e7a36cc", "accountNo": "00415", "name": "MOSES NJOROGE WARUTERE", "phone": "254728493098", "meterNo": "1090784", "accountStatus": "ACTIVE", "accountType": "Domestic", "institution": null, "meterStatus": "METERED", "brand": "YUONSO", "material": "PLASTIC", "meterClass": "B", "schemeName": null, "zone": "012 83", "route": "012 83-KIAMARIGA LOWER DMA", "dma": "Kiamariga Lower", "location": null, "parcelNo": "189", "meterSize": "0.5", "remarks": null, "userId": null, "latitude": -0.3863833, "longitude": 37.0818633 }, "geometry": { "type": "Point", "coordinates": [ 37.0818633, -0.3863833 ] } },
{ "type": "Feature", "properties": { "id": "a24b806c-a3a5-450c-8737-d05757bd03c2", "accountNo": "00421", "name": "ARTHUR KIBOCHA GICHUKI", "phone": "254721855803", "meterNo": "14061491", "accountStatus": "ACTIVE", "accountType": "Domestic", "institution": null, "meterStatus": "METERED", "brand": "YUONSO", "material": "PLASTIC", "meterClass": "B", "schemeName": null, "zone": "012 83", "route": "013- BEHIND COFFEE FACTORY", "dma": "Factory Line", "location": null, "parcelNo": "2517", "meterSize": "0.5", "remarks": null, "userId": null, "latitude": -0.3892631, "longitude": 37.07923 }, "geometry": { "type": "Point", "coordinates": [ 37.07923, -0.3892631 ] } },
{ "type": "Feature", "properties": { "id": "ea1ea81d-2af0-425d-8889-25e75e8428fc", "accountNo": "00435", "name": "DUNCAN KIBANYA MAIGUA", "phone": "254713586138", "meterNo": "2203%7421", "accountStatus": "ACTIVE", "accountType": "Domestic", "institution": null, "meterStatus": "METERED", "brand": "YUONSO", "material": "PLASTIC", "meterClass": "B", "schemeName": null, "zone": "012 83", "route": "013- BEHIND COFFEE FACTORY", "dma": "Factory Line", "location": null, "parcelNo": null, "meterSize": "0.5", "remarks": null, "userId": null, "latitude": -0.3878067, "longitude": 37.0833483 }, "geometry": { "type": "Point", "coordinates": [ 37.0833483, -0.3878067 ] } },
{ "type": "Feature", "properties": { "id": "f5c0e458-6a28-460b-9b16-c397c8fbc962", "accountNo": "09074", "name": "JOSEPH G THIRIMU", "phone": "254722378141", "meterNo": "1500233917", "accountStatus": "ACTIVE", "accountType": "Domestic", "institution": null, "meterStatus": "METERED", "brand": "Aimei", "material": "Polymer", "meterClass": null, "schemeName": "Rural", "zone": "013 84", "route": "07- MARIA SECOND LANE", "dma": "N/A", "location": null, "parcelNo": null, "meterSize": "0.5", "remarks": null, "userId": null, "latitude": -0.4019257, "longitude": 37.0843707 }, "geometry": { "type": "Point", "coordinates": [ 37.0843707, -0.4019257 ] } },
{ "type": "Feature", "properties": { "id": "f5c0e458-6a28-460b-9b16-c397c4fbc615", "accountNo": "20283", "name": "LAWRENCE GITHINJI KIRIGO", "phone": "254720889432", "meterNo": "150900131", "accountStatus": "ACTIVE", "accountType": "Domestic", "institution": null, "meterStatus": "METERED", "brand": "younso", "material": "plastic", "meterClass": "b", "schemeName": "Rural", "zone": "012 83", "route": "013- KIAMARIGA TOWN (Upper Side)", "dma": "N/A", "location": "inside the plot", "parcelNo": "0", "meterSize": "0.5", "remarks": "OK", "userId": null, "latitude": -0.3851748, "longitude": 37.0836817 }, "geometry": { "type": "Point", "coordinates": [ 37.0836817, -0.3851748 ] } },
{ "type": "Feature", "properties": { "id": "f5c0e458-6a28-460b-9b16-c397c2fbc215", "accountNo": "20319", "name": "JOHN NDIRANGU GITHUI", "phone": "254721231735", "meterNo": "150900338", "accountStatus": "ACTIVE", "accountType": "Domestic", "institution": null, "meterStatus": "METERED", "brand": "younso", "material": "plastic", "meterClass": "B", "schemeName": "Rural", "zone": "012 83", "route": "013- BEHIND COFFEE FACTORY", "dma": "N/A", "location": "inside the plot", "parcelNo": "0", "meterSize": "0.5", "remarks": "sealed", "userId": null, "latitude": -0.3861492, "longitude": 37.0853265 }, "geometry": { "type": "Point", "coordinates": [ 37.0853265, -0.3861492 ] } },
{ "type": "Feature", "properties": { "id": "76660e99-bbaf-4244-b22a-1433c2573553", "accountNo": "21963", "name": "SAMUEL KARUMBA MUCHIRI", "phone": "254724095471", "meterNo": "17013122", "accountStatus": "ACTIVE", "accountType": "Domestic", "institution": "N/A", "meterStatus": "METERED", "brand": "YUONSO", "material": "PLASTIC", "meterClass": "B", "schemeName": "Rural", "zone": "012 83", "route": "074 NYANA", "dma": "N/A", "location": "Along Nyana road", "parcelNo": "0", "meterSize": "0.5", "remarks": null, "userId": null, "latitude": -0.3725984, "longitude": 37.0969018 }, "geometry": { "type": "Point", "coordinates": [ 37.0969018, -0.3725984 ] } },
{ "type": "Feature", "properties": { "id": "73a1b404-1b1b-46b6-aec2-9ef5bfaab7b5", "accountNo": "08442", "name": "JOHN GICHUHI", "phone": "254700000000", "meterNo": "24014363", "accountStatus": "ACTIVE", "accountType": "Domestic", "institution": null, "meterStatus": "METERED", "brand": "YUONSO", "material": "Plastic", "meterClass": "C", "schemeName": "Rural", "zone": "012 83", "route": "105 GITHIRINGO", "dma": "N/A", "location": "In the farm", "parcelNo": null, "meterSize": "0.5", "remarks": null, "userId": null, "latitude": -0.3743088, "longitude": 37.1071542 }, "geometry": { "type": "Point", "coordinates": [ 37.1071542, -0.3743088 ] } },
{ "type": "Feature", "properties": { "id": "a600982a-feef-4085-ad5e-0b26644af582", "accountNo": "00229", "name": "JAMES GITHAIGA KARANI", "phone": "254710194176", "meterNo": "21065758", "accountStatus": "ACTIVE", "accountType": "Domestic", "institution": "N/A", "meterStatus": "METERED", "brand": "YUONSO", "material": "PLASTIC", "meterClass": null, "schemeName": "Rural", "zone": "012 83", "route": "074 NYANA", "dma": "N/A", "location": "along nyana road ", "parcelNo": null, "meterSize": "0.5", "remarks": null, "userId": null, "latitude": -0.3772448, "longitude": 37.09967 }, "geometry": { "type": "Point", "coordinates": [ 37.09967, -0.3772448 ] } },
{ "type": "Feature", "properties": { "id": "f525b5f7-81ac-4f5d-ad83-cc93acc29e3d", "accountNo": "00300", "name": "P.C.EA KIAMARIGA CHURCH", "phone": "254723791745", "meterNo": "15002896", "accountStatus": "ACTIVE", "accountType": "Domestic", "institution": "N/A", "meterStatus": "METERED", "brand": "YUONSO", "material": "PLASTIC", "meterClass": "B", "schemeName": "Rural", "zone": "012 83", "route": "012 83-KIAMARIGA LOWER DMA", "dma": "N/A", "location": "along Kagati road, near mawasco offices ", "parcelNo": null, "meterSize": "0.5", "remarks": null, "userId": null, "latitude": -0.3852739, "longitude": 37.0780023 }, "geometry": { "type": "Point", "coordinates": [ 37.0780023, -0.3852739 ] } },
{ "type": "Feature", "properties": { "id": "f5c0e458-6a28-460b-9b16-c397c3fbc468", "accountNo": "00423", "name": "JOHNSON MURIUKI MWANIKI", "phone": "254723476768", "meterNo": "150900216", "accountStatus": "ACTIVE", "accountType": "Domestic", "institution": null, "meterStatus": "METERED", "brand": "younso", "material": "plastic", "meterClass": "b", "schemeName": "Rural", "zone": "012 83", "route": "013- KIAMARIGA TOWN (Upper Side)", "dma": "N/A", "location": "inside the plot", "parcelNo": "59", "meterSize": "0.5", "remarks": "OK", "userId": null, "latitude": -0.385087, "longitude": 37.084211 }, "geometry": { "type": "Point", "coordinates": [ 37.084211, -0.385087 ] } },
{ "type": "Feature", "properties": { "id": "8453c1ca-8a91-45a0-8d3f-a071b490d02c", "accountNo": "00471", "name": "MURANGA  KAGWANJA", "phone": "254729365458", "meterNo": "19010903", "accountStatus": "ACTIVE", "accountType": "Domestic", "institution": null, "meterStatus": "METERED", "brand": "YUONSO", "material": "Plastic", "meterClass": "B", "schemeName": "Rural", "zone": "013 84", "route": "186 MARIA", "dma": "N/A", "location": "few meters from the gate", "parcelNo": null, "meterSize": "0.5", "remarks": "active", "userId": null, "latitude": -0.3924267, "longitude": 37.0842717 }, "geometry": { "type": "Point", "coordinates": [ 37.0842717, -0.3924267 ] } },
{ "type": "Feature", "properties": { "id": "f5c0e458-6a28-460b-9b16-c3f7c8fba954", "accountNo": "00500", "name": "WILSON WARUTERE  WANDETO", "phone": "254702697418", "meterNo": "17012304", "accountStatus": "ACTIVE", "accountType": "Domestic", "institution": null, "meterStatus": "METERED", "brand": "YUONSO", "material": "Plastic", "meterClass": "B", "schemeName": "Rural", "zone": "013 84", "route": "012 83-KANGOGORO DMA", "dma": "Kangongoro", "location": "kiandaka", "parcelNo": "666", "meterSize": "0.5", "remarks": "OK", "userId": null, "latitude": -0.3914767, "longitude": 37.0974566 }, "geometry": { "type": "Point", "coordinates": [ 37.0974566, -0.3914767 ] } },
{ "type": "Feature", "properties": { "id": "f5c0e458-6a28-460b-9b16-c397c2fbc916", "accountNo": "08010", "name": "JACKSON NGARI NJOGU", "phone": "254726572004", "meterNo": "17083172", "accountStatus": "ACTIVE", "accountType": "Domestic", "institution": null, "meterStatus": "METERED", "brand": "Younio", "material": "Polymer", "meterClass": "C", "schemeName": "Rural", "zone": "013 84", "route": "017- BEHIND NJATHEINI PRIMARY SCHOOL", "dma": "N/A", "location": "Inside", "parcelNo": "0", "meterSize": "0.5", "remarks": null, "userId": null, "latitude": -0.3912324, "longitude": 37.1076385 }, "geometry": { "type": "Point", "coordinates": [ 37.1076385, -0.3912324 ] } },
{ "type": "Feature", "properties": { "id": "f5c0e458-6a28-460b-9b16-c397c8fbb967", "accountNo": "00513", "name": "EMILY WAKIINI MACHARIA", "phone": "254729284115", "meterNo": "181500837", "accountStatus": "ACTIVE", "accountType": "Institutional", "institution": null, "meterStatus": "METERED", "brand": "Younio", "material": "Polymer", "meterClass": null, "schemeName": "Rural", "zone": "013 84", "route": "082 KABIRUINI", "dma": "N/A", "location": null, "parcelNo": "657", "meterSize": "0.5", "remarks": null, "userId": null, "latitude": -0.3942853, "longitude": 37.0848324 }, "geometry": { "type": "Point", "coordinates": [ 37.0848324, -0.3942853 ] } },
{ "type": "Feature", "properties": { "id": "f5c0e458-6a28-460b-9b16-c397c4fbc403", "accountNo": "00522", "name": "LAWRENCE NGIBUINI KINYUA", "phone": "254720750546", "meterNo": "19096711", "accountStatus": "ACTIVE", "accountType": "Domestic", "institution": null, "meterStatus": "METERED", "brand": "YUONSO", "material": "Plastic", "meterClass": "B", "schemeName": "Rural", "zone": "013 84", "route": "082 KABIRUINI", "dma": "N/A", "location": "kabiruini shopping center", "parcelNo": "9", "meterSize": "0.5", "remarks": "OK", "userId": null, "latitude": -0.3938757, "longitude": 37.0895438 }, "geometry": { "type": "Point", "coordinates": [ 37.0895438, -0.3938757 ] } },
{ "type": "Feature", "properties": { "id": "90a20b13-6543-4450-9056-689fde6bc815", "accountNo": "20361", "name": "MR. PETER WANJOHI GITHUI", "phone": "254725701324", "meterNo": "1509900009", "accountStatus": "ACTIVE", "accountType": "Domestic", "institution": null, "meterStatus": "METERED", "brand": "YUONSO", "material": "PLASTIC", "meterClass": "B", "schemeName": null, "zone": "012 83", "route": "131 RANGI", "dma": "N/A", "location": "along Rangi road, Green mabati gate ", "parcelNo": "0", "meterSize": "0.5", "remarks": null, "userId": null, "latitude": -0.3826501, "longitude": 37.0887652 }, "geometry": { "type": "Point", "coordinates": [ 37.0887652, -0.3826501 ] } },
{ "type": "Feature", "properties": { "id": "f5c0e458-6a28-460b-9b16-c397c7fbc314", "accountNo": "20950", "name": "MOSES NJOROGE WARUTERE", "phone": "254728493098", "meterNo": "16031400", "accountStatus": "ACTIVE", "accountType": "Domestic", "institution": null, "meterStatus": "METERED", "brand": "YUONSO", "material": "Polymer", "meterClass": "A", "schemeName": "Rural", "zone": "012 83", "route": "013- BETWEEN HOSPITAL & MAIN ROAD", "dma": "N/A", "location": "along the fence", "parcelNo": "0", "meterSize": "0.5", "remarks": "OK", "userId": null, "latitude": -0.3851659, "longitude": 37.0820673 }, "geometry": { "type": "Point", "coordinates": [ 37.0820673, -0.3851659 ] } },
{ "type": "Feature", "properties": { "id": "f5c0e458-6a28-460b-9b16-c397c6fbc883", "accountNo": "21794", "name": "DORCAS NYATHIRA KITHINJI", "phone": "254720626152", "meterNo": "17010841", "accountStatus": "ACTIVE", "accountType": "Domestic", "institution": null, "meterStatus": "METERED", "brand": "younso", "material": "plastic", "meterClass": "b", "schemeName": "Rural", "zone": "012 83", "route": "013- KIAMARIGA TOWN (Upper Side)", "dma": "N/A", "location": "inside the plot beside the plot", "parcelNo": "0", "meterSize": "0.5", "remarks": "OK", "userId": null, "latitude": -0.3851745, "longitude": 37.0836827 }, "geometry": { "type": "Point", "coordinates": [ 37.0836827, -0.3851745 ] } },
{ "type": "Feature", "properties": { "id": "748dee4e-4e3c-4fbc-96e1-3f4962485404", "accountNo": "20456", "name": "RAPHAEL MUTHIGA GICHURU", "phone": "254703120529", "meterNo": "150900425", "accountStatus": "ACTIVE", "accountType": "Domestic", "institution": null, "meterStatus": "METERED", "brand": "YUONSO", "material": "PLASTIC", "meterClass": "B", "schemeName": null, "zone": "012 83", "route": "131 RANGI", "dma": "N/A", "location": "along Rangi road ", "parcelNo": "0", "meterSize": "0.5", "remarks": null, "userId": null, "latitude": -0.3753856, "longitude": 37.0945816 }, "geometry": { "type": "Point", "coordinates": [ 37.0945816, -0.3753856 ] } },
{ "type": "Feature", "properties": { "id": "f5c0e458-6a28-460b-9b16-c397c6fbc941", "accountNo": "22080", "name": "GLADYS WANJIKU MURIUKI", "phone": "254727473711", "meterNo": "17013484", "accountStatus": "ACTIVE", "accountType": "Domestic", "institution": null, "meterStatus": "METERED", "brand": "Younio", "material": "Polymer", "meterClass": "C", "schemeName": "Rural", "zone": "013 84", "route": "012 83-KANGOGORO DMA", "dma": "Kangongoro", "location": "Inside", "parcelNo": null, "meterSize": "0.5", "remarks": null, "userId": null, "latitude": -0.3914171, "longitude": 37.0976077 }, "geometry": { "type": "Point", "coordinates": [ 37.0976077, -0.3914171 ] } },
{ "type": "Feature", "properties": { "id": "84fb68cb-e3f9-4d71-90c3-fbc9a0860296", "accountNo": "22087", "name": "PATRICK MWANGI GATHERU", "phone": "254704101153", "meterNo": "17013485", "accountStatus": "ACTIVE", "accountType": "Domestic", "institution": null, "meterStatus": "METERED", "brand": "YUONSO", "material": "PLASTIC", "meterClass": "B", "schemeName": null, "zone": "012 83", "route": "013- BEHIND COFFEE FACTORY", "dma": "Factory Line", "location": null, "parcelNo": "0", "meterSize": "0.5", "remarks": null, "userId": null, "latitude": -0.3881765, "longitude": 37.0822691 }, "geometry": { "type": "Point", "coordinates": [ 37.0822691, -0.3881765 ] } },
{ "type": "Feature", "properties": { "id": "f5c0e458-6a28-460b-9b16-c397c5fbc058", "accountNo": "22903", "name": "JOHN KAHIA MUGO", "phone": "254706549721", "meterNo": "18056325", "accountStatus": "ACTIVE", "accountType": "Domestic", "institution": null, "meterStatus": "METERED", "brand": "Younio", "material": "Polymer", "meterClass": "B", "schemeName": "Rural", "zone": "013 84", "route": "012 83-KANGOGORO DMA", "dma": "Kangongoro", "location": "Inside", "parcelNo": "0", "meterSize": "0.5", "remarks": null, "userId": null, "latitude": -0.3915851, "longitude": 37.0938902 }, "geometry": { "type": "Point", "coordinates": [ 37.0938902, -0.3915851 ] } },
{ "type": "Feature", "properties": { "id": "f5c0e458-6a28-460b-9b16-c397c8fbc034", "accountNo": "22769", "name": "MOSES GIKU KAMAU", "phone": "254705054458", "meterNo": "16034103", "accountStatus": "ACTIVE", "accountType": "Domestic", "institution": null, "meterStatus": "METERED", "brand": "Younio", "material": "Polymer", "meterClass": "C", "schemeName": "Rural", "zone": "013 84", "route": "082 KABIRUINI", "dma": "N/A", "location": "Inside", "parcelNo": null, "meterSize": "0.5", "remarks": null, "userId": null, "latitude": -0.394008, "longitude": 37.0856035 }, "geometry": { "type": "Point", "coordinates": [ 37.0856035, -0.394008 ] } },
{ "type": "Feature", "properties": { "id": "f5c0e458-6a28-460b-9b16-c397c1fbc436", "accountNo": "00087", "name": "FESTON  KIRUGA", "phone": "254700342934", "meterNo": "19096859", "accountStatus": "ACTIVE", "accountType": "Domestic", "institution": null, "meterStatus": "METERED", "brand": "YUONSO", "material": "Polymer", "meterClass": "A", "schemeName": "Rural", "zone": "012 83", "route": "013- BETWEEN HOSPITAL & MAIN ROAD", "dma": "N/A", "location": "below the house", "parcelNo": null, "meterSize": "0.5", "remarks": "OK", "userId": null, "latitude": -0.3852273, "longitude": 37.0830814 }, "geometry": { "type": "Point", "coordinates": [ 37.0830814, -0.3852273 ] } },
{ "type": "Feature", "properties": { "id": "f5c0e458-6a28-460b-9b16-c397c9fbc070", "accountNo": "20798", "name": "TERESIA NYOKABI KANGA", "phone": "254722836085", "meterNo": "160400247", "accountStatus": "ACTIVE", "accountType": "Domestic", "institution": null, "meterStatus": "METERED", "brand": "Younio", "material": "Polymer", "meterClass": "B", "schemeName": "Rural", "zone": "013 84", "route": "07- MARIA SECOND LANE", "dma": "N/A", "location": "Inside", "parcelNo": "0", "meterSize": "0.5", "remarks": null, "userId": null, "latitude": -0.3993163, "longitude": 37.0810203 }, "geometry": { "type": "Point", "coordinates": [ 37.0810203, -0.3993163 ] } },
{ "type": "Feature", "properties": { "id": "decde89a-c1e5-43c9-a93b-2da280e2d224", "accountNo": "09349", "name": "WARUTERE  KIMONDO", "phone": "254704575062", "meterNo": "181500831", "accountStatus": "ACTIVE", "accountType": "Domestic", "institution": null, "meterStatus": "METERED", "brand": "YUONSO", "material": "Plastic", "meterClass": "C", "schemeName": "Rural", "zone": "013 84", "route": "017- BEHIND NJATHEINI PRIMARY SCHOOL", "dma": "N/A", "location": "Near the gate", "parcelNo": null, "meterSize": "0.5", "remarks": null, "userId": null, "latitude": -0.3915435, "longitude": 37.1082711 }, "geometry": { "type": "Point", "coordinates": [ 37.1082711, -0.3915435 ] } },
{ "type": "Feature", "properties": { "id": "f5c0e458-6a28-460b-9b16-c397c3fbc448", "accountNo": "09299", "name": "MITHAMO CHIURI", "phone": "254722696742", "meterNo": "181500803", "accountStatus": "ACTIVE", "accountType": "Domestic", "institution": null, "meterStatus": "METERED", "brand": null, "material": null, "meterClass": null, "schemeName": "Rural", "zone": "013 84", "route": "089 NJATHEINI", "dma": "N/A", "location": null, "parcelNo": null, "meterSize": "0.5", "remarks": null, "userId": null, "latitude": -0.3916729, "longitude": 37.1079852 }, "geometry": { "type": "Point", "coordinates": [ 37.1079852, -0.3916729 ] } },
{ "type": "Feature", "properties": { "id": "820df560-8542-4b0d-b604-6a7affa1e89e", "accountNo": "20547", "name": "KEZIAH WAIRIMU MURIUKI", "phone": "254724313595", "meterNo": "150900109", "accountStatus": "ACTIVE", "accountType": "Domestic", "institution": null, "meterStatus": "METERED", "brand": "YUONSO", "material": "PLASTIC", "meterClass": "B", "schemeName": null, "zone": "012 83", "route": "012 83-KIAMARIGA LOWER DMA", "dma": "Kiamariga Lower", "location": null, "parcelNo": "0", "meterSize": "0.5", "remarks": null, "userId": null, "latitude": -0.3857667, "longitude": 37.080825 }, "geometry": { "type": "Point", "coordinates": [ 37.080825, -0.3857667 ] } },
{ "type": "Feature", "properties": { "id": "5b03ce82-6bb0-42a6-a49a-cf1de7bd5732", "accountNo": "00440", "name": "JAMES NDERITU  GACHAGUA", "phone": "254722281043", "meterNo": "21109464", "accountStatus": "ACTIVE", "accountType": "Domestic", "institution": null, "meterStatus": "METERED", "brand": "YUONSO", "material": "PLASTIC", "meterClass": "B", "schemeName": null, "zone": "012 83", "route": "077 KAGATI", "dma": "N/A", "location": null, "parcelNo": null, "meterSize": "0.8", "remarks": null, "userId": null, "latitude": -0.3965438, "longitude": 37.0685548 }, "geometry": { "type": "Point", "coordinates": [ 37.0685548, -0.3965438 ] } },
{ "type": "Feature", "properties": { "id": "f5c0e458-6a28-460b-9b16-c397c4fbc125", "accountNo": "22679", "name": "STEPHEN WACHIRA WARUTERE", "phone": "254712141271", "meterNo": "1500199817", "accountStatus": "ACTIVE", "accountType": "Domestic", "institution": null, "meterStatus": "METERED", "brand": "Aimei", "material": "Polymer", "meterClass": "C", "schemeName": "Rural", "zone": "013 84", "route": "012 83-KANGOGORO DMA", "dma": "Kangongoro", "location": "Inside", "parcelNo": "0", "meterSize": "0.5", "remarks": null, "userId": null, "latitude": -0.3913795, "longitude": 37.0974539 }, "geometry": { "type": "Point", "coordinates": [ 37.0974539, -0.3913795 ] } },
{ "type": "Feature", "properties": { "id": "f5c0e458-6a28-460b-9b16-c397c6fbc315", "accountNo": "08242", "name": "STEPHEN   KAMUNGE", "phone": "254728846690", "meterNo": "19096808", "accountStatus": "SEALED", "accountType": "Domestic", "institution": null, "meterStatus": "METERED", "brand": "YUONSO", "material": "Polymer", "meterClass": "A", "schemeName": "Rural", "zone": "012 83", "route": "012 83-KIAMARIGA LOWER DMA", "dma": "N/A", "location": "next avocado tree", "parcelNo": null, "meterSize": "0.5", "remarks": "OK", "userId": null, "latitude": -0.3871202, "longitude": 37.0828988 }, "geometry": { "type": "Point", "coordinates": [ 37.0828988, -0.3871202 ] } },
{ "type": "Feature", "properties": { "id": "b565ad03-3d36-4f5d-b562-fe21adc96688", "accountNo": "08253", "name": "DAVID  MURAGE  GACHUHI", "phone": "254724802888", "meterNo": "19095274", "accountStatus": "ACTIVE", "accountType": "Domestic", "institution": "N/A", "meterStatus": "METERED", "brand": "YUONSO", "material": "PLASTIC", "meterClass": "B", "schemeName": "Rural", "zone": "012 83", "route": "012 83-KIAMARIGA LOWER DMA", "dma": "N/A", "location": "along Kagati road ", "parcelNo": null, "meterSize": "0.5", "remarks": null, "userId": null, "latitude": -0.386998, "longitude": 37.0765516 }, "geometry": { "type": "Point", "coordinates": [ 37.0765516, -0.386998 ] } },
{ "type": "Feature", "properties": { "id": "32f125d3-b78d-4a35-a324-e4f50ef9ab6b", "accountNo": "00349", "name": "DAVID KIHUHA WERU", "phone": "254726722456", "meterNo": "19095936", "accountStatus": "ACTIVE", "accountType": "Domestic", "institution": "N/A", "meterStatus": "METERED", "brand": "YUONSO", "material": "PLASTIC", "meterClass": "B", "schemeName": "Rural", "zone": "012 83", "route": "012 83-KIAMARIGA LOWER DMA", "dma": "N/A", "location": "along Kagati road ", "parcelNo": "0", "meterSize": "0.5", "remarks": null, "userId": null, "latitude": -0.388091, "longitude": 37.0756784 }, "geometry": { "type": "Point", "coordinates": [ 37.0756784, -0.388091 ] } },
{ "type": "Feature", "properties": { "id": "da990356-ac5c-48f6-9b4f-07f6c61066ef", "accountNo": "23073", "name": "JAMES KINYUA GATHINJA", "phone": "254723956754", "meterNo": "1500872417", "accountStatus": "ACTIVE", "accountType": "Domestic", "institution": "N/A", "meterStatus": "METERED", "brand": "YUONSO", "material": "PLASTIC", "meterClass": "B", "schemeName": "Rural", "zone": "012 83", "route": "076 KIAMARIGA", "dma": "N/A", "location": "along Kagati road ", "parcelNo": "0", "meterSize": "0.5", "remarks": null, "userId": null, "latitude": -0.3859064, "longitude": 37.076745 }, "geometry": { "type": "Point", "coordinates": [ 37.076745, -0.3859064 ] } },
{ "type": "Feature", "properties": { "id": "f5c0e458-6a28-460b-9b16-c397c4fbc199", "accountNo": "09332", "name": "WAIRIGUINI KIRIAKU", "phone": "254713644369", "meterNo": "19095650", "accountStatus": "ACTIVE", "accountType": "Domestic", "institution": null, "meterStatus": "METERED", "brand": null, "material": null, "meterClass": null, "schemeName": "Rural", "zone": "013 84", "route": "089 NJATHEINI", "dma": "N/A", "location": null, "parcelNo": null, "meterSize": "0.5", "remarks": null, "userId": null, "latitude": -0.393763, "longitude": 37.1023868 }, "geometry": { "type": "Point", "coordinates": [ 37.1023868, -0.393763 ] } },
{ "type": "Feature", "properties": { "id": "f5c0e458-6a28-460b-9b16-c397c5fbc286", "accountNo": "09382", "name": "CHARLES  NJOGU WAHOME", "phone": "254728947789", "meterNo": "19057305", "accountStatus": "ACTIVE", "accountType": "Domestic", "institution": null, "meterStatus": "METERED", "brand": "Younio", "material": "Polymer", "meterClass": "B", "schemeName": "Rural", "zone": "013 84", "route": "089 NJATHEINI", "dma": "N/A", "location": "Inside", "parcelNo": null, "meterSize": "0.5", "remarks": null, "userId": null, "latitude": -0.3941069, "longitude": 37.1014882 }, "geometry": { "type": "Point", "coordinates": [ 37.1014882, -0.3941069 ] } },
{ "type": "Feature", "properties": { "id": "f5c0e458-6a28-460b-9b16-c397c3fbc770", "accountNo": "09308", "name": "KIBUI  WAHOME", "phone": "254723570795", "meterNo": "181500807", "accountStatus": "ACTIVE", "accountType": "Domestic", "institution": null, "meterStatus": "METERED", "brand": null, "material": null, "meterClass": null, "schemeName": "Rural", "zone": "013 84", "route": "089 NJATHEINI", "dma": "N/A", "location": null, "parcelNo": null, "meterSize": "0.5", "remarks": null, "userId": null, "latitude": -0.3931953, "longitude": 37.1034506 }, "geometry": { "type": "Point", "coordinates": [ 37.1034506, -0.3931953 ] } },
{ "type": "Feature", "properties": { "id": "b2204bcc-ced2-4fc7-9a0d-ba80e5837d1b", "accountNo": "23329", "name": "MILKA WANJIRA MBUCHU", "phone": "254726841025", "meterNo": "19014142", "accountStatus": "ACTIVE", "accountType": "Domestic", "institution": null, "meterStatus": "METERED", "brand": "YUONSO", "material": "Plastic", "meterClass": "C", "schemeName": null, "zone": "012 83", "route": "013- KIAMARIGA TOWN (Upper Side)", "dma": "N/A", "location": null, "parcelNo": null, "meterSize": "0.5", "remarks": null, "userId": null, "latitude": -0.3853645, "longitude": 37.0839237 }, "geometry": { "type": "Point", "coordinates": [ 37.0839237, -0.3853645 ] } },
{ "type": "Feature", "properties": { "id": "f5c0e458-6a28-460b-9b16-c397c4fbc465", "accountNo": "20494", "name": "ALICE KANJA RUICIRIA", "phone": "254722901299", "meterNo": "150900045", "accountStatus": "ACTIVE", "accountType": "Domestic", "institution": null, "meterStatus": "METERED", "brand": "Younio", "material": "Polymer", "meterClass": "B", "schemeName": "Rural", "zone": "013 84", "route": "082 KABIRUINI", "dma": "N/A", "location": "Inside", "parcelNo": "2415", "meterSize": "0.5", "remarks": null, "userId": null, "latitude": -0.3940121, "longitude": 37.0856763 }, "geometry": { "type": "Point", "coordinates": [ 37.0856763, -0.3940121 ] } },
{ "type": "Feature", "properties": { "id": "19cd3808-7f5b-491d-82cd-6e3bfa2b4236", "accountNo": "08288", "name": "RUBIRI WERU", "phone": null, "meterNo": "24015923", "accountStatus": "ACTIVE", "accountType": "Domestic", "institution": null, "meterStatus": "METERED", "brand": "YUONSO", "material": "Plastic", "meterClass": "C", "schemeName": "Rural", "zone": "012 83", "route": "131 RANGI", "dma": "N/A", "location": "Along the fence ", "parcelNo": null, "meterSize": "0.5", "remarks": null, "userId": null, "latitude": -0.3842174, "longitude": 37.0868193 }, "geometry": { "type": "Point", "coordinates": [ 37.0868193, -0.3842174 ] } },
{ "type": "Feature", "properties": { "id": "f5c0e458-6a28-460b-9b16-c397c6fbc377", "accountNo": "22410", "name": "HILDAH NYAMBURA KAMWETI", "phone": "254714249064", "meterNo": "19061382", "accountStatus": "SEALED", "accountType": "Domestic", "institution": null, "meterStatus": "METERED", "brand": "yiunso", "material": "plastic", "meterClass": "b", "schemeName": "Rural", "zone": "012 83", "route": "126 KIAMBII", "dma": "N/A", "location": "inside near the gate", "parcelNo": null, "meterSize": "0.5", "remarks": "OK", "userId": null, "latitude": -0.3896402, "longitude": 37.0864793 }, "geometry": { "type": "Point", "coordinates": [ 37.0864793, -0.3896402 ] } },
{ "type": "Feature", "properties": { "id": "8725e82f-d8ee-4586-b525-468e0eebc470", "accountNo": "08608", "name": "VIRGINIA GATHONI KABIRU", "phone": "254728267442", "meterNo": "21109953", "accountStatus": "ACTIVE", "accountType": "Domestic", "institution": "N/A", "meterStatus": "METERED", "brand": "YUONSO", "material": "PLASTIC", "meterClass": "B", "schemeName": "Rural", "zone": "012 83", "route": "074 NYANA", "dma": "N/A", "location": "along nyana road ", "parcelNo": null, "meterSize": "0.5", "remarks": null, "userId": null, "latitude": -0.3740132, "longitude": 37.0996572 }, "geometry": { "type": "Point", "coordinates": [ 37.0996572, -0.3740132 ] } },
{ "type": "Feature", "properties": { "id": "fee39c04-0025-491e-afce-d6262fdf722d", "accountNo": "21123", "name": "PATRICK MAINA KIUGI", "phone": "254728683504", "meterNo": "16031166", "accountStatus": "ACTIVE", "accountType": "Domestic", "institution": "N/A", "meterStatus": "METERED", "brand": "YUONSO", "material": "PLASTIC", "meterClass": "B", "schemeName": "Rural", "zone": "012 83", "route": "012 83-KIAMARIGA LOWER DMA", "dma": "N/A", "location": "opposite junction to Kagati field ", "parcelNo": "0", "meterSize": "0.5", "remarks": null, "userId": null, "latitude": -0.388406, "longitude": 37.0743129 }, "geometry": { "type": "Point", "coordinates": [ 37.0743129, -0.388406 ] } },
{ "type": "Feature", "properties": { "id": "cf2301e7-9e44-42e4-bcd5-dca1e1d02f0b", "accountNo": "21032", "name": "AGNES GATHIGIA NGURA", "phone": "254705485521", "meterNo": "16001357", "accountStatus": "ACTIVE", "accountType": "Domestic", "institution": null, "meterStatus": "METERED", "brand": "YUONSO", "material": "PLASTIC", "meterClass": "B", "schemeName": null, "zone": "012 83", "route": "077 KAGATI", "dma": "Factory Line", "location": null, "parcelNo": "0", "meterSize": "0.5", "remarks": null, "userId": null, "latitude": -0.3906342, "longitude": 37.0718957 }, "geometry": { "type": "Point", "coordinates": [ 37.0718957, -0.3906342 ] } },
{ "type": "Feature", "properties": { "id": "bdbbb3c8-cae4-4120-8be8-710e2c1e847b", "accountNo": "07910", "name": "WACHIRA MURAGE", "phone": "254725527379", "meterNo": "19093231", "accountStatus": "ACTIVE", "accountType": "Domestic", "institution": null, "meterStatus": "METERED", "brand": "YUONSO", "material": "Plastic", "meterClass": "C", "schemeName": "Rural", "zone": "013 84", "route": "186 MARIA", "dma": "N/A", "location": "In the fence", "parcelNo": null, "meterSize": "0.5", "remarks": null, "userId": null, "latitude": -0.4014816, "longitude": 37.0789489 }, "geometry": { "type": "Point", "coordinates": [ 37.0789489, -0.4014816 ] } },
{ "type": "Feature", "properties": { "id": "f5c0e458-6a28-460b-9b16-c397c1fbc096", "accountNo": "00059", "name": "HUNDU  MUKUMBU", "phone": "254722679219", "meterNo": "21109320", "accountStatus": "ACTIVE", "accountType": "Domestic", "institution": null, "meterStatus": "METERED", "brand": "Yuonso", "material": null, "meterClass": null, "schemeName": "Rural", "zone": "012 83", "route": "071 IRURI", "dma": "N/A", "location": null, "parcelNo": null, "meterSize": "0.5", "remarks": null, "userId": null, "latitude": -0.366917, "longitude": 37.09105 }, "geometry": { "type": "Point", "coordinates": [ 37.09105, -0.366917 ] } },
{ "type": "Feature", "properties": { "id": "7c0373f4-1e95-41ae-a837-6dd314837da4", "accountNo": "23536", "name": "AGNES WARUGURU MURIUKI", "phone": "254716400846", "meterNo": "19014108", "accountStatus": "ACTIVE", "accountType": "Domestic", "institution": "N/A", "meterStatus": "METERED", "brand": "YUONSO", "material": "PLASTIC", "meterClass": "B", "schemeName": "Rural", "zone": "012 83", "route": "HIRIGA (83)", "dma": "N/A", "location": "Along MCA road", "parcelNo": "1188", "meterSize": "0.5", "remarks": null, "userId": null, "latitude": -0.4025886, "longitude": 37.0658782 }, "geometry": { "type": "Point", "coordinates": [ 37.0658782, -0.4025886 ] } },
{ "type": "Feature", "properties": { "id": "f5c0e458-6a28-460b-9b16-c397c8fbc117", "accountNo": "24233", "name": "SUSAN KIRIGO WAINUKU", "phone": "254725243432", "meterNo": "19060498", "accountStatus": "ACTIVE", "accountType": "Domestic", "institution": null, "meterStatus": "METERED", "brand": "Younio", "material": "Polymer", "meterClass": "C", "schemeName": "Rural", "zone": "013 84", "route": "082 KABIRUINI", "dma": "N/A", "location": "Inside", "parcelNo": null, "meterSize": "0.5", "remarks": null, "userId": null, "latitude": -0.3938371, "longitude": 37.0865953 }, "geometry": { "type": "Point", "coordinates": [ 37.0865953, -0.3938371 ] } },
{ "type": "Feature", "properties": { "id": "f5c0e458-6a28-460b-9b16-c397c3fbc368", "accountNo": "24281", "name": "PATRICK M.KAHARIRI", "phone": "254722876054", "meterNo": "19060807", "accountStatus": "ACTIVE", "accountType": "Domestic", "institution": null, "meterStatus": "METERED", "brand": "YUONSO", "material": "Polymer", "meterClass": "A", "schemeName": "Rural", "zone": "012 83", "route": "012 83-KIAMARIGA LOWER DMA", "dma": "N/A", "location": "before the gate", "parcelNo": null, "meterSize": "0.5", "remarks": "OK", "userId": null, "latitude": -0.3864062, "longitude": 37.0816725 }, "geometry": { "type": "Point", "coordinates": [ 37.0816725, -0.3864062 ] } },
{ "type": "Feature", "properties": { "id": "f5c0e458-6a28-460b-9b16-c397c7fbc631", "accountNo": "24355", "name": "PAUL GICHERU ZAKAYO", "phone": "254725742471", "meterNo": "19096139", "accountStatus": "ACTIVE", "accountType": "Domestic", "institution": null, "meterStatus": "METERED", "brand": "Younio", "material": "Polymer", "meterClass": "B", "schemeName": "Rural", "zone": "013 84", "route": "089 NJATHEINI", "dma": "N/A", "location": "Inside", "parcelNo": null, "meterSize": "0.5", "remarks": null, "userId": null, "latitude": -0.3920712, "longitude": 37.1072593 }, "geometry": { "type": "Point", "coordinates": [ 37.1072593, -0.3920712 ] } },
{ "type": "Feature", "properties": { "id": "1400f9ae-b4ec-4a0e-9388-ca519fe7de31", "accountNo": "08286", "name": "NGATIA   MUITA", "phone": "254723292023", "meterNo": "21069127", "accountStatus": "ACTIVE", "accountType": "Domestic", "institution": null, "meterStatus": "METERED", "brand": "YUONSO", "material": "PLASTIC", "meterClass": "B", "schemeName": null, "zone": "012 83", "route": "078 GITHAMBIRO", "dma": "Factory Line", "location": null, "parcelNo": null, "meterSize": "0.5", "remarks": null, "userId": null, "latitude": -0.3757993, "longitude": 37.0920837 }, "geometry": { "type": "Point", "coordinates": [ 37.0920837, -0.3757993 ] } },
{ "type": "Feature", "properties": { "id": "a0b551e5-5158-4995-aaf9-f59589983f62", "accountNo": "00214", "name": "JULIUS NIARU NGETHA", "phone": "254724809765", "meterNo": "17014303", "accountStatus": "ACTIVE", "accountType": "Domestic", "institution": "N/A", "meterStatus": "METERED", "brand": "YUONSO", "material": "PLASTIC", "meterClass": "B", "schemeName": "Rural", "zone": "012 83", "route": "074 NYANA", "dma": "N/A", "location": "githurai center ", "parcelNo": "0", "meterSize": "0.5", "remarks": null, "userId": null, "latitude": -0.37653, "longitude": 37.102295 }, "geometry": { "type": "Point", "coordinates": [ 37.102295, -0.37653 ] } },
{ "type": "Feature", "properties": { "id": "9bf30d8b-7a7f-4646-a221-d238f583c627", "accountNo": "08482", "name": "JOHNSON MUCHIRI GITHINJI", "phone": "254720171663", "meterNo": "17011689", "accountStatus": "ACTIVE", "accountType": "Domestic", "institution": "N/A", "meterStatus": "METERED", "brand": "YUONSO", "material": "PLASTIC", "meterClass": "B", "schemeName": "Rural", "zone": "012 83", "route": "074 NYANA", "dma": "N/A", "location": "along nyana road ", "parcelNo": null, "meterSize": "0.5", "remarks": null, "userId": null, "latitude": -0.3744211, "longitude": 37.0995181 }, "geometry": { "type": "Point", "coordinates": [ 37.0995181, -0.3744211 ] } },
{ "type": "Feature", "properties": { "id": "f5c0e458-6a28-460b-9b16-c397c7fbc493", "accountNo": "24467", "name": "GRACE NYAGITARE MWANIKI", "phone": "254721597319", "meterNo": "19096978", "accountStatus": "ACTIVE", "accountType": "Domestic", "institution": null, "meterStatus": "METERED", "brand": "Younio", "material": "Polymer", "meterClass": "B", "schemeName": "Rural", "zone": "013 84", "route": "087 KIANDAKA", "dma": "N/A", "location": "Inside", "parcelNo": null, "meterSize": "0.5", "remarks": null, "userId": null, "latitude": -0.3933459, "longitude": 37.095986 }, "geometry": { "type": "Point", "coordinates": [ 37.095986, -0.3933459 ] } },
{ "type": "Feature", "properties": { "id": "62b76620-4d6d-47d0-9927-027cfa18488f", "accountNo": "24484", "name": "SHELMITH NYACHIHI KABIRU", "phone": "254710746491", "meterNo": "19096603", "accountStatus": "ACTIVE", "accountType": "Domestic", "institution": null, "meterStatus": "METERED", "brand": "YUONSO", "material": "PLASTIC", "meterClass": "B", "schemeName": null, "zone": "012 83", "route": "013- BEHIND COFFEE FACTORY", "dma": "Factory Line", "location": null, "parcelNo": null, "meterSize": "0.5", "remarks": null, "userId": null, "latitude": -0.3894267, "longitude": 37.0783933 }, "geometry": { "type": "Point", "coordinates": [ 37.0783933, -0.3894267 ] } },
{ "type": "Feature", "properties": { "id": "facd92d4-46e3-42e0-b287-221b92eaaf3a", "accountNo": "24629", "name": "MWANGI MURIUKI KARANJA", "phone": "254725880608", "meterNo": "19095196", "accountStatus": "ACTIVE", "accountType": "Domestic", "institution": null, "meterStatus": "METERED", "brand": "YUONSO", "material": "Plastic", "meterClass": "C", "schemeName": "Rural", "zone": "013 84", "route": "186 MARIA", "dma": "N/A", "location": "Opposite the house", "parcelNo": null, "meterSize": "0.5", "remarks": null, "userId": null, "latitude": -0.3973529, "longitude": 37.0837102 }, "geometry": { "type": "Point", "coordinates": [ 37.0837102, -0.3973529 ] } },
{ "type": "Feature", "properties": { "id": "fb811fd1-63e2-4d93-ad69-8b5228d66702", "accountNo": "00281", "name": "ESTHER NYAGUTHI WANJOHI", "phone": "254724401145", "meterNo": "23177996", "accountStatus": "ACTIVE", "accountType": "Domestic", "institution": null, "meterStatus": "METERED", "brand": "YUONSO", "material": "POLYMER", "meterClass": "A", "schemeName": null, "zone": "012 83", "route": "075 KIANJAU", "dma": "N/A", "location": "kianjau", "parcelNo": "0", "meterSize": "0.5", "remarks": null, "userId": null, "latitude": -0.3829151, "longitude": 37.0987241 }, "geometry": { "type": "Point", "coordinates": [ 37.0987241, -0.3829151 ] } },
{ "type": "Feature", "properties": { "id": "c8088bed-7bae-4bc6-9452-cc200de85608", "accountNo": "08610", "name": "SOLOMON GICHOHI GITAHI", "phone": "254727639927", "meterNo": "14050520", "accountStatus": "ACTIVE", "accountType": "Domestic", "institution": null, "meterStatus": "METERED", "brand": "YUONSO", "material": "Plastic", "meterClass": "C", "schemeName": "Rural", "zone": "012 83", "route": "013- BETWEEN HOSPITAL & MAIN ROAD", "dma": "N/A", "location": "in the house compound ", "parcelNo": null, "meterSize": "0.5", "remarks": null, "userId": null, "latitude": -0.3844984, "longitude": 37.0832348 }, "geometry": { "type": "Point", "coordinates": [ 37.0832348, -0.3844984 ] } },
{ "type": "Feature", "properties": { "id": "f5c0e458-6a28-460b-9b16-c397c6fbc467", "accountNo": "08268", "name": "KIAMARIGA  SLAUGHTER  HOUSE", "phone": "254705904896", "meterNo": "160400240", "accountStatus": "ACTIVE", "accountType": "Domestic", "institution": null, "meterStatus": "METERED", "brand": "Younso", "material": "Plastic", "meterClass": "B", "schemeName": "Rural", "zone": "023 82", "route": "0021- INST. 83", "dma": "N/A", "location": null, "parcelNo": null, "meterSize": "0.5", "remarks": null, "userId": null, "latitude": -0.384242, "longitude": 37.08433 }, "geometry": { "type": "Point", "coordinates": [ 37.08433, -0.384242 ] } },
{ "type": "Feature", "properties": { "id": "f5c0e458-6a28-460b-9b16-c397c7fbc893", "accountNo": "08271", "name": "JOSEPH N MURIUKI", "phone": "254729168815", "meterNo": "150218518", "accountStatus": "ACTIVE", "accountType": "Domestic", "institution": null, "meterStatus": "METERED", "brand": "younso", "material": "plastic", "meterClass": "b", "schemeName": "Rural", "zone": "012 83", "route": "013- BEHIND COFFEE FACTORY", "dma": "N/A", "location": "inside plot beside the tank", "parcelNo": "0", "meterSize": "0.5", "remarks": "sealed", "userId": null, "latitude": -0.3859961, "longitude": 37.0851907 }, "geometry": { "type": "Point", "coordinates": [ 37.0851907, -0.3859961 ] } },
{ "type": "Feature", "properties": { "id": "b4f93d63-30bf-4cdd-892c-3f6adeed5f8b", "accountNo": "08313", "name": "JOHN  NGATIA   GITHINJI", "phone": "254733792909", "meterNo": "1501219317", "accountStatus": "SEALED", "accountType": "Domestic", "institution": null, "meterStatus": "METERED", "brand": "YUONSO", "material": "PLASTIC", "meterClass": "B", "schemeName": null, "zone": "012 83", "route": "075 KIANJAU", "dma": "N/A", "location": "pastor Dunjos Academy, ", "parcelNo": "0", "meterSize": "0.5", "remarks": null, "userId": null, "latitude": -0.3869034, "longitude": 37.08831 }, "geometry": { "type": "Point", "coordinates": [ 37.08831, -0.3869034 ] } },
{ "type": "Feature", "properties": { "id": "251a3459-29e3-41a7-abe1-c6b63a6dcfcc", "accountNo": "08367", "name": "NAHASHON GICHUKI MUTU", "phone": "254700536299", "meterNo": "18057321", "accountStatus": "ACTIVE", "accountType": "Domestic", "institution": null, "meterStatus": "METERED", "brand": "YUONSO", "material": "PLASTIC", "meterClass": "B", "schemeName": null, "zone": "012 83", "route": "131 RANGI", "dma": "N/A", "location": "along Rangi road ", "parcelNo": "0", "meterSize": "0.5", "remarks": null, "userId": null, "latitude": -0.3834094, "longitude": 37.0871061 }, "geometry": { "type": "Point", "coordinates": [ 37.0871061, -0.3834094 ] } },
{ "type": "Feature", "properties": { "id": "01ce7fa6-3721-4d8b-9770-1dfe046d1e2d", "accountNo": "00153", "name": "DAVID MURIUKI GATHAGU", "phone": "254721945368", "meterNo": "1503801517", "accountStatus": "SEALED", "accountType": "Domestic", "institution": null, "meterStatus": "METERED", "brand": "YUONSO", "material": "PLASTIC", "meterClass": "B", "schemeName": null, "zone": "012 83", "route": "075 KIANJAU", "dma": "N/A", "location": null, "parcelNo": "0", "meterSize": "0.5", "remarks": null, "userId": null, "latitude": -0.382185, "longitude": 37.0965533 }, "geometry": { "type": "Point", "coordinates": [ 37.0965533, -0.382185 ] } },
{ "type": "Feature", "properties": { "id": "c90a94e0-1802-4da9-8393-2b0311e8cfa9", "accountNo": "00162", "name": "SAMUEL MUREGI GATHERU", "phone": "254726901323", "meterNo": "17176434", "accountStatus": "ACTIVE", "accountType": "Domestic", "institution": null, "meterStatus": "METERED", "brand": "YUONSO", "material": "PLASTIC", "meterClass": "B", "schemeName": null, "zone": "012 83", "route": "131 RANGI", "dma": "N/A", "location": "along Rangi road ", "parcelNo": "1", "meterSize": "0.5", "remarks": null, "userId": null, "latitude": -0.3862133, "longitude": 37.0872633 }, "geometry": { "type": "Point", "coordinates": [ 37.0872633, -0.3862133 ] } },
{ "type": "Feature", "properties": { "id": "f5c0e458-6a28-460b-9b16-c397c7fbc096", "accountNo": "24705", "name": "JOHN WAITHAKA GICHURI", "phone": "254721377328", "meterNo": "19096324", "accountStatus": "ACTIVE", "accountType": "Domestic", "institution": null, "meterStatus": "METERED", "brand": "younso", "material": "plastic", "meterClass": "b", "schemeName": "Rural", "zone": "012 83", "route": "076 KIAMARIGA", "dma": "N/A", "location": "behind the. house", "parcelNo": null, "meterSize": "0.5", "remarks": "disconnected", "userId": null, "latitude": -0.38412, "longitude": 37.0845281 }, "geometry": { "type": "Point", "coordinates": [ 37.0845281, -0.38412 ] } },
{ "type": "Feature", "properties": { "id": "1e22e889-4015-4865-ba54-f17cb3a0884f", "accountNo": "00184", "name": "PAUL MURIUKI KAGWI", "phone": "254723726890", "meterNo": "11065755", "accountStatus": "ACTIVE", "accountType": "Domestic", "institution": "N/A", "meterStatus": "METERED", "brand": "YUONSO", "material": "PLASTIC", "meterClass": "B", "schemeName": "Rural", "zone": "012 83", "route": "074 NYANA", "dma": "N/A", "location": "along nyana road ", "parcelNo": "0", "meterSize": "0.5", "remarks": null, "userId": null, "latitude": -0.3758967, "longitude": 37.099425 }, "geometry": { "type": "Point", "coordinates": [ 37.099425, -0.3758967 ] } },
{ "type": "Feature", "properties": { "id": "7673dfde-f82e-46f0-afb7-89af4ddadfb9", "accountNo": "00199", "name": "JOHN KAMURU MWANGI", "phone": "254728684305", "meterNo": "17176009", "accountStatus": "ACTIVE", "accountType": "Domestic", "institution": "N/A", "meterStatus": "METERED", "brand": "YUONSO", "material": "PLASTIC", "meterClass": "B", "schemeName": "Rural", "zone": "012 83", "route": "074 NYANA", "dma": "N/A", "location": "along nyana road ", "parcelNo": "0", "meterSize": "0.5", "remarks": null, "userId": null, "latitude": -0.375978, "longitude": 37.1031263 }, "geometry": { "type": "Point", "coordinates": [ 37.1031263, -0.375978 ] } },
{ "type": "Feature", "properties": { "id": "ba2eea22-09a1-4d8b-a89a-807348f23628", "accountNo": "00219", "name": "TIMOTHY MURIITHI", "phone": "254715661029", "meterNo": "24043408", "accountStatus": "ACTIVE", "accountType": "Domestic", "institution": null, "meterStatus": "METERED", "brand": "YUONSO", "material": "Plastic", "meterClass": "B", "schemeName": "Rural", "zone": "012 83", "route": "183 GICHORU", "dma": "N/A", "location": "near the fence", "parcelNo": null, "meterSize": "0.5", "remarks": null, "userId": null, "latitude": -0.3824622, "longitude": 37.1034964 }, "geometry": { "type": "Point", "coordinates": [ 37.1034964, -0.3824622 ] } },
{ "type": "Feature", "properties": { "id": "3e4f3d4b-8ba8-44fd-8378-c1506bc561f2", "accountNo": "00227", "name": "GODFREY MWENJE WARUI", "phone": "254724381640", "meterNo": "21064764", "accountStatus": "ACTIVE", "accountType": "Domestic", "institution": "N/A", "meterStatus": "METERED", "brand": "YUONSO", "material": "PLASTIC", "meterClass": "B", "schemeName": "Rural", "zone": "012 83", "route": "074 NYANA", "dma": "N/A", "location": "along nyana road ", "parcelNo": "0", "meterSize": "0.5", "remarks": null, "userId": null, "latitude": -0.374565, "longitude": 37.1030545 }, "geometry": { "type": "Point", "coordinates": [ 37.1030545, -0.374565 ] } },
{ "type": "Feature", "properties": { "id": "7b2aab3d-c908-46ce-b7e5-f2f3f5c506cf", "accountNo": "00239", "name": "DUNCAN MBUTHIA", "phone": "254722619277", "meterNo": "21113375", "accountStatus": "ACTIVE", "accountType": "Domestic", "institution": "N/A", "meterStatus": "METERED", "brand": "YUONSO", "material": "PLASTIC", "meterClass": "B", "schemeName": "Rural", "zone": "012 83", "route": "074 NYANA", "dma": "N/A", "location": "along nyana road ", "parcelNo": "0", "meterSize": "0.5", "remarks": null, "userId": null, "latitude": -0.3777267, "longitude": 37.1045717 }, "geometry": { "type": "Point", "coordinates": [ 37.1045717, -0.3777267 ] } },
{ "type": "Feature", "properties": { "id": "7540dd4a-1772-4d9f-adfc-e718da1ecafc", "accountNo": "00243", "name": "STEPHEN GITHAIGA MWANGI", "phone": "254706637490", "meterNo": "1500801717", "accountStatus": "SEALED", "accountType": "Institutional", "institution": null, "meterStatus": "METERED", "brand": "YUONSO", "material": "PLASTIC", "meterClass": "B", "schemeName": null, "zone": "012 83", "route": "075 KIANJAU", "dma": "N/A", "location": null, "parcelNo": "0", "meterSize": "0.5", "remarks": null, "userId": null, "latitude": -0.3870166, "longitude": 37.0979546 }, "geometry": { "type": "Point", "coordinates": [ 37.0979546, -0.3870166 ] } },
{ "type": "Feature", "properties": { "id": "f5c0e458-6a28-460b-9b16-c397c5fbc771", "accountNo": "00255", "name": "JOHN WANJOHI  WACHIRA", "phone": "254713878253", "meterNo": "17013125", "accountStatus": "SEALED", "accountType": "Domestic", "institution": null, "meterStatus": "METERED", "brand": "YUONSO", "material": "Polymer", "meterClass": "A", "schemeName": "Rural", "zone": "012 83", "route": "013- BETWEEN HOSPITAL & MAIN ROAD", "dma": "N/A", "location": "inside the plot", "parcelNo": "0", "meterSize": "0.5", "remarks": "OK", "userId": null, "latitude": -0.3852477, "longitude": 37.0815775 }, "geometry": { "type": "Point", "coordinates": [ 37.0815775, -0.3852477 ] } },
{ "type": "Feature", "properties": { "id": "f5c0e458-6a28-460b-9b16-c397c8fbb198", "accountNo": "00269", "name": "ERASTUS  GATERE  GITHUNGO", "phone": "254722370515", "meterNo": "17013120", "accountStatus": "ACTIVE", "accountType": "Domestic", "institution": null, "meterStatus": "METERED", "brand": "YUONSO", "material": "Polymer", "meterClass": "A", "schemeName": "Rural", "zone": "012 83", "route": "013- BETWEEN HOSPITAL & MAIN ROAD", "dma": "N/A", "location": "inside plot", "parcelNo": "1125", "meterSize": "0.5", "remarks": "OK", "userId": null, "latitude": -0.3853592, "longitude": 37.0811721 }, "geometry": { "type": "Point", "coordinates": [ 37.0811721, -0.3853592 ] } },
{ "type": "Feature", "properties": { "id": "f5c0e458-6a28-460b-9b16-c397c6fbc493", "accountNo": "06951", "name": "PETER MATU NDUGUYA", "phone": "254735923119", "meterNo": "1306951", "accountStatus": "ACTIVE", "accountType": "Domestic", "institution": null, "meterStatus": "METERED", "brand": "younsi", "material": "plastic", "meterClass": "b", "schemeName": "Rural", "zone": "012 83", "route": "012 83-KIAMARIGA LOWER DMA", "dma": "N/A", "location": "before the shop", "parcelNo": null, "meterSize": "0.5", "remarks": "OK", "userId": null, "latitude": -0.3859114, "longitude": 37.0827454 }, "geometry": { "type": "Point", "coordinates": [ 37.0827454, -0.3859114 ] } },
{ "type": "Feature", "properties": { "id": "f5c0e458-6a28-460b-9b16-c397c1fbc192", "accountNo": "00283", "name": "PETER MATU NDUGUYA", "phone": "254721767442", "meterNo": "15035668", "accountStatus": "ACTIVE", "accountType": "Domestic", "institution": null, "meterStatus": "METERED", "brand": "younso", "material": "plastic", "meterClass": "b", "schemeName": "Rural", "zone": "012 83", "route": "013- BEHIND COFFEE FACTORY", "dma": "N/A", "location": "beside the tanks", "parcelNo": "997", "meterSize": "0.5", "remarks": "OK", "userId": null, "latitude": -0.3860332, "longitude": 37.0849113 }, "geometry": { "type": "Point", "coordinates": [ 37.0849113, -0.3860332 ] } },
{ "type": "Feature", "properties": { "id": "f5c0e458-6a28-460b-9b16-c397c7fbc088", "accountNo": "06776", "name": "MARGARET WAMBURA KARENGO", "phone": "254721455788", "meterNo": "19096852", "accountStatus": "ACTIVE", "accountType": "Domestic", "institution": null, "meterStatus": "METERED", "brand": "younso", "material": "plastic", "meterClass": "b", "schemeName": "Rural", "zone": "012 83", "route": "013- KIAMARIGA TOWN (Upper Side)", "dma": "N/A", "location": "inside plot near the back gate", "parcelNo": null, "meterSize": "0.5", "remarks": "OK", "userId": null, "latitude": -0.3852648, "longitude": 37.0838308 }, "geometry": { "type": "Point", "coordinates": [ 37.0838308, -0.3852648 ] } },
{ "type": "Feature", "properties": { "id": "f5c0e458-6a28-460b-9b16-c397c6fbc494", "accountNo": "00356", "name": "MICHAEL MIANO NDAMBURI", "phone": "254702163723", "meterNo": "1102445", "accountStatus": "ACTIVE", "accountType": "Domestic", "institution": null, "meterStatus": "METERED", "brand": "YUONSO", "material": "Polymer", "meterClass": "A", "schemeName": "Rural", "zone": "012 83", "route": "012 83-KIAMARIGA LOWER DMA", "dma": "N/A", "location": "inside the plot", "parcelNo": null, "meterSize": "0.5", "remarks": "OK", "userId": null, "latitude": -0.3855892, "longitude": 37.082234 }, "geometry": { "type": "Point", "coordinates": [ 37.082234, -0.3855892 ] } },
{ "type": "Feature", "properties": { "id": "92ef9afe-8c89-40d6-870b-8e2a839b704d", "accountNo": "00350", "name": "SAMUEL WAHOME GATHAGU", "phone": "254707733767", "meterNo": "1501348017", "accountStatus": "ACTIVE", "accountType": "Institutional", "institution": null, "meterStatus": "METERED", "brand": "YUONSO", "material": "PLASTIC", "meterClass": "B", "schemeName": null, "zone": "012 83", "route": "075 KIANJAU", "dma": "N/A", "location": null, "parcelNo": "0", "meterSize": "0.5", "remarks": null, "userId": null, "latitude": -0.382035, "longitude": 37.09666 }, "geometry": { "type": "Point", "coordinates": [ 37.09666, -0.382035 ] } },
{ "type": "Feature", "properties": { "id": "c5bd1119-f6f8-4915-99a4-a008a32b8c4c", "accountNo": "00371", "name": "BEATRICE NYAMBURA WAMAI", "phone": "254724938628", "meterNo": "1500209517", "accountStatus": "ACTIVE", "accountType": "Domestic", "institution": null, "meterStatus": "METERED", "brand": "YUONSO", "material": "PLASTIC", "meterClass": "B", "schemeName": null, "zone": "012 83", "route": "075 KIANJAU", "dma": "N/A", "location": null, "parcelNo": "2331", "meterSize": "0.5", "remarks": null, "userId": null, "latitude": -0.3893446, "longitude": 37.0924615 }, "geometry": { "type": "Point", "coordinates": [ 37.0924615, -0.3893446 ] } },
{ "type": "Feature", "properties": { "id": "f5c0e458-6a28-460b-9b16-c397c8fbb621", "accountNo": "24798", "name": "JANE MUMBI MURIUKI", "phone": "254720470180", "meterNo": "19096082", "accountStatus": "ACTIVE", "accountType": "Domestic", "institution": null, "meterStatus": "METERED", "brand": "yuonso", "material": "plastic", "meterClass": "b", "schemeName": "Rural", "zone": "013 84", "route": "082 KABIRUINI", "dma": "N/A", "location": "kabiruini shopping center", "parcelNo": null, "meterSize": "0.5", "remarks": "OK", "userId": null, "latitude": -0.3932371, "longitude": 37.0894174 }, "geometry": { "type": "Point", "coordinates": [ 37.0894174, -0.3932371 ] } },
{ "type": "Feature", "properties": { "id": "2de0922e-d202-472c-9584-cccc560c8973", "accountNo": "24885", "name": "ESTHER NYAWIRA GATHIRUA", "phone": "254716667348", "meterNo": "19094849", "accountStatus": "SEALED", "accountType": "Domestic", "institution": null, "meterStatus": "METERED", "brand": "YUONSO", "material": "Plastic", "meterClass": "C", "schemeName": "Rural", "zone": "013 84", "route": "187 MUTIINI", "dma": "N/A", "location": "Near the gate ", "parcelNo": null, "meterSize": "0.5", "remarks": null, "userId": null, "latitude": -0.403395, "longitude": 37.0832019 }, "geometry": { "type": "Point", "coordinates": [ 37.0832019, -0.403395 ] } },
{ "type": "Feature", "properties": { "id": "ea68a69b-92ec-447a-a273-875f351f7601", "accountNo": "00398", "name": "MICHAEL MWANGI WAWERU", "phone": "254722247718", "meterNo": "17083175", "accountStatus": "ACTIVE", "accountType": "Domestic", "institution": null, "meterStatus": "METERED", "brand": "YUONSO", "material": "Plastic", "meterClass": "C", "schemeName": "Rural", "zone": "012 83", "route": "013- KIAMARIGA TOWN (Upper Side)", "dma": "N/A", "location": "near the gate ", "parcelNo": null, "meterSize": "0.5", "remarks": null, "userId": null, "latitude": -0.385898, "longitude": 37.0844943 }, "geometry": { "type": "Point", "coordinates": [ 37.0844943, -0.385898 ] } },
{ "type": "Feature", "properties": { "id": "f5c0e458-6a28-460b-9b16-c397c5fbc437", "accountNo": "00401", "name": "ROBERT MURAYA MURIUKI", "phone": "254711675171", "meterNo": "17083722", "accountStatus": "ACTIVE", "accountType": "Domestic", "institution": null, "meterStatus": "METERED", "brand": "younso", "material": "plastic", "meterClass": "b", "schemeName": "Rural", "zone": "012 83", "route": "013- KIAMARIGA TOWN (Upper Side)", "dma": "N/A", "location": "inside the plot", "parcelNo": "149", "meterSize": "0.5", "remarks": "OK", "userId": null, "latitude": -0.385178, "longitude": 37.0836777 }, "geometry": { "type": "Point", "coordinates": [ 37.0836777, -0.385178 ] } },
{ "type": "Feature", "properties": { "id": "f5c0e458-6a28-460b-9b16-c397c6fbc476", "accountNo": "00413", "name": "DAVID MACHARIA NDEGWA", "phone": "254722376938", "meterNo": "19096368", "accountStatus": "ACTIVE", "accountType": "Domestic", "institution": null, "meterStatus": "METERED", "brand": "YUONSO", "material": "Polymer", "meterClass": "A", "schemeName": "Rural", "zone": "012 83", "route": "012 83-KIAMARIGA LOWER DMA", "dma": "N/A", "location": "inside the plot", "parcelNo": "83", "meterSize": "0.5", "remarks": "OK", "userId": null, "latitude": -0.3859676, "longitude": 37.0818498 }, "geometry": { "type": "Point", "coordinates": [ 37.0818498, -0.3859676 ] } },
{ "type": "Feature", "properties": { "id": "f5c0e458-6a28-460b-9b16-c397c6fbc477", "accountNo": "00422", "name": "BARAKA SAVINGS AND CREDIT COOPERATIVE SOCIETY LIMITED", "phone": "254723723296", "meterNo": "1500474617", "accountStatus": "ACTIVE", "accountType": "Domestic", "institution": null, "meterStatus": "METERED", "brand": "younso", "material": "plastic", "meterClass": "b", "schemeName": "Rural", "zone": "012 83", "route": "013- KIAMARIGA TOWN (Upper Side)", "dma": "N/A", "location": "near the generator", "parcelNo": "28B", "meterSize": "0.5", "remarks": "OK", "userId": null, "latitude": -0.3854499, "longitude": 37.0833328 }, "geometry": { "type": "Point", "coordinates": [ 37.0833328, -0.3854499 ] } },
{ "type": "Feature", "properties": { "id": "85446b61-bb74-4d78-89bf-427f6eeb846a", "accountNo": "19681", "name": "M/S ANNE WAMBURA GICHUKI", "phone": "254723542791", "meterNo": "11080015", "accountStatus": "ACTIVE", "accountType": "Domestic", "institution": null, "meterStatus": "METERED", "brand": "YUONSO", "material": "PLASTIC", "meterClass": "B", "schemeName": null, "zone": "012 83", "route": "012 83-KIAMARIGA LOWER DMA", "dma": "Kiamariga Lower", "location": null, "parcelNo": "0", "meterSize": "0.5", "remarks": null, "userId": null, "latitude": -0.3858296, "longitude": 37.0813341 }, "geometry": { "type": "Point", "coordinates": [ 37.0813341, -0.3858296 ] } },
{ "type": "Feature", "properties": { "id": "4317f042-23da-4b74-97cc-67886d8e37c6", "accountNo": "24998", "name": "JOHN WANJOHI NGATIA", "phone": "254780193750", "meterNo": "19096024", "accountStatus": "ACTIVE", "accountType": "Domestic", "institution": null, "meterStatus": "METERED", "brand": "YUONSO", "material": "Plastic", "meterClass": "C", "schemeName": "Rural", "zone": "012 83", "route": "075 KIANJAU", "dma": "N/A", "location": "Near the entrance ", "parcelNo": null, "meterSize": "0.5", "remarks": null, "userId": null, "latitude": -0.3832178, "longitude": 37.0982746 }, "geometry": { "type": "Point", "coordinates": [ 37.0982746, -0.3832178 ] } },
{ "type": "Feature", "properties": { "id": "f1cbb3ea-320a-4f83-96c2-99d8c643eb4b", "accountNo": "25017", "name": "STELLA WANJA KIRIMI", "phone": "254712359683", "meterNo": "19095280", "accountStatus": "ACTIVE", "accountType": "Domestic", "institution": null, "meterStatus": "METERED", "brand": "YUONSO", "material": "PLASTIC", "meterClass": "B", "schemeName": null, "zone": "012 83", "route": "012 83-KIAMARIGA LOWER DMA", "dma": "Kiamariga Lower", "location": null, "parcelNo": null, "meterSize": "0.5", "remarks": null, "userId": null, "latitude": -0.3862267, "longitude": 37.0777783 }, "geometry": { "type": "Point", "coordinates": [ 37.0777783, -0.3862267 ] } },
{ "type": "Feature", "properties": { "id": "dce9eec9-7af7-4a3f-8f9a-124162731896", "accountNo": "25043", "name": "PATRICK MAINA KARIMI", "phone": "254726598990", "meterNo": "19096995", "accountStatus": "ACTIVE", "accountType": "Domestic", "institution": null, "meterStatus": "METERED", "brand": "YUONSO", "material": "Plastic", "meterClass": "C", "schemeName": "Rural", "zone": "013 84", "route": "082 KABIRUINI", "dma": "N/A", "location": "In the farm near the fence", "parcelNo": null, "meterSize": "0.5", "remarks": null, "userId": null, "latitude": -0.4011488, "longitude": 37.0802586 }, "geometry": { "type": "Point", "coordinates": [ 37.0802586, -0.4011488 ] } },
{ "type": "Feature", "properties": { "id": "f5c0e458-6a28-460b-9b16-c397c6fbc478", "accountNo": "09024", "name": "ERNEST MAINA", "phone": "254729033794", "meterNo": "16033333", "accountStatus": "ACTIVE", "accountType": "Domestic", "institution": null, "meterStatus": "METERED", "brand": "Younio", "material": "Polymer", "meterClass": null, "schemeName": "Rural", "zone": "013 84", "route": "07- MARIA SECOND LANE", "dma": "N/A", "location": null, "parcelNo": "0", "meterSize": "0.5", "remarks": null, "userId": null, "latitude": -0.3978381, "longitude": 37.0745022 }, "geometry": { "type": "Point", "coordinates": [ 37.0745022, -0.3978381 ] } },
{ "type": "Feature", "properties": { "id": "ee6cbed7-ac94-4f71-a36d-8139d6b12ca8", "accountNo": "00452", "name": "WILSON KIUMI WAMBUGU", "phone": "254722940460", "meterNo": "1500210017", "accountStatus": "ACTIVE", "accountType": "Domestic", "institution": null, "meterStatus": "METERED", "brand": "YUONSO", "material": "Plastic", "meterClass": "B", "schemeName": "Rural", "zone": "013 84", "route": "06- MARIA FIRST LANE", "dma": "N/A", "location": "at the coner of the fence near the road", "parcelNo": "0", "meterSize": "0.5", "remarks": "active", "userId": null, "latitude": -0.3919384, "longitude": 37.0834914 }, "geometry": { "type": "Point", "coordinates": [ 37.0834914, -0.3919384 ] } },
{ "type": "Feature", "properties": { "id": "f5c0e458-6a28-460b-9b16-c397c2fbc189", "accountNo": "00475", "name": "DANIEL WANJOHI", "phone": "254702164844", "meterNo": "1501042617", "accountStatus": "ACTIVE", "accountType": "Domestic", "institution": null, "meterStatus": "METERED", "brand": "yuonso", "material": "plastic", "meterClass": "b", "schemeName": "Rural", "zone": "013 84", "route": "082 KABIRUINI", "dma": "N/A", "location": "kabiruini junction towards kiamariga", "parcelNo": "0", "meterSize": "0.5", "remarks": "OK", "userId": null, "latitude": -0.3936463, "longitude": 37.0875358 }, "geometry": { "type": "Point", "coordinates": [ 37.0875358, -0.3936463 ] } },
{ "type": "Feature", "properties": { "id": "cc71a98b-a6ad-4aab-939a-67ce4fc3c8dc", "accountNo": "00457", "name": "MWANGI KANYI ERASTUS", "phone": "254725416004", "meterNo": null, "accountStatus": "ACTIVE", "accountType": "Domestic", "institution": null, "meterStatus": "METERED", "brand": "YUONSO", "material": "PLASTIC", "meterClass": "B", "schemeName": null, "zone": "013 84", "route": "07- MARIA SECOND LANE", "dma": "N/A", "location": null, "parcelNo": "Dummy", "meterSize": "0.5", "remarks": null, "userId": null, "latitude": -0.3972688, "longitude": 37.0797534 }, "geometry": { "type": "Point", "coordinates": [ 37.0797534, -0.3972688 ] } },
{ "type": "Feature", "properties": { "id": "f5c0e458-6a28-460b-9b16-c397c7fbc897", "accountNo": "00458", "name": "BENJAMIN MUGWERU", "phone": "254720621854", "meterNo": "17133251", "accountStatus": "ACTIVE", "accountType": "Domestic", "institution": null, "meterStatus": "METERED", "brand": "YUONSO", "material": "Plastic", "meterClass": "B", "schemeName": "Rural", "zone": "013 84", "route": "082 KABIRUINI", "dma": "N/A", "location": "kabiruini shopping center", "parcelNo": null, "meterSize": "0.5", "remarks": "OK", "userId": null, "latitude": -0.3938113, "longitude": 37.0894643 }, "geometry": { "type": "Point", "coordinates": [ 37.0894643, -0.3938113 ] } },
{ "type": "Feature", "properties": { "id": "f5c0e458-6a28-460b-9b16-c397c6fbc480", "accountNo": "00468", "name": "NGOTHE  WAIREGI", "phone": "254722452664", "meterNo": "1500801217", "accountStatus": "ACTIVE", "accountType": "Domestic", "institution": null, "meterStatus": "METERED", "brand": "yuonso", "material": "plastic", "meterClass": "b", "schemeName": "Rural", "zone": "013 84", "route": "082 KABIRUINI", "dma": "N/A", "location": "guest house hotel", "parcelNo": "0", "meterSize": "0.5", "remarks": "OK", "userId": null, "latitude": -0.3940917, "longitude": 37.085558 }, "geometry": { "type": "Point", "coordinates": [ 37.085558, -0.3940917 ] } },
{ "type": "Feature", "properties": { "id": "37884879-1ffc-4d7d-8457-18f0bd255fc5", "accountNo": "00469", "name": "ROBERT  WAHOME  GICHURU", "phone": "254722980553", "meterNo": "19096718", "accountStatus": "ACTIVE", "accountType": "Domestic", "institution": null, "meterStatus": "METERED", "brand": "YUONSO", "material": "Plastic", "meterClass": "B", "schemeName": "Rural", "zone": "013 84", "route": "186 MARIA", "dma": "N/A", "location": "near the tank", "parcelNo": "0", "meterSize": "0.5", "remarks": "active", "userId": null, "latitude": -0.3925233, "longitude": 37.08591 }, "geometry": { "type": "Point", "coordinates": [ 37.08591, -0.3925233 ] } },
{ "type": "Feature", "properties": { "id": "a6a6a83d-8a23-4133-8ad4-744b12421bdf", "accountNo": "00493", "name": "EUSTACE MUCHOKI", "phone": "254725750101", "meterNo": "17011392", "accountStatus": "ACTIVE", "accountType": "Domestic", "institution": null, "meterStatus": "METERED", "brand": "YUONSO", "material": "Plastic", "meterClass": "C", "schemeName": "Rural", "zone": "013 84", "route": "012 83-KANGOGORO DMA", "dma": "Kangongoro", "location": "In the farm", "parcelNo": null, "meterSize": "0.5", "remarks": null, "userId": null, "latitude": -0.3899518, "longitude": 37.1041361 }, "geometry": { "type": "Point", "coordinates": [ 37.1041361, -0.3899518 ] } },
{ "type": "Feature", "properties": { "id": "f5c0e458-6a28-460b-9b16-c397c4fbc685", "accountNo": "09333", "name": "CHARITY  G.  WAMAI", "phone": "254723465399", "meterNo": "18057702", "accountStatus": "ACTIVE", "accountType": "Domestic", "institution": null, "meterStatus": "METERED", "brand": "Younio", "material": "Polymer", "meterClass": null, "schemeName": "Rural", "zone": "013 84", "route": "082 KABIRUINI", "dma": "N/A", "location": null, "parcelNo": "0", "meterSize": "0.5", "remarks": null, "userId": null, "latitude": -0.3930428, "longitude": 37.0952618 }, "geometry": { "type": "Point", "coordinates": [ 37.0952618, -0.3930428 ] } },
{ "type": "Feature", "properties": { "id": "56b943c6-d339-48a0-a04c-ae70144a4269", "accountNo": "25333", "name": "MILLICENT WANGARI GICHERU", "phone": "254715863209", "meterNo": "19094876", "accountStatus": "ACTIVE", "accountType": "Domestic", "institution": null, "meterStatus": "METERED", "brand": "YUONSO", "material": "PLASTIC", "meterClass": "B", "schemeName": null, "zone": "012 83", "route": "012 83-KIAMARIGA LOWER DMA", "dma": "Kiamariga Lower", "location": null, "parcelNo": null, "meterSize": "0.5", "remarks": null, "userId": null, "latitude": -0.3865689, "longitude": 37.0793685 }, "geometry": { "type": "Point", "coordinates": [ 37.0793685, -0.3865689 ] } },
{ "type": "Feature", "properties": { "id": "d96c96dc-05e7-4cc7-859a-309d84f31602", "accountNo": "25349", "name": "PHYLIS NJERI MUGWE", "phone": "254724484236", "meterNo": "19096364", "accountStatus": "ACTIVE", "accountType": "Domestic", "institution": null, "meterStatus": "METERED", "brand": "YUONSO", "material": "PLASTIC", "meterClass": "B", "schemeName": null, "zone": "012 83", "route": "012 83-KIAMARIGA LOWER DMA", "dma": "Kiamariga Lower", "location": null, "parcelNo": null, "meterSize": "0.5", "remarks": null, "userId": null, "latitude": -0.3866561, "longitude": 37.0794035 }, "geometry": { "type": "Point", "coordinates": [ 37.0794035, -0.3866561 ] } },
{ "type": "Feature", "properties": { "id": "51dc77bf-3ca2-4c0b-a66c-cf29c6bd00ce", "accountNo": "00480", "name": "GEOFREY  MATHENGE MWAI", "phone": "254721442696", "meterNo": "16032409", "accountStatus": "ACTIVE", "accountType": "Domestic", "institution": null, "meterStatus": "METERED", "brand": "YUONSO", "material": "Plastic", "meterClass": "C", "schemeName": "Rural", "zone": "013 84", "route": "012 83-KANGOGORO DMA", "dma": "Kangongoro", "location": "In the farm", "parcelNo": null, "meterSize": "0.5", "remarks": null, "userId": null, "latitude": -0.3895919, "longitude": 37.1047302 }, "geometry": { "type": "Point", "coordinates": [ 37.1047302, -0.3895919 ] } },
{ "type": "Feature", "properties": { "id": "f5c0e458-6a28-460b-9b16-c397c8fbc322", "accountNo": "09302", "name": "JAMES WARUTERE  KARIYO", "phone": "254780809078", "meterNo": "1500006417", "accountStatus": "ACTIVE", "accountType": "Domestic", "institution": null, "meterStatus": "METERED", "brand": "Aimei", "material": "Polymer", "meterClass": "C", "schemeName": "Rural", "zone": "013 84", "route": "082 KABIRUINI", "dma": "N/A", "location": "Inside", "parcelNo": "0", "meterSize": "0.5", "remarks": null, "userId": null, "latitude": -0.3932171, "longitude": 37.090629 }, "geometry": { "type": "Point", "coordinates": [ 37.090629, -0.3932171 ] } },
{ "type": "Feature", "properties": { "id": "f5c0e458-6a28-460b-9b16-c397c4fbc327", "accountNo": "00504", "name": "CATHERINE  NGIMA  KARIO", "phone": "254726524253", "meterNo": "17083177", "accountStatus": "ACTIVE", "accountType": "Domestic", "institution": null, "meterStatus": "METERED", "brand": "yuonso", "material": "plastic", "meterClass": "b", "schemeName": "Rural", "zone": "013 84", "route": "082 KABIRUINI", "dma": "N/A", "location": "kabiruini shopping center", "parcelNo": null, "meterSize": "0.5", "remarks": "OK", "userId": null, "latitude": -0.3933081, "longitude": 37.0898759 }, "geometry": { "type": "Point", "coordinates": [ 37.0898759, -0.3933081 ] } },
{ "type": "Feature", "properties": { "id": "5cc9eb70-1643-4d68-ab15-9913e4e0a686", "accountNo": "00505", "name": "ROSE GATHONI  GICHABA", "phone": "254720565425", "meterNo": "1500471417", "accountStatus": "ACTIVE", "accountType": "Domestic", "institution": null, "meterStatus": "METERED", "brand": "YUONSO", "material": "Plastic", "meterClass": "B", "schemeName": "Rural", "zone": "013 84", "route": "186 MARIA", "dma": "N/A", "location": "at the back of the House", "parcelNo": "0", "meterSize": "0.5", "remarks": "active", "userId": null, "latitude": -0.39251, "longitude": 37.0869967 }, "geometry": { "type": "Point", "coordinates": [ 37.0869967, -0.39251 ] } },
{ "type": "Feature", "properties": { "id": "f5c0e458-6a28-460b-9b16-c397c8fbc583", "accountNo": "00512", "name": "MARGARET MUTHONI KINYUA", "phone": "254713842521", "meterNo": "19014031", "accountStatus": "ACTIVE", "accountType": "Domestic", "institution": null, "meterStatus": "METERED", "brand": "yuonso", "material": "plastic", "meterClass": "b", "schemeName": "Rural", "zone": "013 84", "route": "082 KABIRUINI", "dma": "N/A", "location": "opposite mbadamboda stage", "parcelNo": "596", "meterSize": "0.5", "remarks": "OK", "userId": null, "latitude": -0.3931771, "longitude": 37.0885496 }, "geometry": { "type": "Point", "coordinates": [ 37.0885496, -0.3931771 ] } },
{ "type": "Feature", "properties": { "id": "8458f5d5-2a73-4849-becd-f582aa5365fc", "accountNo": "25534", "name": "FESTUS KIRUGA NGATIA", "phone": "254728918362", "meterNo": "19095884", "accountStatus": "ACTIVE", "accountType": "Domestic", "institution": "Small", "meterStatus": "METERED", "brand": "YUONSO", "material": "Plastic", "meterClass": "C", "schemeName": "Rural", "zone": "013 84", "route": "217 MIORO", "dma": "N/A", "location": "near the gate", "parcelNo": null, "meterSize": "0.5", "remarks": "ok", "userId": null, "latitude": -0.3960864, "longitude": 37.1027717 }, "geometry": { "type": "Point", "coordinates": [ 37.1027717, -0.3960864 ] } },
{ "type": "Feature", "properties": { "id": "baf69730-8d1c-490f-b72e-f50516d3f5a6", "accountNo": "25554", "name": "PETER MURIUKI", "phone": "254726604867", "meterNo": "19095890", "accountStatus": "ACTIVE", "accountType": "Domestic", "institution": null, "meterStatus": "METERED", "brand": "YUONSO", "material": "Plastic", "meterClass": "C", "schemeName": "Rural", "zone": "013 84", "route": "217 MIORO", "dma": "N/A", "location": "Near the fence", "parcelNo": null, "meterSize": "0.5", "remarks": null, "userId": null, "latitude": -0.3960701, "longitude": 37.1026384 }, "geometry": { "type": "Point", "coordinates": [ 37.1026384, -0.3960701 ] } },
{ "type": "Feature", "properties": { "id": "fb82adef-6b1a-45b9-9132-222da38356bb", "accountNo": "25570", "name": "STELLA WANGARI MACHARIA", "phone": "254792507876", "meterNo": "19094324", "accountStatus": "ACTIVE", "accountType": "Domestic", "institution": null, "meterStatus": "METERED", "brand": "YUONSO", "material": "Plastic", "meterClass": "C", "schemeName": "Rural", "zone": "013 84", "route": "217 MIORO", "dma": "N/A", "location": "Near the house", "parcelNo": null, "meterSize": "0.5", "remarks": null, "userId": null, "latitude": -0.392005, "longitude": 37.112525 }, "geometry": { "type": "Point", "coordinates": [ 37.112525, -0.392005 ] } },
{ "type": "Feature", "properties": { "id": "27516e42-c9d5-4756-81a2-0179e8d11cb8", "accountNo": "25586", "name": "WAMUYU GATITU", "phone": "254713832417", "meterNo": "19095989", "accountStatus": "ACTIVE", "accountType": "Domestic", "institution": null, "meterStatus": "METERED", "brand": "YUONSO", "material": "PLASTIC", "meterClass": "B", "schemeName": null, "zone": "012 83", "route": "012 83-KIAMARIGA LOWER DMA", "dma": "Kiamariga Lower", "location": null, "parcelNo": null, "meterSize": "0.5", "remarks": null, "userId": null, "latitude": -0.3867504, "longitude": 37.0781536 }, "geometry": { "type": "Point", "coordinates": [ 37.0781536, -0.3867504 ] } },
{ "type": "Feature", "properties": { "id": "f5c0e458-6a28-460b-9b16-c397c6fbc118", "accountNo": "00535", "name": "JAMES MWANGI KIBARA", "phone": "254722909515", "meterNo": "17013116", "accountStatus": "ACTIVE", "accountType": "Domestic", "institution": null, "meterStatus": "METERED", "brand": "younso", "material": "plastic", "meterClass": "b", "schemeName": "Rural", "zone": "012 83", "route": "013- KIAMARIGA TOWN (Upper Side)", "dma": "N/A", "location": "beside the washroom", "parcelNo": "95", "meterSize": "0.5", "remarks": "OK", "userId": null, "latitude": -0.385175, "longitude": 37.0836757 }, "geometry": { "type": "Point", "coordinates": [ 37.0836757, -0.385175 ] } },
{ "type": "Feature", "properties": { "id": "f5c0e458-6a28-460b-9b16-c397c4fbc033", "accountNo": "00537", "name": "SUSAN NDINDA KINYUA", "phone": "254728948782", "meterNo": "1501098517", "accountStatus": "ACTIVE", "accountType": "Domestic", "institution": null, "meterStatus": "METERED", "brand": "YUONSO", "material": "Plastic", "meterClass": "B", "schemeName": "Rural", "zone": "013 84", "route": "012 83-KANGOGORO DMA", "dma": "Kangongoro", "location": "along njathaini main road", "parcelNo": "470", "meterSize": "0.5", "remarks": "OK", "userId": null, "latitude": -0.3912248, "longitude": 37.1012394 }, "geometry": { "type": "Point", "coordinates": [ 37.1012394, -0.3912248 ] } },
{ "type": "Feature", "properties": { "id": "f5c0e458-6a28-460b-9b16-c397c6fbc837", "accountNo": "00541", "name": "JOSEPH KINYUA MWIHU", "phone": "254723371840", "meterNo": "21111397", "accountStatus": "ACTIVE", "accountType": "Domestic", "institution": null, "meterStatus": "METERED", "brand": "YUONSO", "material": "Plastic", "meterClass": "B", "schemeName": "Rural", "zone": "013 84", "route": "012 83-KANGOGORO DMA", "dma": "Kangongoro", "location": "along njathaini main road", "parcelNo": "470", "meterSize": "0.5", "remarks": "OK", "userId": null, "latitude": -0.3910137, "longitude": 37.1017323 }, "geometry": { "type": "Point", "coordinates": [ 37.1017323, -0.3910137 ] } },
{ "type": "Feature", "properties": { "id": "f5c0e458-6a28-460b-9b16-c397c3fbc401", "accountNo": "25795", "name": "JOSEPHAT WAINAINA MAINA", "phone": "254726031120", "meterNo": "21068878", "accountStatus": "ACTIVE", "accountType": "Domestic", "institution": null, "meterStatus": "METERED", "brand": "YUONSO", "material": "Polymer", "meterClass": "A", "schemeName": "Rural", "zone": "012 83", "route": "013- BEHIND COFFEE FACTORY", "dma": "N/A", "location": "inside plot behind the tank", "parcelNo": null, "meterSize": "0.5", "remarks": "OK", "userId": null, "latitude": -0.3856038, "longitude": 37.0849491 }, "geometry": { "type": "Point", "coordinates": [ 37.0849491, -0.3856038 ] } },
{ "type": "Feature", "properties": { "id": "f5c0e458-6a28-460b-9b16-c397c8fbb408", "accountNo": "25850", "name": "PETER MWERI NGOTHE", "phone": "254740684353", "meterNo": "21064766", "accountStatus": "ACTIVE", "accountType": "Domestic", "institution": null, "meterStatus": "METERED", "brand": "yuonso", "material": "plastic", "meterClass": "b", "schemeName": "Rural", "zone": "013 84", "route": "082 KABIRUINI", "dma": "N/A", "location": "next to julyan garden", "parcelNo": null, "meterSize": "0.5", "remarks": "OK", "userId": null, "latitude": -0.3942685, "longitude": 37.0852339 }, "geometry": { "type": "Point", "coordinates": [ 37.0852339, -0.3942685 ] } },
{ "type": "Feature", "properties": { "id": "0ed3f5df-7646-48bd-bd88-5aff437997bc", "accountNo": "26007", "name": "RICHARD KIBOI KIMUNYA", "phone": "254722453214", "meterNo": "21110387", "accountStatus": "ACTIVE", "accountType": "Domestic", "institution": null, "meterStatus": "METERED", "brand": "YUONSO", "material": "PLASTIC", "meterClass": "B", "schemeName": null, "zone": "012 83", "route": "131 RANGI", "dma": "N/A", "location": null, "parcelNo": null, "meterSize": "0.5", "remarks": null, "userId": null, "latitude": -0.3801936, "longitude": 37.094355 }, "geometry": { "type": "Point", "coordinates": [ 37.094355, -0.3801936 ] } },
{ "type": "Feature", "properties": { "id": "b82a397f-ea66-40ff-bbba-cc7144690919", "accountNo": "26008", "name": "EPHANTUS THEURI KIMUNYA", "phone": "254735999894", "meterNo": "21112872", "accountStatus": "ACTIVE", "accountType": "Domestic", "institution": null, "meterStatus": "METERED", "brand": "YUONSO", "material": "PLASTIC", "meterClass": "B", "schemeName": null, "zone": "012 83", "route": "131 RANGI", "dma": "N/A", "location": null, "parcelNo": null, "meterSize": "0.5", "remarks": null, "userId": null, "latitude": -0.3798983, "longitude": 37.09423 }, "geometry": { "type": "Point", "coordinates": [ 37.09423, -0.3798983 ] } },
{ "type": "Feature", "properties": { "id": "f5c0e458-6a28-460b-9b16-c397c8fbb695", "accountNo": "26072", "name": "CHARLES MWAI NJUKI", "phone": "254720726767", "meterNo": "21109432", "accountStatus": "ACTIVE", "accountType": "Domestic", "institution": null, "meterStatus": "METERED", "brand": "YUONSO", "material": "Plastic", "meterClass": "B", "schemeName": "Rural", "zone": "013 84", "route": "013 84-KINGUKIRO", "dma": "N/A", "location": "king'ukiro", "parcelNo": null, "meterSize": "0.5", "remarks": "OK", "userId": null, "latitude": -0.3978562, "longitude": 37.0930431 }, "geometry": { "type": "Point", "coordinates": [ 37.0930431, -0.3978562 ] } },
{ "type": "Feature", "properties": { "id": "f5c0e458-6a28-460b-9b16-c397c8fbc394", "accountNo": "26077", "name": "EDWARD WERU NGATIA", "phone": "254728925622", "meterNo": "21111848", "accountStatus": "ACTIVE", "accountType": "Domestic", "institution": null, "meterStatus": "METERED", "brand": "YUONSO", "material": "Plastic", "meterClass": "B", "schemeName": "Rural", "zone": "013 84", "route": "013 84-KINGUKIRO", "dma": "N/A", "location": "king'ukiro towards kihuri", "parcelNo": null, "meterSize": "0.5", "remarks": "OK", "userId": null, "latitude": -0.3938392, "longitude": 37.0980241 }, "geometry": { "type": "Point", "coordinates": [ 37.0980241, -0.3938392 ] } },
{ "type": "Feature", "properties": { "id": "f5c0e458-6a28-460b-9b16-c397c8fbb679", "accountNo": "26088", "name": "MERCY NJOKI MWAGO", "phone": "254712988813", "meterNo": "21111847", "accountStatus": "ACTIVE", "accountType": "Domestic", "institution": null, "meterStatus": "METERED", "brand": "YUONSO", "material": "Plastic", "meterClass": "B", "schemeName": "Rural", "zone": "013 84", "route": "013 84-KINGUKIRO", "dma": "N/A", "location": "king'ukiro", "parcelNo": null, "meterSize": "0.5", "remarks": "OK", "userId": null, "latitude": -0.3979875, "longitude": 37.0939367 }, "geometry": { "type": "Point", "coordinates": [ 37.0939367, -0.3979875 ] } },
{ "type": "Feature", "properties": { "id": "b964ca7a-3a5e-4ca4-b1c8-bff30888a37d", "accountNo": "26091", "name": "JANE WAMUCII KAUNDA", "phone": "254720672441", "meterNo": "24014511", "accountStatus": "ACTIVE", "accountType": "Domestic", "institution": null, "meterStatus": "UNMETERED", "brand": "YUONSO", "material": "Plastic", "meterClass": "C", "schemeName": "Rural", "zone": "013 84", "route": "013 84-KINGUKIRO", "dma": "N/A", "location": "near entrance ", "parcelNo": null, "meterSize": "0.5", "remarks": "installed ", "userId": null, "latitude": -0.3980217, "longitude": 37.0961867 }, "geometry": { "type": "Point", "coordinates": [ 37.0961867, -0.3980217 ] } },
{ "type": "Feature", "properties": { "id": "33cf67b2-e9d5-44c5-9437-0aefba218443", "accountNo": "26196", "name": "GRACE WANJIRU NDERI", "phone": "254725262711", "meterNo": "21112916", "accountStatus": "ACTIVE", "accountType": "Domestic", "institution": "N/A", "meterStatus": "METERED", "brand": "YUONSO", "material": "PLASTIC", "meterClass": "B", "schemeName": "Rural", "zone": "012 83", "route": "077 KAGATI", "dma": "N/A", "location": "Near Kagati field ", "parcelNo": null, "meterSize": "0.5", "remarks": null, "userId": null, "latitude": -0.3889765, "longitude": 37.0699973 }, "geometry": { "type": "Point", "coordinates": [ 37.0699973, -0.3889765 ] } },
{ "type": "Feature", "properties": { "id": "f5c0e458-6a28-460b-9b16-c397c7fbc955", "accountNo": "00297", "name": "JOSEPH MACHIRA MWANGI", "phone": "254722933287", "meterNo": "15000906", "accountStatus": "ACTIVE", "accountType": "Domestic", "institution": null, "meterStatus": "METERED", "brand": "YUONSO", "material": "Polymer", "meterClass": "A", "schemeName": "Rural", "zone": "012 83", "route": "013- BETWEEN HOSPITAL & MAIN ROAD", "dma": "N/A", "location": "inside plot", "parcelNo": "0", "meterSize": "0.5", "remarks": "OK", "userId": null, "latitude": -0.3854139, "longitude": 37.0813596 }, "geometry": { "type": "Point", "coordinates": [ 37.0813596, -0.3854139 ] } },
{ "type": "Feature", "properties": { "id": "64db6ee0-f4b1-4c79-9a9a-cab33df63972", "accountNo": "00547", "name": "JUSTUS NGOTHE KARANI", "phone": "254713714973", "meterNo": "14050512", "accountStatus": "ACTIVE", "accountType": "Domestic", "institution": null, "meterStatus": "METERED", "brand": "YUONSO", "material": "Plastic", "meterClass": "B", "schemeName": null, "zone": "013 84", "route": "06- MARIA FIRST LANE", "dma": "N/A", "location": null, "parcelNo": "0", "meterSize": "0.5", "remarks": null, "userId": null, "latitude": -0.3932217, "longitude": 37.0797067 }, "geometry": { "type": "Point", "coordinates": [ 37.0797067, -0.3932217 ] } },
{ "type": "Feature", "properties": { "id": "346d92b5-dc29-44ad-b7e3-a9f33d66cdef", "accountNo": "26315", "name": "GEORGIANA MUTHONI WAHOME", "phone": "254710465584", "meterNo": "22037274", "accountStatus": "ACTIVE", "accountType": "Domestic", "institution": null, "meterStatus": "METERED", "brand": "YUONSO", "material": "Plastic", "meterClass": "C", "schemeName": "Rural", "zone": "013 84", "route": "082 KABIRUINI", "dma": "N/A", "location": "In the farm", "parcelNo": null, "meterSize": "0.5", "remarks": null, "userId": null, "latitude": -0.3983151, "longitude": 37.0897782 }, "geometry": { "type": "Point", "coordinates": [ 37.0897782, -0.3983151 ] } },
{ "type": "Feature", "properties": { "id": "990c16b6-7c95-4e12-b979-efd1ce0e18eb", "accountNo": "26319", "name": "JACQUILINE WAMUYU WACHIRA", "phone": "254727342871", "meterNo": "24043405", "accountStatus": "SEALED", "accountType": "Domestic", "institution": null, "meterStatus": "METERED", "brand": "YUONSO", "material": "Plastic", "meterClass": "C", "schemeName": "Rural", "zone": "012 83", "route": "NGORANO", "dma": "N/A", "location": "Wachira Rerianis resident ", "parcelNo": "N/A", "meterSize": "0.5", "remarks": "Installed ", "userId": null, "latitude": -0.39146, "longitude": 37.0671367 }, "geometry": { "type": "Point", "coordinates": [ 37.0671367, -0.39146 ] } },
{ "type": "Feature", "properties": { "id": "a00c85e9-c935-4492-83ce-cd01fdb9f104", "accountNo": "26324", "name": "FRANCIS MWANGI KARIUKI", "phone": "254727405397", "meterNo": "9033299", "accountStatus": "ACTIVE", "accountType": "Domestic", "institution": "ACTIVE", "meterStatus": "METERED", "brand": "YUONSO", "material": "PLASTIC", "meterClass": "B", "schemeName": "Rural", "zone": "013 84", "route": "082 KABIRUINI", "dma": "N/A", "location": null, "parcelNo": null, "meterSize": "0.5", "remarks": null, "userId": null, "latitude": -0.3983383, "longitude": 37.0893217 }, "geometry": { "type": "Point", "coordinates": [ 37.0893217, -0.3983383 ] } },
{ "type": "Feature", "properties": { "id": "c7e6504b-85fc-4727-86f5-43e8138d03eb", "accountNo": "19764", "name": "MR STEPHEN WERU WAHOME", "phone": "254703911986", "meterNo": "19096465", "accountStatus": "ACTIVE", "accountType": "Domestic", "institution": null, "meterStatus": "METERED", "brand": "YUONSO", "material": "PLASTIC", "meterClass": "B", "schemeName": null, "zone": "012 83", "route": "013- BEHIND COFFEE FACTORY", "dma": "Factory Line", "location": null, "parcelNo": null, "meterSize": "0.5", "remarks": null, "userId": null, "latitude": -0.3886811, "longitude": 37.0811078 }, "geometry": { "type": "Point", "coordinates": [ 37.0811078, -0.3886811 ] } },
{ "type": "Feature", "properties": { "id": "f5c0e458-6a28-460b-9b16-c397c7fbc206", "accountNo": "19982", "name": "ARTHUR KIBOCHA GICHUKI", "phone": "254721855803", "meterNo": "14063244", "accountStatus": "ACTIVE", "accountType": "Domestic", "institution": null, "meterStatus": "METERED", "brand": "younso", "material": "plastic", "meterClass": "b", "schemeName": "Rural", "zone": "012 83", "route": "013- BEHIND COFFEE FACTORY", "dma": "N/A", "location": "inside the plot the upper side", "parcelNo": "0", "meterSize": "0.5", "remarks": "OK", "userId": null, "latitude": -0.3850403, "longitude": 37.0848307 }, "geometry": { "type": "Point", "coordinates": [ 37.0848307, -0.3850403 ] } },
{ "type": "Feature", "properties": { "id": "156d17fa-292e-49b3-a16a-b650e0f76454", "accountNo": "20309", "name": "GEORGE KOMU WAHOME", "phone": "254700514012", "meterNo": "150900360", "accountStatus": "ACTIVE", "accountType": "Domestic", "institution": null, "meterStatus": "METERED", "brand": "YUONSO", "material": "PLASTIC", "meterClass": "B", "schemeName": null, "zone": "012 83", "route": "012 83-KIAMARIGA LOWER DMA", "dma": "Kiamariga Lower", "location": null, "parcelNo": "1033", "meterSize": "0.5", "remarks": null, "userId": null, "latitude": -0.3873567, "longitude": 37.0802284 }, "geometry": { "type": "Point", "coordinates": [ 37.0802284, -0.3873567 ] } },
{ "type": "Feature", "properties": { "id": "7d062124-1389-45ef-8386-91f93a83c9af", "accountNo": "20322", "name": "GLADYS WAMUYU WANJAMA.", "phone": "254723502370", "meterNo": "150900344", "accountStatus": "SEALED", "accountType": "Domestic", "institution": null, "meterStatus": "METERED", "brand": "YUONSO", "material": "PLASTIC", "meterClass": "B", "schemeName": null, "zone": "012 83", "route": "075 KIANJAU", "dma": "N/A", "location": null, "parcelNo": null, "meterSize": "0.5", "remarks": null, "userId": null, "latitude": -0.3848413, "longitude": 37.098985 }, "geometry": { "type": "Point", "coordinates": [ 37.098985, -0.3848413 ] } },
{ "type": "Feature", "properties": { "id": "f5c0e458-6a28-460b-9b16-c397c8fbb416", "accountNo": "26410", "name": "JULIA WANJUGU MUTHOGA", "phone": "254712142586", "meterNo": "160400168", "accountStatus": "ACTIVE", "accountType": "Domestic", "institution": null, "meterStatus": "METERED", "brand": "younso", "material": "plastic", "meterClass": "B", "schemeName": "Rural", "zone": "013 84", "route": "187 MUTIINI", "dma": "N/A", "location": "mutiini", "parcelNo": null, "meterSize": "0.5", "remarks": null, "userId": null, "latitude": -0.3978779, "longitude": 37.0834521 }, "geometry": { "type": "Point", "coordinates": [ 37.0834521, -0.3978779 ] } },
{ "type": "Feature", "properties": { "id": "110cd915-c975-4ba2-b389-0b32d5e21487", "accountNo": "26432", "name": "JAMES KINYUA MACHARIA", "phone": "254717713395", "meterNo": "14062287", "accountStatus": "ACTIVE", "accountType": "Domestic", "institution": null, "meterStatus": "METERED", "brand": "YUONSO", "material": "PLASTIC", "meterClass": "B", "schemeName": null, "zone": "012 83", "route": "076 KIAMARIGA", "dma": "Kiamariga Lower", "location": null, "parcelNo": null, "meterSize": "0.5", "remarks": null, "userId": null, "latitude": -0.3856059, "longitude": 37.0785128 }, "geometry": { "type": "Point", "coordinates": [ 37.0785128, -0.3856059 ] } },
{ "type": "Feature", "properties": { "id": "f5c0e458-6a28-460b-9b16-c397c8fbb852", "accountNo": "26454", "name": "LILIAN WAMBURA KOORO", "phone": "254745259804", "meterNo": "150900306", "accountStatus": "ACTIVE", "accountType": "Domestic", "institution": null, "meterStatus": "METERED", "brand": "YUONSO", "material": "Plastic", "meterClass": "B", "schemeName": "Rural", "zone": "012 83", "route": "131 RANGI", "dma": "N/A", "location": "Off 200m from Rangi Nyana road second junction ", "parcelNo": null, "meterSize": "0.5", "remarks": "Installed ", "userId": null, "latitude": -0.3800839, "longitude": 37.0927906 }, "geometry": { "type": "Point", "coordinates": [ 37.0927906, -0.3800839 ] } },
{ "type": "Feature", "properties": { "id": "f5c0e458-6a28-460b-9b16-c397c8fbc891", "accountNo": "26488", "name": "AMOS WANG'OMBE KAMWETI", "phone": "254729317057", "meterNo": "22034924", "accountStatus": "ACTIVE", "accountType": "Domestic", "institution": null, "meterStatus": "METERED", "brand": "younso ", "material": "plastic ", "meterClass": "B", "schemeName": "Rural", "zone": "012 83", "route": "013- BEHIND COFFEE FACTORY", "dma": "N/A", "location": "Right opposite victory shop", "parcelNo": null, "meterSize": "0.5", "remarks": "OK", "userId": null, "latitude": -0.389122, "longitude": 37.0796757 }, "geometry": { "type": "Point", "coordinates": [ 37.0796757, -0.389122 ] } },
{ "type": "Feature", "properties": { "id": "c01e9c8a-1adb-425f-8082-d0e21cc13540", "accountNo": "09117", "name": "ZABEDI  MIGWI", "phone": "254716447918", "meterNo": "19094851", "accountStatus": "ACTIVE", "accountType": "Domestic", "institution": null, "meterStatus": "METERED", "brand": "YUONSO", "material": "PLASTIC", "meterClass": "B", "schemeName": null, "zone": "012 83", "route": "076 KIAMARIGA", "dma": "N/A", "location": null, "parcelNo": null, "meterSize": "0.5", "remarks": null, "userId": null, "latitude": -0.3853073, "longitude": 37.0808171 }, "geometry": { "type": "Point", "coordinates": [ 37.0808171, -0.3853073 ] } },
{ "type": "Feature", "properties": { "id": "f5c0e458-6a28-460b-9b16-c397c1fbc709", "accountNo": "26498", "name": "JAMES WAHOME NJOGU", "phone": "254719573818", "meterNo": "22037422", "accountStatus": "ACTIVE", "accountType": "Domestic", "institution": null, "meterStatus": "METERED", "brand": "younso ", "material": "plastic ", "meterClass": "B", "schemeName": "Rural", "zone": "012 83", "route": "076 KIAMARIGA", "dma": "N/A", "location": "Right opposite Pefa church kiamariga ", "parcelNo": null, "meterSize": "0.5", "remarks": "OK", "userId": null, "latitude": -0.3869988, "longitude": 37.0785074 }, "geometry": { "type": "Point", "coordinates": [ 37.0785074, -0.3869988 ] } },
{ "type": "Feature", "properties": { "id": "d96ba4bd-4b83-4ba5-9826-54f73462e024", "accountNo": "26621", "name": "LUCY WANJIKU KINYUA", "phone": "254711283786", "meterNo": "22035423", "accountStatus": "ACTIVE", "accountType": "Domestic", "institution": null, "meterStatus": "METERED", "brand": "YUONSO", "material": "Plastic", "meterClass": "C", "schemeName": "Rural", "zone": "013 84", "route": "082 KABIRUINI", "dma": "N/A", "location": "Behind the house", "parcelNo": null, "meterSize": "0.5", "remarks": null, "userId": null, "latitude": -0.3936685, "longitude": 37.0873516 }, "geometry": { "type": "Point", "coordinates": [ 37.0873516, -0.3936685 ] } },
{ "type": "Feature", "properties": { "id": "f5c0e458-6a28-460b-9b16-c397c7fbc707", "accountNo": "26633", "name": "JOSEPH MWANGI MURIUKI", "phone": "254712343471", "meterNo": "22035664", "accountStatus": "ACTIVE", "accountType": "Domestic", "institution": null, "meterStatus": "METERED", "brand": "YUONSO", "material": "PLASTIC", "meterClass": "B", "schemeName": "Rural", "zone": "012 83", "route": "013- BEHIND COFFEE FACTORY", "dma": "N/A", "location": "near the red gate.", "parcelNo": "1044", "meterSize": "0.5", "remarks": "Installed ", "userId": null, "latitude": -0.3899999, "longitude": 37.0762824 }, "geometry": { "type": "Point", "coordinates": [ 37.0762824, -0.3899999 ] } },
{ "type": "Feature", "properties": { "id": "f5c0e458-6a28-460b-9b16-c397c8fbc108", "accountNo": "26671", "name": "LAWRENCE WERU KARIITHI", "phone": "254722100462", "meterNo": "22035497", "accountStatus": "SEALED", "accountType": "Domestic", "institution": null, "meterStatus": "METERED", "brand": "YUONSO", "material": "Plastic", "meterClass": "B", "schemeName": "Rural", "zone": "012 83", "route": "013- KIAMARIGA TOWN (Upper Side)", "dma": "N/A", "location": "opp coffee factory toward matatu stage", "parcelNo": "91", "meterSize": "0.5", "remarks": "installed", "userId": null, "latitude": -0.3861866, "longitude": 37.0846144 }, "geometry": { "type": "Point", "coordinates": [ 37.0846144, -0.3861866 ] } },
{ "type": "Feature", "properties": { "id": "f5c0e458-6a28-460b-9b16-c397c5fbc920", "accountNo": "09336", "name": "KIMARU  MUKABURU", "phone": "254724941886", "meterNo": "181500808", "accountStatus": "ACTIVE", "accountType": "Domestic", "institution": null, "meterStatus": "METERED", "brand": "Aimei", "material": "Polymer", "meterClass": null, "schemeName": "Rural", "zone": "013 84", "route": "089 NJATHEINI", "dma": "N/A", "location": null, "parcelNo": null, "meterSize": "0.5", "remarks": null, "userId": null, "latitude": -0.392436, "longitude": 37.1065992 }, "geometry": { "type": "Point", "coordinates": [ 37.1065992, -0.392436 ] } },
{ "type": "Feature", "properties": { "id": "2443d17e-e8b7-4a32-93ba-21992e85e0ff", "accountNo": "26740", "name": "JACKSON WACHIRA KARUMBA", "phone": "254722254327", "meterNo": "24041348", "accountStatus": "ACTIVE", "accountType": "Domestic", "institution": null, "meterStatus": "METERED", "brand": "YUONSO", "material": "Plastic", "meterClass": "C", "schemeName": null, "zone": "013 84", "route": "082 KABIRUINI", "dma": "N/A", "location": null, "parcelNo": null, "meterSize": "0.5", "remarks": null, "userId": null, "latitude": -0.39748, "longitude": 37.0892917 }, "geometry": { "type": "Point", "coordinates": [ 37.0892917, -0.39748 ] } },
{ "type": "Feature", "properties": { "id": "f5c0e458-6a28-460b-9b16-c397c3fbc415", "accountNo": "26763", "name": "JACOB MURIUKI MWANGI", "phone": "254111619317", "meterNo": "23038630", "accountStatus": "ACTIVE", "accountType": "Domestic", "institution": null, "meterStatus": "METERED", "brand": "YUONSO", "material": "Plastic", "meterClass": "B", "schemeName": "Rural", "zone": "012 83", "route": "KIAIHURU DMA", "dma": "N/A", "location": "near Lela acadamy", "parcelNo": null, "meterSize": "0.5", "remarks": "0", "userId": null, "latitude": -0.3729306, "longitude": 37.0894724 }, "geometry": { "type": "Point", "coordinates": [ 37.0894724, -0.3729306 ] } },
{ "type": "Feature", "properties": { "id": "f5c0e458-6a28-460b-9b16-c397c7fbc435", "accountNo": "26792", "name": "DANIEL NJUE IRERI", "phone": "254726567631", "meterNo": "23036588", "accountStatus": "ACTIVE", "accountType": "Domestic", "institution": null, "meterStatus": "METERED", "brand": "YUONSO", "material": "Plastic", "meterClass": "B", "schemeName": "Rural", "zone": "012 83", "route": "013- BEHIND COFFEE FACTORY", "dma": "N/A", "location": "200 m from outreach church kiamariga ", "parcelNo": null, "meterSize": "0.5", "remarks": null, "userId": null, "latitude": -0.388725, "longitude": 37.080495 }, "geometry": { "type": "Point", "coordinates": [ 37.080495, -0.388725 ] } },
{ "type": "Feature", "properties": { "id": "f5c0e458-6a28-460b-9b16-c397c1fbc762", "accountNo": "20865", "name": "DAVID WAIGWA MWANIKI", "phone": "254726494643", "meterNo": "160400233", "accountStatus": "ACTIVE", "accountType": "Domestic", "institution": null, "meterStatus": "METERED", "brand": "Younio", "material": "Polymer", "meterClass": "B", "schemeName": "Rural", "zone": "013 84", "route": "089 NJATHEINI", "dma": "N/A", "location": "Inside", "parcelNo": "0", "meterSize": "0.5", "remarks": null, "userId": null, "latitude": -0.3931145, "longitude": 37.105078 }, "geometry": { "type": "Point", "coordinates": [ 37.105078, -0.3931145 ] } },
{ "type": "Feature", "properties": { "id": "6bf2d11e-75ba-4393-8f11-f01f54171c91", "accountNo": "26849", "name": "RODGERS NGATIA NDOGO", "phone": "254728009640", "meterNo": "23179251", "accountStatus": "ACTIVE", "accountType": "Domestic", "institution": null, "meterStatus": "METERED", "brand": "YUONSO", "material": "Plastic", "meterClass": "C", "schemeName": "Rural", "zone": "012 83", "route": "076 KIAMARIGA", "dma": "Factory Line", "location": "Near Gospel Outreach Church ", "parcelNo": "N/A", "meterSize": "0.5", "remarks": "Installed ", "userId": null, "latitude": -0.3887367, "longitude": 37.081055 }, "geometry": { "type": "Point", "coordinates": [ 37.081055, -0.3887367 ] } },
{ "type": "Feature", "properties": { "id": "40dcadb8-f288-48a9-a20e-57f24ec3e159", "accountNo": "26850", "name": "PAUL GITHUNGO NDIRITU", "phone": "254721504227", "meterNo": "23037030", "accountStatus": "ACTIVE", "accountType": "Domestic", "institution": null, "meterStatus": "METERED", "brand": "YUONSO", "material": "PLASTIC", "meterClass": "B", "schemeName": null, "zone": "013 84", "route": "187 MUTIINI", "dma": "N/A", "location": "GMS premises", "parcelNo": "2990", "meterSize": "0.5", "remarks": "Installed ", "userId": null, "latitude": -0.3976644, "longitude": 37.0883459 }, "geometry": { "type": "Point", "coordinates": [ 37.0883459, -0.3976644 ] } },
{ "type": "Feature", "properties": { "id": "f5c0e458-6a28-460b-9b16-c397c8fbc432", "accountNo": "26878", "name": "CHRISTOPHER WANG'OMBE MUNDIA", "phone": "254724894222", "meterNo": "23040990", "accountStatus": "ACTIVE", "accountType": "Domestic", "institution": null, "meterStatus": "METERED", "brand": "YUONSO", "material": "PLASTIC", "meterClass": "B", "schemeName": null, "zone": "012 83", "route": "076 KIAMARIGA", "dma": "N/A", "location": "kiamariga village", "parcelNo": null, "meterSize": "0.5", "remarks": "Installed", "userId": null, "latitude": -0.3870973, "longitude": 37.0781662 }, "geometry": { "type": "Point", "coordinates": [ 37.0781662, -0.3870973 ] } },
{ "type": "Feature", "properties": { "id": "f8b9e486-84be-4bba-8665-4bd9a3e7fa3d", "accountNo": "26909", "name": "ELIZABETH GATHONI NDEGWA", "phone": "254721809845", "meterNo": "23039205", "accountStatus": "ACTIVE", "accountType": "Domestic", "institution": null, "meterStatus": "METERED", "brand": "YUONSO", "material": "Plastic", "meterClass": "C", "schemeName": "Rural", "zone": "013 84", "route": "082 KABIRUINI", "dma": "N/A", "location": "Near the fence ", "parcelNo": null, "meterSize": "0.5", "remarks": null, "userId": null, "latitude": -0.4007443, "longitude": 37.0904946 }, "geometry": { "type": "Point", "coordinates": [ 37.0904946, -0.4007443 ] } },
{ "type": "Feature", "properties": { "id": "f5c0e458-6a28-460b-9b16-c397c9fbc344", "accountNo": "26943", "name": "PETER NDEGWA MAINA", "phone": "254719134662", "meterNo": "23 040895", "accountStatus": "ACTIVE", "accountType": "Domestic", "institution": null, "meterStatus": "METERED", "brand": "YUONSO", "material": "PLASTIC", "meterClass": "B", "schemeName": null, "zone": "012 83", "route": "131 RANGI", "dma": "N/A", "location": "100 metres ranging /nyana junction", "parcelNo": null, "meterSize": "0.5", "remarks": "installed", "userId": null, "latitude": -0.3775996, "longitude": 37.0958293 }, "geometry": { "type": "Point", "coordinates": [ 37.0958293, -0.3775996 ] } },
{ "type": "Feature", "properties": { "id": "f5c0e458-6a28-460b-9b16-c397c9fbc356", "accountNo": "26948", "name": "AGNES WANGU KIMUNYU", "phone": "254721848480", "meterNo": "23041349", "accountStatus": "ACTIVE", "accountType": "Domestic", "institution": null, "meterStatus": "METERED", "brand": "YUONSO", "material": "POLYMER", "meterClass": "A", "schemeName": null, "zone": "013 84", "route": "187 MUTIINI", "dma": "N/A", "location": "kabiruini ", "parcelNo": "358", "meterSize": "0.5", "remarks": null, "userId": null, "latitude": -0.4076206, "longitude": 37.083121 }, "geometry": { "type": "Point", "coordinates": [ 37.083121, -0.4076206 ] } },
{ "type": "Feature", "properties": { "id": "65d12d69-7ee5-4995-9e0d-08d0de119231", "accountNo": "26949", "name": "HILLARY MUTERO KINYUA", "phone": "254711686651", "meterNo": "23039410", "accountStatus": "ACTIVE", "accountType": "Domestic", "institution": null, "meterStatus": "METERED", "brand": "YUONSO", "material": "Plastic", "meterClass": "C", "schemeName": "Rural", "zone": "013 84", "route": "187 MUTIINI", "dma": "N/A", "location": "in the farm ", "parcelNo": null, "meterSize": "0.5", "remarks": null, "userId": null, "latitude": -0.4066016, "longitude": 37.0835979 }, "geometry": { "type": "Point", "coordinates": [ 37.0835979, -0.4066016 ] } },
{ "type": "Feature", "properties": { "id": "2be0f707-30ea-42b4-82f9-fa49b722ac13", "accountNo": "26958", "name": "MWANGI STEPHEN THEURI", "phone": "254722800283", "meterNo": "23039402", "accountStatus": "ACTIVE", "accountType": "Domestic", "institution": null, "meterStatus": "METERED", "brand": "YUONSO", "material": "Plastic", "meterClass": "C", "schemeName": "Rural", "zone": "013 84", "route": "187 MUTIINI", "dma": "N/A", "location": "Near the gate ", "parcelNo": null, "meterSize": "0.5", "remarks": null, "userId": null, "latitude": -0.3976871, "longitude": 37.0870565 }, "geometry": { "type": "Point", "coordinates": [ 37.0870565, -0.3976871 ] } },
{ "type": "Feature", "properties": { "id": "421cb492-7075-41f3-8031-adde754d41a7", "accountNo": "26961", "name": "PATRICK KARINGITHI NGARI", "phone": "254704094779", "meterNo": "23041348", "accountStatus": "ACTIVE", "accountType": "Domestic", "institution": null, "meterStatus": "METERED", "brand": "YUONSO", "material": "Plastic", "meterClass": "C", "schemeName": "Rural", "zone": "013 84", "route": "187 MUTIINI", "dma": "N/A", "location": "In the farm ", "parcelNo": null, "meterSize": "0.5", "remarks": null, "userId": null, "latitude": -0.3999015, "longitude": 37.0872855 }, "geometry": { "type": "Point", "coordinates": [ 37.0872855, -0.3999015 ] } },
{ "type": "Feature", "properties": { "id": "6baa6e82-aa22-4f13-a20d-a586487d6e27", "accountNo": "26969", "name": "ESTHER NYAGUTHII MAINA", "phone": "254790347176", "meterNo": "23178369", "accountStatus": "SEALED", "accountType": "Domestic", "institution": null, "meterStatus": "METERED", "brand": "YUONSO", "material": "Plastic", "meterClass": "C", "schemeName": "Rural", "zone": "013 84", "route": "187 MUTIINI", "dma": "N/A", "location": "400m from the main road ", "parcelNo": "344", "meterSize": "0.5", "remarks": "Installed ", "userId": null, "latitude": -0.4076833, "longitude": 37.0833133 }, "geometry": { "type": "Point", "coordinates": [ 37.0833133, -0.4076833 ] } },
{ "type": "Feature", "properties": { "id": "d40405a9-5543-4914-b89f-70943cb1ea14", "accountNo": "27024", "name": "DAVID KARANJA GACHAU", "phone": "254714776620", "meterNo": "23040906", "accountStatus": "ACTIVE", "accountType": "Domestic", "institution": null, "meterStatus": "METERED", "brand": "YUONSO", "material": "Plastic", "meterClass": "C", "schemeName": "Rural", "zone": "013 84", "route": "187 MUTIINI", "dma": "N/A", "location": "Near the gate", "parcelNo": null, "meterSize": "0.5", "remarks": null, "userId": null, "latitude": -0.3977244, "longitude": 37.0869909 }, "geometry": { "type": "Point", "coordinates": [ 37.0869909, -0.3977244 ] } },
{ "type": "Feature", "properties": { "id": "26e8451a-3676-4b91-89ba-7d2f053af2cf", "accountNo": "27025", "name": "LYDIAH WAIRIMU MAINA", "phone": "254729436363", "meterNo": "23040902", "accountStatus": "ACTIVE", "accountType": "Domestic", "institution": null, "meterStatus": "METERED", "brand": "YUONSO", "material": "Plastic", "meterClass": "C", "schemeName": "Rural", "zone": "013 84", "route": "187 MUTIINI", "dma": "N/A", "location": "in the farm ", "parcelNo": null, "meterSize": "0.5", "remarks": null, "userId": null, "latitude": -0.4031788, "longitude": 37.0864604 }, "geometry": { "type": "Point", "coordinates": [ 37.0864604, -0.4031788 ] } },
{ "type": "Feature", "properties": { "id": "490be31e-6c6d-4670-949a-c2ba73666ff1", "accountNo": "27026", "name": "JAMES KARUGU MUNUHE", "phone": "254702558185", "meterNo": "23040908", "accountStatus": "ACTIVE", "accountType": "Domestic", "institution": null, "meterStatus": "METERED", "brand": "YUONSO", "material": "Plastic", "meterClass": "C", "schemeName": "Rural", "zone": "013 84", "route": "187 MUTIINI", "dma": "N/A", "location": "in the coffee plantation ", "parcelNo": null, "meterSize": "0.5", "remarks": null, "userId": null, "latitude": -0.408333, "longitude": 37.0821897 }, "geometry": { "type": "Point", "coordinates": [ 37.0821897, -0.408333 ] } },
{ "type": "Feature", "properties": { "id": "1848868d-1dc4-41e3-b21b-e627b091736e", "accountNo": "27054", "name": "PATRICK KARIUKI MURAGURI", "phone": "254793010841", "meterNo": "23040005", "accountStatus": "ACTIVE", "accountType": "Domestic", "institution": "N/A", "meterStatus": "METERED", "brand": "YUONSO", "material": "PLASTIC", "meterClass": "B", "schemeName": "Rural", "zone": "012 83", "route": "076 KIAMARIGA", "dma": "N/A", "location": "along Kagati main ", "parcelNo": "1137", "meterSize": "0.5", "remarks": null, "userId": null, "latitude": -0.3868567, "longitude": 37.075565 }, "geometry": { "type": "Point", "coordinates": [ 37.075565, -0.3868567 ] } },
{ "type": "Feature", "properties": { "id": "63aa2beb-602f-4452-9764-b360060db3d9", "accountNo": "27131", "name": "DOREEN KAGWIRA RINKANYA", "phone": "254722214676", "meterNo": "23039511", "accountStatus": "ACTIVE", "accountType": "Domestic", "institution": null, "meterStatus": "METERED", "brand": "YUONSO", "material": "PLASTIC", "meterClass": "B", "schemeName": null, "zone": "012 83", "route": "131 RANGI", "dma": "N/A", "location": "along Rangi road ", "parcelNo": "302", "meterSize": "0.5", "remarks": null, "userId": null, "latitude": -0.3765733, "longitude": 37.095455 }, "geometry": { "type": "Point", "coordinates": [ 37.095466949032449, -0.376517160257227 ] } },
{ "type": "Feature", "properties": { "id": "ca182cdf-e31b-40a2-89a4-0a58445add18", "accountNo": "27218", "name": "WILSON THIGE MAGOCHI", "phone": "254729936142", "meterNo": "23040337", "accountStatus": "ACTIVE", "accountType": "Domestic", "institution": null, "meterStatus": "METERED", "brand": "YUONSO", "material": "PLASTIC", "meterClass": "B", "schemeName": null, "zone": "012 83", "route": "076 KIAMARIGA", "dma": "N/A", "location": "opposite petrol station ", "parcelNo": "95", "meterSize": "0.5", "remarks": "Installed ", "userId": null, "latitude": -0.3848463, "longitude": 37.0835283 }, "geometry": { "type": "Point", "coordinates": [ 37.0835283, -0.3848463 ] } },
{ "type": "Feature", "properties": { "id": "9ec15db5-a931-4d36-9e12-4ac6524358af", "accountNo": "27265", "name": "PURITY WAMUYU NDIRITU", "phone": "254722466593", "meterNo": "23041277", "accountStatus": "ACTIVE", "accountType": "Domestic", "institution": null, "meterStatus": "METERED", "brand": "YUONSO", "material": "PLASTIC", "meterClass": "B", "schemeName": null, "zone": "013 84", "route": "087 KIANDAKA", "dma": "N/A", "location": "Opposite hika tank Kabiruini ", "parcelNo": "3052", "meterSize": "0.5", "remarks": "Installed ", "userId": null, "latitude": -0.3929986, "longitude": 37.0942713 }, "geometry": { "type": "Point", "coordinates": [ 37.0942713, -0.3929986 ] } },
{ "type": "Feature", "properties": { "id": "40545d5e-12f1-4065-bd7a-20116e46a980", "accountNo": "27335", "name": "GRACE WANGUI MWARIA", "phone": "254716455404", "meterNo": "23181095", "accountStatus": "ACTIVE", "accountType": "Domestic", "institution": null, "meterStatus": "METERED", "brand": "YUONSO", "material": "PLASTIC", "meterClass": "B", "schemeName": null, "zone": "012 83", "route": "076 KIAMARIGA", "dma": "N/A", "location": "Behind factory opp ", "parcelNo": "1811", "meterSize": "0.5", "remarks": "Installed ", "userId": null, "latitude": -0.3877934, "longitude": 37.0834938 }, "geometry": { "type": "Point", "coordinates": [ 37.0834938, -0.3877934 ] } },
{ "type": "Feature", "properties": { "id": "9f332fe6-13cf-424c-8ae8-022a76972e59", "accountNo": "27416", "name": "GEOFFREY RIGATHI GACHAGUA", "phone": "254722395138", "meterNo": "23038418", "accountStatus": "ACTIVE", "accountType": "Domestic", "institution": null, "meterStatus": "METERED", "brand": "YUONSO", "material": "PLASTIC", "meterClass": "B", "schemeName": null, "zone": "012 83", "route": "HIRIGA (83)", "dma": "N/A", "location": null, "parcelNo": "N/A", "meterSize": "0.5", "remarks": null, "userId": null, "latitude": -0.3965317, "longitude": 37.068565 }, "geometry": { "type": "Point", "coordinates": [ 37.068565, -0.3965317 ] } },
{ "type": "Feature", "properties": { "id": "b12d74ad-93e4-4ecd-b44b-bb7fc886a0bd", "accountNo": "27500", "name": "LOISE WANJIKU NDORIA", "phone": "254768744675", "meterNo": "23178740", "accountStatus": "ACTIVE", "accountType": "Domestic", "institution": "SMALL", "meterStatus": "METERED", "brand": "YUONSO", "material": "PLASTIC", "meterClass": "B", "schemeName": "Rural", "zone": "012 83", "route": "131 RANGI", "dma": "N/A", "location": "rangi", "parcelNo": "715", "meterSize": "0.5", "remarks": "installed ", "userId": null, "latitude": -0.378622, "longitude": 37.0947967 }, "geometry": { "type": "Point", "coordinates": [ 37.0947967, -0.378622 ] } },
{ "type": "Feature", "properties": { "id": "df933532-0302-4d03-9386-81db6fc79a52", "accountNo": "27721", "name": "MERCY MUMBI GAKUI", "phone": "254708134135", "meterNo": "24042098", "accountStatus": "ACTIVE", "accountType": "Domestic", "institution": null, "meterStatus": "METERED", "brand": "YUONSO", "material": "Plastic", "meterClass": "C", "schemeName": "Rural", "zone": "013 84", "route": "012 83-KANGOGORO DMA", "dma": "Kangongoro", "location": "Near Githiringo tea buying center ", "parcelNo": "843", "meterSize": "0.5", "remarks": "Installed ", "userId": null, "latitude": -0.3812133, "longitude": 37.1063567 }, "geometry": { "type": "Point", "coordinates": [ 37.1063567, -0.3812133 ] } },
{ "type": "Feature", "properties": { "id": "f5c0e458-6a28-460b-9b16-c397c4fbc702", "accountNo": "21358", "name": "JAMES KARIO MWANIKI", "phone": "254722810386", "meterNo": "16034836", "accountStatus": "ACTIVE", "accountType": "Domestic", "institution": null, "meterStatus": "METERED", "brand": "Younio", "material": "Polymer", "meterClass": "C", "schemeName": "Rural", "zone": "013 84", "route": "012 83-KANGOGORO DMA", "dma": "Kangongoro", "location": "Inside", "parcelNo": "0", "meterSize": "0.5", "remarks": null, "userId": null, "latitude": -0.3918382, "longitude": 37.098168 }, "geometry": { "type": "Point", "coordinates": [ 37.098168, -0.3918382 ] } },
{ "type": "Feature", "properties": { "id": "559c83df-8c3e-4f7a-b580-37ec4a5522ad", "accountNo": "27823", "name": "JAMES GACARI MUCHIRI", "phone": "254713188482", "meterNo": "23179949", "accountStatus": "ACTIVE", "accountType": "Domestic", "institution": "Small", "meterStatus": "METERED", "brand": "YUONSO", "material": "Plastic", "meterClass": "C", "schemeName": null, "zone": "013 84", "route": "089 NJATHEINI", "dma": "Kangongoro", "location": null, "parcelNo": null, "meterSize": "0.5", "remarks": null, "userId": null, "latitude": -0.3899917, "longitude": 37.1033533 }, "geometry": { "type": "Point", "coordinates": [ 37.1033533, -0.3899917 ] } },
{ "type": "Feature", "properties": { "id": "f62c6d72-60ce-441e-a422-105c20490e02", "accountNo": "08534", "name": "DAVID MWAI NDEGWA", "phone": "254705956670", "meterNo": "24014388", "accountStatus": "ACTIVE", "accountType": "Domestic", "institution": null, "meterStatus": "METERED", "brand": "YUONSO", "material": "Plastic", "meterClass": "C", "schemeName": "Rural", "zone": "013 84", "route": "082 KABIRUINI", "dma": "N/A", "location": "near the gate", "parcelNo": null, "meterSize": "0.5", "remarks": "ok", "userId": null, "latitude": -0.3932317, "longitude": 37.0914783 }, "geometry": { "type": "Point", "coordinates": [ 37.0914783, -0.3932317 ] } },
{ "type": "Feature", "properties": { "id": "edc8dd7b-cd7b-4673-af27-1ebad9e028b6", "accountNo": "08528", "name": "STANLEY NGATIA WAWERU", "phone": "254712276245", "meterNo": "19010905", "accountStatus": "ACTIVE", "accountType": "Domestic", "institution": "N/A", "meterStatus": "METERED", "brand": "YUONSO", "material": "PLASTIC", "meterClass": "B", "schemeName": "Rural", "zone": "012 83", "route": "012 83-KIAMARIGA LOWER DMA", "dma": "N/A", "location": "along Kagati road ", "parcelNo": "0", "meterSize": "0.5", "remarks": null, "userId": null, "latitude": -0.388213, "longitude": 37.0751765 }, "geometry": { "type": "Point", "coordinates": [ 37.0751765, -0.388213 ] } },
{ "type": "Feature", "properties": { "id": "f5c0e458-6a28-460b-9b16-c397c7fbc350", "accountNo": "06772", "name": "STEPHEN MURIITHI GACHARIRA", "phone": "254722233305", "meterNo": "21109168", "accountStatus": "ACTIVE", "accountType": "Domestic", "institution": null, "meterStatus": "METERED", "brand": "younso", "material": "plastic", "meterClass": "b", "schemeName": "Rural", "zone": "012 83", "route": "076 KIAMARIGA", "dma": "N/A", "location": "inside plot near the back gate", "parcelNo": null, "meterSize": "0.5", "remarks": "OK", "userId": null, "latitude": -0.3860047, "longitude": 37.0841131 }, "geometry": { "type": "Point", "coordinates": [ 37.0841131, -0.3860047 ] } },
{ "type": "Feature", "properties": { "id": "96a6f494-be8e-43d8-9765-b7a3c1308f88", "accountNo": "21595", "name": "ROSE GATHONI KINYUA", "phone": "254720879691", "meterNo": "19095474", "accountStatus": "ACTIVE", "accountType": "Domestic", "institution": "N/A", "meterStatus": "METERED", "brand": "YUONSO", "material": "PLASTIC", "meterClass": "B", "schemeName": "Rural", "zone": "012 83", "route": "077 KAGATI", "dma": "N/A", "location": "near Kagati field ", "parcelNo": null, "meterSize": "0.5", "remarks": null, "userId": null, "latitude": -0.3881182, "longitude": 37.0669884 }, "geometry": { "type": "Point", "coordinates": [ 37.0669884, -0.3881182 ] } },
{ "type": "Feature", "properties": { "id": "866ad4ff-8436-4448-ba93-c2443e02fecf", "accountNo": "08347", "name": "JOHNSON KAMUNGE", "phone": "254722836959", "meterNo": "23177997", "accountStatus": "ACTIVE", "accountType": "Domestic", "institution": null, "meterStatus": "METERED", "brand": "YUONSO", "material": "POLYMER", "meterClass": "A", "schemeName": null, "zone": "012 83", "route": "076 KIAMARIGA", "dma": "N/A", "location": "kiamariga", "parcelNo": null, "meterSize": "0.5", "remarks": null, "userId": null, "latitude": -0.3892565, "longitude": 37.0888423 }, "geometry": { "type": "Point", "coordinates": [ 37.0888423, -0.3892565 ] } },
{ "type": "Feature", "properties": { "id": "85a1a99f-837c-46ee-93ae-a87f1517f936", "accountNo": "00147", "name": "KIBARA NGECHU", "phone": "254722909515", "meterNo": "19096370", "accountStatus": "ACTIVE", "accountType": "Domestic", "institution": null, "meterStatus": "METERED", "brand": "YUONSO", "material": "PLASTIC", "meterClass": "B", "schemeName": null, "zone": "012 83", "route": "013- BEHIND COFFEE FACTORY", "dma": "Factory Line", "location": null, "parcelNo": "0", "meterSize": "0.5", "remarks": null, "userId": null, "latitude": -0.3875767, "longitude": 37.08429 }, "geometry": { "type": "Point", "coordinates": [ 37.08429, -0.3875767 ] } },
{ "type": "Feature", "properties": { "id": "9f3083ba-53d6-4bfc-a0d2-1949ce6b128c", "accountNo": "00252", "name": "EUSTACE GATINU KARANJA", "phone": "254720806990", "meterNo": "23037614", "accountStatus": "ACTIVE", "accountType": "Domestic", "institution": null, "meterStatus": "METERED", "brand": "YUONSO", "material": "PLASTIC", "meterClass": "B", "schemeName": null, "zone": "012 83", "route": "076 KIAMARIGA", "dma": "N/A", "location": null, "parcelNo": null, "meterSize": "0.5", "remarks": null, "userId": null, "latitude": -0.3891622, "longitude": 37.0886934 }, "geometry": { "type": "Point", "coordinates": [ 37.0886934, -0.3891622 ] } },
{ "type": "Feature", "properties": { "id": "462a8d99-e7e1-44be-97d6-0fd97e7f3df0", "accountNo": "22872", "name": "NANCY NGIMA WAHOME", "phone": "254710546666", "meterNo": "18077669", "accountStatus": "ACTIVE", "accountType": "Domestic", "institution": null, "meterStatus": "METERED", "brand": "YUONSO", "material": "PLASTIC", "meterClass": "B", "schemeName": null, "zone": "012 83", "route": "012 83-KIAMARIGA LOWER DMA", "dma": "Kiamariga Lower", "location": null, "parcelNo": "0", "meterSize": "0.5", "remarks": null, "userId": null, "latitude": -0.3857374, "longitude": 37.0783146 }, "geometry": { "type": "Point", "coordinates": [ 37.0783146, -0.3857374 ] } },
{ "type": "Feature", "properties": { "id": "f5c0e458-6a28-460b-9b16-c397c6fbc780", "accountNo": "00010", "name": "KIAMARIGA POLICE  STATION", "phone": "254704298905", "meterNo": "15006045", "accountStatus": "ACTIVE", "accountType": "Domestic", "institution": null, "meterStatus": "METERED", "brand": "yuonso", "material": "plastic", "meterClass": "b", "schemeName": "Rural", "zone": "023 82", "route": "0021- INST. 83", "dma": "N/A", "location": "along hiriga road", "parcelNo": "0", "meterSize": "1.5", "remarks": "OK", "userId": null, "latitude": -0.3853511, "longitude": 37.0790999 }, "geometry": { "type": "Point", "coordinates": [ 37.0790999, -0.3853511 ] } },
{ "type": "Feature", "properties": { "id": "39c4f57a-c61a-47f0-8f37-d7338646ced4", "accountNo": "00114", "name": "KAGO NGETHA", "phone": "254722213519", "meterNo": "19094165", "accountStatus": "ACTIVE", "accountType": "Institutional", "institution": null, "meterStatus": "METERED", "brand": "YUONSO", "material": "PLASTIC", "meterClass": "B", "schemeName": null, "zone": "012 83", "route": "075 KIANJAU", "dma": "N/A", "location": null, "parcelNo": null, "meterSize": "0.5", "remarks": null, "userId": null, "latitude": -0.3843047, "longitude": 37.1006205 }, "geometry": { "type": "Point", "coordinates": [ 37.1006205, -0.3843047 ] } },
{ "type": "Feature", "properties": { "id": "a12f0e79-8ad1-4395-abb0-d13d89fe71df", "accountNo": "08370", "name": "WILSON WAMAI KIMAMIA", "phone": "254718007598", "meterNo": "17084591", "accountStatus": "ACTIVE", "accountType": "Domestic", "institution": null, "meterStatus": "METERED", "brand": null, "material": "PLASTIC", "meterClass": "B", "schemeName": null, "zone": "012 83", "route": "075 KIANJAU", "dma": "N/A", "location": "past Dunjos Academy ", "parcelNo": null, "meterSize": "0.5", "remarks": null, "userId": null, "latitude": -0.385776, "longitude": 37.0897592 }, "geometry": { "type": "Point", "coordinates": [ 37.0897592, -0.385776 ] } },
{ "type": "Feature", "properties": { "id": "314a1fea-abef-4910-92c6-8afdb434e9db", "accountNo": "08387", "name": "WARUTERE WERU", "phone": "254717434513", "meterNo": "6031249", "accountStatus": "SEALED", "accountType": "Domestic", "institution": null, "meterStatus": "METERED", "brand": "YUONSO", "material": "PLASTIC", "meterClass": "B", "schemeName": null, "zone": "012 83", "route": "131 RANGI", "dma": "N/A", "location": "along Rangi road ", "parcelNo": null, "meterSize": "0.5", "remarks": null, "userId": null, "latitude": -0.3805031, "longitude": 37.0902875 }, "geometry": { "type": "Point", "coordinates": [ 37.0902875, -0.3805031 ] } },
{ "type": "Feature", "properties": { "id": "bd050ec3-7402-4d64-ab06-db5f319a1113", "accountNo": "00163", "name": "NJERU GITHAE", "phone": "254720287420", "meterNo": "15002900", "accountStatus": "ACTIVE", "accountType": "Domestic", "institution": null, "meterStatus": "METERED", "brand": "YUONSO", "material": "PLASTIC", "meterClass": "B", "schemeName": null, "zone": "012 83", "route": "131 RANGI", "dma": "N/A", "location": null, "parcelNo": null, "meterSize": "0.5", "remarks": null, "userId": null, "latitude": -0.3805312, "longitude": 37.0928017 }, "geometry": { "type": "Point", "coordinates": [ 37.0928017, -0.3805312 ] } },
{ "type": "Feature", "properties": { "id": "c5d99f0b-97e8-4ed7-9314-f81678341d3a", "accountNo": "00169", "name": "J. RURERI WAHOME", "phone": "254725825304", "meterNo": "1300849517", "accountStatus": "ACTIVE", "accountType": "Domestic", "institution": null, "meterStatus": "METERED", "brand": "YUONSO", "material": "PLASTIC", "meterClass": "B", "schemeName": null, "zone": "012 83", "route": "075 KIANJAU", "dma": "N/A", "location": null, "parcelNo": "0", "meterSize": "0.5", "remarks": null, "userId": null, "latitude": -0.3885667, "longitude": 37.0918067 }, "geometry": { "type": "Point", "coordinates": [ 37.0918067, -0.3885667 ] } },
{ "type": "Feature", "properties": { "id": "86e30cf6-656b-434c-aabf-b838455a0717", "accountNo": "00233", "name": "KINYUA MURIITHI", "phone": "254723346360", "meterNo": "21068003", "accountStatus": "ACTIVE", "accountType": "Domestic", "institution": "N/A", "meterStatus": "METERED", "brand": "YUONSO", "material": "PLASTIC", "meterClass": "B", "schemeName": "Rural", "zone": "012 83", "route": "074 NYANA", "dma": "N/A", "location": "along nyana road ", "parcelNo": "0", "meterSize": "0.5", "remarks": null, "userId": null, "latitude": -0.377035, "longitude": 37.10064 }, "geometry": { "type": "Point", "coordinates": [ 37.10064, -0.377035 ] } },
{ "type": "Feature", "properties": { "id": "8f8cf1d8-1b85-4c9d-bbf3-d51515a06fb5", "accountNo": "00271", "name": "JOSEPH MUREGI GATHAGU", "phone": "254721122602", "meterNo": "160400158", "accountStatus": "ACTIVE", "accountType": "Domestic", "institution": null, "meterStatus": "METERED", "brand": "YUONSO", "material": "PLASTIC", "meterClass": "B", "schemeName": null, "zone": "012 83", "route": "075 KIANJAU", "dma": "N/A", "location": null, "parcelNo": "881", "meterSize": "0.5", "remarks": null, "userId": null, "latitude": -0.3826509, "longitude": 37.0969817 }, "geometry": { "type": "Point", "coordinates": [ 37.0969817, -0.3826509 ] } },
{ "type": "Feature", "properties": { "id": "f5c0e458-6a28-460b-9b16-c397c2fbc550", "accountNo": "00483", "name": "SAMUEL K.  KIBUNJA", "phone": "254725218211", "meterNo": "1501347217", "accountStatus": "ACTIVE", "accountType": "Domestic", "institution": null, "meterStatus": "METERED", "brand": "YUONSO", "material": "Plastic", "meterClass": "B", "schemeName": "Rural", "zone": "013 84", "route": "012 83-KANGOGORO DMA", "dma": "Kangongoro", "location": "kiandaka", "parcelNo": "0", "meterSize": "0.5", "remarks": "OK", "userId": null, "latitude": -0.3919951, "longitude": 37.097125 }, "geometry": { "type": "Point", "coordinates": [ 37.097125, -0.3919951 ] } },
{ "type": "Feature", "properties": { "id": "f5c0e458-6a28-460b-9b16-c397c1fbc741", "accountNo": "00533", "name": "STEPHEN MURIITHI KAGWANJA", "phone": "254721241873", "meterNo": "19059522", "accountStatus": "ACTIVE", "accountType": "Domestic", "institution": null, "meterStatus": "METERED", "brand": "YUONSO", "material": "Plastic", "meterClass": "B", "schemeName": "Rural", "zone": "013 84", "route": "082 KABIRUINI", "dma": "N/A", "location": "kabiruini shopping center", "parcelNo": "2", "meterSize": "0.5", "remarks": "OK", "userId": null, "latitude": -0.3938967, "longitude": 37.0887905 }, "geometry": { "type": "Point", "coordinates": [ 37.0887905, -0.3938967 ] } },
{ "type": "Feature", "properties": { "id": "f5c0e458-6a28-460b-9b16-c397c9fbc034", "accountNo": "21009", "name": "JOHN MAINA IREGI", "phone": "254718681299", "meterNo": "16002152", "accountStatus": "ACTIVE", "accountType": "Domestic", "institution": null, "meterStatus": "METERED", "brand": "Younio", "material": "Polymer", "meterClass": "C", "schemeName": "Rural", "zone": "013 84", "route": "082 KABIRUINI", "dma": "N/A", "location": "Inside", "parcelNo": "0", "meterSize": "0.5", "remarks": null, "userId": null, "latitude": -0.3938796, "longitude": 37.0891836 }, "geometry": { "type": "Point", "coordinates": [ 37.0891836, -0.3938796 ] } },
{ "type": "Feature", "properties": { "id": "f5c0e458-6a28-460b-9b16-c397c9fbc062", "accountNo": "09086", "name": "GEOFFREY M KINGONGO", "phone": "254720029920", "meterNo": "17133254", "accountStatus": "ACTIVE", "accountType": "Domestic", "institution": null, "meterStatus": "METERED", "brand": "Younio", "material": "Polymer", "meterClass": "C", "schemeName": "Rural", "zone": "013 84", "route": "186 MARIA", "dma": "N/A", "location": "Inside", "parcelNo": "0", "meterSize": "0.5", "remarks": null, "userId": null, "latitude": -0.3960233, "longitude": 37.0821378 }, "geometry": { "type": "Point", "coordinates": [ 37.0821378, -0.3960233 ] } },
{ "type": "Feature", "properties": { "id": "f5c0e458-6a28-460b-9b16-c397c3fbc548", "accountNo": "00502", "name": "RICHARD MURIUKI GITUTHE", "phone": "254724481100", "meterNo": "1501219217", "accountStatus": "ACTIVE", "accountType": "Domestic", "institution": null, "meterStatus": "METERED", "brand": "YUONSO", "material": "Plastic", "meterClass": "B", "schemeName": "Rural", "zone": "013 84", "route": "012 83-KANGOGORO DMA", "dma": "Kangongoro", "location": "along njathaini main road", "parcelNo": "0", "meterSize": "0.5", "remarks": "OK", "userId": null, "latitude": -0.3912784, "longitude": 37.10083 }, "geometry": { "type": "Point", "coordinates": [ 37.10083, -0.3912784 ] } },
{ "type": "Feature", "properties": { "id": "f5c0e458-6a28-460b-9b16-c397c8fbc788", "accountNo": "20615", "name": "WILLIAM NJERU NGATIA", "phone": "254722938581", "meterNo": "160400295", "accountStatus": "ACTIVE", "accountType": "Domestic", "institution": null, "meterStatus": "METERED", "brand": "Younio", "material": "Polymer", "meterClass": "B", "schemeName": "Rural", "zone": "013 84", "route": "012 83-KANGOGORO DMA", "dma": "Kangongoro", "location": "Inside", "parcelNo": "0", "meterSize": "0.5", "remarks": null, "userId": null, "latitude": -0.3861011, "longitude": 37.1076644 }, "geometry": { "type": "Point", "coordinates": [ 37.1076644, -0.3861011 ] } },
{ "type": "Feature", "properties": { "id": "feee4514-1487-45e6-8a33-064beb595ee3", "accountNo": "21607", "name": "JANE WANGECHI MWANGI", "phone": "254729927775", "meterNo": "16032403", "accountStatus": "ACTIVE", "accountType": "Domestic", "institution": "N/A", "meterStatus": "METERED", "brand": "YUONSO", "material": "PLASTIC", "meterClass": "B", "schemeName": "Rural", "zone": "012 83", "route": "013- BELOW HEALTH CENTRE", "dma": "N/A", "location": "opposite kiamariga mawasco offices ", "parcelNo": "0", "meterSize": "0.5", "remarks": null, "userId": null, "latitude": -0.385388333, "longitude": 37.07755333 }, "geometry": { "type": "Point", "coordinates": [ 37.077553333333334, -0.385388333333333 ] } },
{ "type": "Feature", "properties": { "id": "f5c0e458-6a28-460b-9b16-c397c7fbc312", "accountNo": "09288", "name": "KINYUA WERU", "phone": "254714114256", "meterNo": "1500929917", "accountStatus": "ACTIVE", "accountType": "Institutional", "institution": null, "meterStatus": "METERED", "brand": "Aimei", "material": "Polymer", "meterClass": null, "schemeName": "Rural", "zone": "013 84", "route": "013 84-KINGUKIRO", "dma": "Kangongoro", "location": null, "parcelNo": "0", "meterSize": "0.5", "remarks": null, "userId": null, "latitude": -0.3924554, "longitude": 37.0975756 }, "geometry": { "type": "Point", "coordinates": [ 37.0975756, -0.3924554 ] } },
{ "type": "Feature", "properties": { "id": "842b8436-251d-47d5-849c-9a8b938adb63", "accountNo": "20333", "name": "MURAGURI MWANGI", "phone": "254725967603", "meterNo": "150900030", "accountStatus": "ACTIVE", "accountType": "Domestic", "institution": "N/A", "meterStatus": "METERED", "brand": "YUONSO", "material": "PLASTIC", "meterClass": "B", "schemeName": "Rural", "zone": "012 83", "route": "074 NYANA", "dma": "N/A", "location": "along nyana road ", "parcelNo": null, "meterSize": "0.5", "remarks": null, "userId": null, "latitude": -0.3762183, "longitude": 37.103125 }, "geometry": { "type": "Point", "coordinates": [ 37.103125, -0.3762183 ] } },
{ "type": "Feature", "properties": { "id": "fd31e798-6aff-464f-8d01-99c8321d47fc", "accountNo": "00086", "name": "CYRUS GACHANJA", "phone": "254702803106", "meterNo": "N/A", "accountStatus": "ACTIVE", "accountType": "Domestic", "institution": null, "meterStatus": "UNMETERED", "brand": null, "material": null, "meterClass": null, "schemeName": null, "zone": "012 83", "route": "KIAIHURU DMA", "dma": "N/A", "location": null, "parcelNo": null, "meterSize": null, "remarks": null, "userId": null, "latitude": -0.3691833, "longitude": 37.0957533 }, "geometry": { "type": "Point", "coordinates": [ 37.0957533, -0.3691833 ] } },
{ "type": "Feature", "properties": { "id": "f5c0e458-6a28-460b-9b16-c397c3fbc470", "accountNo": "00487", "name": "JAMES THOITHI GATHATWA", "phone": "254724542433", "meterNo": "21109318", "accountStatus": "ACTIVE", "accountType": "Domestic", "institution": null, "meterStatus": "METERED", "brand": "Yuonso", "material": null, "meterClass": null, "schemeName": "Rural", "zone": "013 84", "route": "012 83-KANGOGORO DMA", "dma": "Kangongoro", "location": null, "parcelNo": "0", "meterSize": "0.5", "remarks": null, "userId": null, "latitude": -0.38727182, "longitude": 37.10769 }, "geometry": { "type": "Point", "coordinates": [ 37.10769, -0.38727182 ] } },
{ "type": "Feature", "properties": { "id": "f5c0e458-6a28-460b-9b16-c397c9fbc243", "accountNo": "08874", "name": "NGORANO HEALTH CENTRE", "phone": "254700000000", "meterNo": "2011-08-0316", "accountStatus": "ACTIVE", "accountType": "Institutional", "institution": null, "meterStatus": "METERED", "brand": "TWSB", "material": "Brass", "meterClass": "B", "schemeName": "Rural", "zone": "023 82", "route": "0021- INST. 83", "dma": "N/A", "location": "ngorano", "parcelNo": null, "meterSize": "0.5", "remarks": "OK", "userId": null, "latitude": -0.4125236, "longitude": 37.0646167 }, "geometry": { "type": "Point", "coordinates": [ 37.0646167, -0.4125236 ] } },
{ "type": "Feature", "properties": { "id": "8c4c8b46-8ca1-4342-ac09-c265d98fdf46", "accountNo": "22753", "name": "FREDRICK MAINA WERU", "phone": "254725906927", "meterNo": "1500604317", "accountStatus": "ACTIVE", "accountType": "Domestic", "institution": null, "meterStatus": "METERED", "brand": "YUONSO", "material": "PLASTIC", "meterClass": "B", "schemeName": null, "zone": "012 83", "route": "076 KIAMARIGA", "dma": "N/A", "location": "along Rangi road ", "parcelNo": "0", "meterSize": "0.5", "remarks": null, "userId": null, "latitude": -0.3764083, "longitude": 37.0943567 }, "geometry": { "type": "Point", "coordinates": [ 37.0943567, -0.3764083 ] } },
{ "type": "Feature", "properties": { "id": "37be185e-e628-4039-99bb-661534e2bc9d", "accountNo": "22660", "name": "DAVID IRERI NJOGU", "phone": "254708616822", "meterNo": "1500394517", "accountStatus": "ACTIVE", "accountType": "Institutional", "institution": null, "meterStatus": "METERED", "brand": "YUONSO", "material": "PLASTIC", "meterClass": "B", "schemeName": null, "zone": "012 83", "route": "075 KIANJAU", "dma": "N/A", "location": null, "parcelNo": null, "meterSize": "0.5", "remarks": null, "userId": null, "latitude": -0.3866679, "longitude": 37.1002198 }, "geometry": { "type": "Point", "coordinates": [ 37.1002198, -0.3866679 ] } },
{ "type": "Feature", "properties": { "id": "1f44252d-1693-4b84-b984-c8320840edb5", "accountNo": "21735", "name": "RICHARD WACHIRA KARIUKI", "phone": "254723931614", "meterNo": "17014294", "accountStatus": "ACTIVE", "accountType": "Domestic", "institution": null, "meterStatus": "METERED", "brand": "YUONSO", "material": "PLASTIC", "meterClass": "B", "schemeName": null, "zone": "012 83", "route": "131 RANGI", "dma": "N/A", "location": "along Rangi road ", "parcelNo": null, "meterSize": "0.5", "remarks": null, "userId": null, "latitude": -0.3852533, "longitude": 37.0875074 }, "geometry": { "type": "Point", "coordinates": [ 37.0875074, -0.3852533 ] } },
{ "type": "Feature", "properties": { "id": "bb10fa51-3a53-49b9-89a5-e6b033c7eaf7", "accountNo": "00111", "name": "NGURE KARUGUYA", "phone": "254713504509", "meterNo": "17133256", "accountStatus": "ACTIVE", "accountType": "Domestic", "institution": null, "meterStatus": "METERED", "brand": "YUONSO", "material": "PLASTIC", "meterClass": "B", "schemeName": null, "zone": "012 83", "route": "131 RANGI", "dma": "N/A", "location": "Along Rangi road ", "parcelNo": null, "meterSize": "0.5", "remarks": null, "userId": null, "latitude": -0.38107, "longitude": 37.08954 }, "geometry": { "type": "Point", "coordinates": [ 37.08954, -0.38107 ] } },
{ "type": "Feature", "properties": { "id": "879f9d6c-aa66-443e-a7ee-1569c3d7267c", "accountNo": "00215", "name": "MOSES MAINA NDEKERE", "phone": "254728248231", "meterNo": "19096518", "accountStatus": "ACTIVE", "accountType": "Domestic", "institution": "N/A", "meterStatus": "METERED", "brand": "YUONSO", "material": "PLASTIC", "meterClass": "B", "schemeName": "Rural", "zone": "012 83", "route": "074 NYANA", "dma": "N/A", "location": "near githurai center ", "parcelNo": "0", "meterSize": "0.5", "remarks": null, "userId": null, "latitude": -0.3761168, "longitude": 37.1020086 }, "geometry": { "type": "Point", "coordinates": [ 37.1020086, -0.3761168 ] } },
{ "type": "Feature", "properties": { "id": "f5c0e458-6a28-460b-9b16-c397c7fbc139", "accountNo": "08535", "name": "ALEXANDER MWANGI KARANJA", "phone": "254724565567", "meterNo": "1501014117", "accountStatus": "ACTIVE", "accountType": "Domestic", "institution": null, "meterStatus": "METERED", "brand": "YUONSO", "material": "Polymer", "meterClass": "A", "schemeName": "Rural", "zone": "012 83", "route": "013- BETWEEN HOSPITAL & MAIN ROAD", "dma": "N/A", "location": "beside kitchen", "parcelNo": "0", "meterSize": "0.5", "remarks": "OK", "userId": null, "latitude": -0.3853592, "longitude": 37.0811721 }, "geometry": { "type": "Point", "coordinates": [ 37.0811721, -0.3853592 ] } },
{ "type": "Feature", "properties": { "id": "0b76baae-af15-47e4-9cab-17f817a1d301", "accountNo": "08364", "name": "NGURE MIANO", "phone": "254716018752", "meterNo": "11024547", "accountStatus": "SEALED", "accountType": "Domestic", "institution": null, "meterStatus": "METERED", "brand": "YUONSO", "material": "PLASTIC", "meterClass": "B", "schemeName": null, "zone": "012 83", "route": "075 KIANJAU", "dma": "N/A", "location": null, "parcelNo": "0", "meterSize": "0.5", "remarks": null, "userId": null, "latitude": -0.3852666, "longitude": 37.0957123 }, "geometry": { "type": "Point", "coordinates": [ 37.0957123, -0.3852666 ] } },
{ "type": "Feature", "properties": { "id": "776953f2-ef69-4c86-979b-0ab1d84eb3cf", "accountNo": "00362", "name": "JACKSON WANJOHI MAINA", "phone": "254728387591", "meterNo": "17133255", "accountStatus": "ACTIVE", "accountType": "Domestic", "institution": null, "meterStatus": "METERED", "brand": "YUONSO", "material": "PLASTIC", "meterClass": "B", "schemeName": null, "zone": "012 83", "route": "131 RANGI", "dma": "N/A", "location": "along Rangi road ", "parcelNo": "760", "meterSize": "0.5", "remarks": null, "userId": null, "latitude": -0.38121, "longitude": 37.0892467 }, "geometry": { "type": "Point", "coordinates": [ 37.0892467, -0.38121 ] } },
{ "type": "Feature", "properties": { "id": "132c217c-98ea-4fc3-982a-400f93404280", "accountNo": "00209", "name": "GACHAGO KANJAU", "phone": "254748879304", "meterNo": "21112379", "accountStatus": "ACTIVE", "accountType": "Domestic", "institution": "N/A", "meterStatus": "METERED", "brand": "YUONSO", "material": "PLASTIC", "meterClass": "B", "schemeName": "Rural", "zone": "012 83", "route": "183 GICHORU", "dma": "N/A", "location": "along Gichoru road ", "parcelNo": "4795", "meterSize": "0.5", "remarks": null, "userId": null, "latitude": -0.3817731, "longitude": 37.1035081 }, "geometry": { "type": "Point", "coordinates": [ 37.1035081, -0.3817731 ] } },
{ "type": "Feature", "properties": { "id": "0983299d-e865-4aff-9360-1fc356ce77b7", "accountNo": "00210", "name": "JOHN KABUKU", "phone": "254725727203", "meterNo": "21110344", "accountStatus": "ACTIVE", "accountType": "Domestic", "institution": "N/A", "meterStatus": "METERED", "brand": "YUONSO", "material": "PLASTIC", "meterClass": "B", "schemeName": "Rural", "zone": "013 84", "route": "012 83-KANGOGORO DMA", "dma": "Kangongoro", "location": "along githiringo road ", "parcelNo": null, "meterSize": "0.5", "remarks": null, "userId": null, "latitude": -0.3754998, "longitude": 37.1080479 }, "geometry": { "type": "Point", "coordinates": [ 37.1080479, -0.3754998 ] } },
{ "type": "Feature", "properties": { "id": "807f7fa9-ab1b-4acd-bd33-854c53abd018", "accountNo": "00228", "name": "RONALD MATHENGE MATU", "phone": "254723857842", "meterNo": "21110064", "accountStatus": "ACTIVE", "accountType": "Domestic", "institution": "N/A", "meterStatus": "METERED", "brand": "YUONSO", "material": "PLASTIC", "meterClass": "B", "schemeName": "Rural", "zone": "012 83", "route": "105 GITHIRINGO", "dma": "N/A", "location": "along githiringo road ", "parcelNo": "0", "meterSize": "0.5", "remarks": null, "userId": null, "latitude": -0.3739413, "longitude": 37.1102691 }, "geometry": { "type": "Point", "coordinates": [ 37.1102691, -0.3739413 ] } },
{ "type": "Feature", "properties": { "id": "446464a7-5f85-4a1e-8cc5-dd9dc9a3b5d8", "accountNo": "00231", "name": "PAUL NGETHA KIMARU", "phone": "254711728097", "meterNo": "N/A", "accountStatus": "ACTIVE", "accountType": null, "institution": null, "meterStatus": "UNMETERED", "brand": null, "material": null, "meterClass": null, "schemeName": "Rural", "zone": "013 84", "route": "012 83-KANGOGORO DMA", "dma": "Kangongoro", "location": null, "parcelNo": null, "meterSize": null, "remarks": "active With no meter.", "userId": null, "latitude": -0.37547, "longitude": 37.108615 }, "geometry": { "type": "Point", "coordinates": [ 37.108615, -0.37547 ] } },
{ "type": "Feature", "properties": { "id": "79c7d4c3-daf1-427b-af03-b05a3a468da4", "accountNo": "00232", "name": "NGUYO MURIUKI GATUMUTA", "phone": "254729701596", "meterNo": "16032533", "accountStatus": "ACTIVE", "accountType": "Domestic", "institution": "N/A", "meterStatus": "METERED", "brand": "YUONSO", "material": "PLASTIC", "meterClass": "B", "schemeName": "Rural", "zone": "012 83", "route": "074 NYANA", "dma": "N/A", "location": "along nyana road ", "parcelNo": "0", "meterSize": "0.5", "remarks": null, "userId": null, "latitude": -0.3742333, "longitude": 37.1009983 }, "geometry": { "type": "Point", "coordinates": [ 37.1009983, -0.3742333 ] } },
{ "type": "Feature", "properties": { "id": "4f33763a-10b2-4a60-9394-84dbfc92c23a", "accountNo": "00261", "name": "ELEANOR WANJIKU WACHIRA", "phone": "254722316207", "meterNo": "10008121", "accountStatus": "ACTIVE", "accountType": "Domestic", "institution": null, "meterStatus": "METERED", "brand": "YUONSO", "material": "PLASTIC", "meterClass": "B", "schemeName": null, "zone": "012 83", "route": "012 83-KIAMARIGA LOWER DMA", "dma": "Kiamariga Lower", "location": null, "parcelNo": "44A", "meterSize": "0.5", "remarks": null, "userId": null, "latitude": -0.38655, "longitude": 37.082535 }, "geometry": { "type": "Point", "coordinates": [ 37.082535, -0.38655 ] } },
{ "type": "Feature", "properties": { "id": "f5c0e458-6a28-460b-9b16-c397c2fbc084", "accountNo": "00424", "name": "JOHN NDIRANGU GITHUI", "phone": "254721231735", "meterNo": "19096856", "accountStatus": "ACTIVE", "accountType": "Domestic", "institution": null, "meterStatus": "METERED", "brand": "younso", "material": "plastic", "meterClass": "b", "schemeName": "Rural", "zone": "012 83", "route": "013- BEHIND COFFEE FACTORY", "dma": "N/A", "location": "inside plot near the washroom", "parcelNo": "DUMMY", "meterSize": "0.5", "remarks": "OK", "userId": null, "latitude": -0.3855357, "longitude": 37.0850302 }, "geometry": { "type": "Point", "coordinates": [ 37.0850302, -0.3855357 ] } },
{ "type": "Feature", "properties": { "id": "dd230085-d39d-4195-bd98-67a4d3e1c0cf", "accountNo": "00097", "name": "GEOFREY  KAINGA", "phone": "254717787090", "meterNo": "16031656", "accountStatus": "ACTIVE", "accountType": "Domestic", "institution": null, "meterStatus": "METERED", "brand": "YUONSO", "material": "Plastic", "meterClass": "C", "schemeName": "Rural", "zone": "012 83", "route": "012 83-KIAMARIGA LOWER DMA", "dma": "Kiamariga Lower", "location": "Near the gate ", "parcelNo": null, "meterSize": "0.5", "remarks": null, "userId": null, "latitude": -0.3865319, "longitude": 37.0827756 }, "geometry": { "type": "Point", "coordinates": [ 37.0827756, -0.3865319 ] } },
{ "type": "Feature", "properties": { "id": "28944a46-61cf-42a3-a3cf-16d837b45159", "accountNo": "08361", "name": "GEOFFREY NGARAGARI", "phone": "254721417922", "meterNo": "21068256", "accountStatus": "ACTIVE", "accountType": "Domestic", "institution": null, "meterStatus": "METERED", "brand": "YUONSO", "material": "PLASTIC", "meterClass": "B", "schemeName": null, "zone": "012 83", "route": "078 GITHAMBIRO", "dma": "N/A", "location": null, "parcelNo": null, "meterSize": "0.5", "remarks": null, "userId": null, "latitude": -0.3786693, "longitude": 37.0906999 }, "geometry": { "type": "Point", "coordinates": [ 37.090645672666845, -0.37861828557042 ] } },
{ "type": "Feature", "properties": { "id": "1379db9f-7eef-4319-b698-d29303d45d28", "accountNo": "00193", "name": "STEPHEN KABARI", "phone": "254720382213", "meterNo": "21112275", "accountStatus": "ACTIVE", "accountType": "Domestic", "institution": "N/A", "meterStatus": "METERED", "brand": "YUONSO", "material": "PLASTIC", "meterClass": "B", "schemeName": "Rural", "zone": "012 83", "route": "074 NYANA", "dma": "N/A", "location": "along nyana road ", "parcelNo": null, "meterSize": "0.5", "remarks": null, "userId": null, "latitude": -0.3784269, "longitude": 37.103795 }, "geometry": { "type": "Point", "coordinates": [ 37.103795, -0.3784269 ] } },
{ "type": "Feature", "properties": { "id": "8f89e612-e542-4058-84c8-81710dbe0aba", "accountNo": "00218", "name": "CHRISTOPHER MAINA WAMUGUNDA", "phone": "254720976357", "meterNo": "21113378", "accountStatus": "ACTIVE", "accountType": "Domestic", "institution": "N/A", "meterStatus": "METERED", "brand": "YUONSO", "material": "PLASTIC", "meterClass": "B", "schemeName": "Rural", "zone": "012 83", "route": "105 GITHIRINGO", "dma": "N/A", "location": "along githiringo road", "parcelNo": "0", "meterSize": "0.5", "remarks": null, "userId": null, "latitude": -0.3731008, "longitude": 37.1122674 }, "geometry": { "type": "Point", "coordinates": [ 37.1122674, -0.3731008 ] } },
{ "type": "Feature", "properties": { "id": "f5c0e458-6a28-460b-9b16-c397c1fbc540", "accountNo": "00445", "name": "KAMAU KIBUNJA", "phone": "254722670299", "meterNo": "1500801117", "accountStatus": "ACTIVE", "accountType": "Domestic", "institution": null, "meterStatus": "METERED", "brand": "YUONSO", "material": "Plastic", "meterClass": "B", "schemeName": "Rural", "zone": "013 84", "route": "087 KIANDAKA", "dma": "N/A", "location": "kiandaka", "parcelNo": "0", "meterSize": "0.5", "remarks": "OK", "userId": null, "latitude": -0.3917728, "longitude": 37.093001 }, "geometry": { "type": "Point", "coordinates": [ 37.093001, -0.3917728 ] } },
{ "type": "Feature", "properties": { "id": "f5c0e458-6a28-460b-9b16-c397c6fbc479", "accountNo": "00456", "name": "GICHUBA MATHENGE", "phone": "254723344458", "meterNo": "1500081717", "accountStatus": "ACTIVE", "accountType": "Domestic", "institution": null, "meterStatus": "METERED", "brand": "yuonso", "material": "plastic", "meterClass": "b", "schemeName": "Rural", "zone": "013 84", "route": "082 KABIRUINI", "dma": "N/A", "location": "towards ngorano", "parcelNo": "0", "meterSize": "0.5", "remarks": "OK", "userId": null, "latitude": -0.394185, "longitude": 37.0859067 }, "geometry": { "type": "Point", "coordinates": [ 37.0859067, -0.394185 ] } },
{ "type": "Feature", "properties": { "id": "f5c0e458-6a28-460b-9b16-c397c3fbc350", "accountNo": "00498", "name": "WANJIRU  GITHUI", "phone": "254722481728", "meterNo": "160400161", "accountStatus": "ACTIVE", "accountType": "Domestic", "institution": null, "meterStatus": "METERED", "brand": "YUONSO", "material": "Plastic", "meterClass": "B", "schemeName": "Rural", "zone": "013 84", "route": "KANGOGORO DMA", "dma": "N/A", "location": "kiandaka", "parcelNo": "0", "meterSize": "0.5", "remarks": "OK", "userId": null, "latitude": -0.3908966, "longitude": 37.0960151 }, "geometry": { "type": "Point", "coordinates": [ 37.0960151, -0.3908966 ] } },
{ "type": "Feature", "properties": { "id": "f5c0e458-6a28-460b-9b16-c397c4fbc052", "accountNo": "00529", "name": "WARUTERE GATIMU", "phone": "254723940445", "meterNo": "1501219717", "accountStatus": "ACTIVE", "accountType": "Domestic", "institution": null, "meterStatus": "METERED", "brand": "YUONSO", "material": "Plastic", "meterClass": "B", "schemeName": "Rural", "zone": "013 84", "route": "012 83-KANGOGORO DMA", "dma": "Kangongoro", "location": "along njathaini main road", "parcelNo": "508", "meterSize": "0.5", "remarks": "OK", "userId": null, "latitude": -0.3914168, "longitude": 37.1005616 }, "geometry": { "type": "Point", "coordinates": [ 37.1005616, -0.3914168 ] } },
{ "type": "Feature", "properties": { "id": "6a9faade-faf6-425a-a346-149bd38c4fab", "accountNo": "00539", "name": "NJATHEINI P C E A CHURCH", "phone": "254724313595", "meterNo": "1501042517", "accountStatus": "ACTIVE", "accountType": "Domestic", "institution": null, "meterStatus": "METERED", "brand": "YUONSO", "material": "Plastic", "meterClass": "C", "schemeName": "Rural", "zone": "013 84", "route": "012 83-KANGOGORO DMA", "dma": "Kangongoro", "location": "In the church compound", "parcelNo": null, "meterSize": "0.5", "remarks": null, "userId": null, "latitude": -0.3891933, "longitude": 37.1058083 }, "geometry": { "type": "Point", "coordinates": [ 37.1058083, -0.3891933 ] } },
{ "type": "Feature", "properties": { "id": "f5c0e458-6a28-460b-9b16-c397c4fbc510", "accountNo": "19653", "name": "MR. MARTIN  WACHIRA  CHARITY", "phone": "254729275557", "meterNo": "14050529", "accountStatus": "ACTIVE", "accountType": "Institutional", "institution": null, "meterStatus": "METERED", "brand": "Younio", "material": "Polymer", "meterClass": "C", "schemeName": "Rural", "zone": "013 84", "route": "012 83-KANGOGORO DMA", "dma": "Kangongoro", "location": "Inside", "parcelNo": "1650", "meterSize": "0.5", "remarks": null, "userId": null, "latitude": -0.3839305, "longitude": 37.1066773 }, "geometry": { "type": "Point", "coordinates": [ 37.1066773, -0.3839305 ] } },
{ "type": "Feature", "properties": { "id": "f5c0e458-6a28-460b-9b16-c397c7fbc361", "accountNo": "00308", "name": "LAWRENCE MWANGI RUBUA", "phone": "254723791745", "meterNo": "19096514", "accountStatus": "ACTIVE", "accountType": "Domestic", "institution": null, "meterStatus": "METERED", "brand": "younso", "material": "plastic", "meterClass": "b", "schemeName": "Rural", "zone": "012 83", "route": "013- KIAMARIGA TOWN (Upper Side)", "dma": "N/A", "location": "inside plot near the washroom", "parcelNo": null, "meterSize": "0.5", "remarks": "OK", "userId": null, "latitude": -0.3846131, "longitude": 37.0839709 }, "geometry": { "type": "Point", "coordinates": [ 37.0839709, -0.3846131 ] } },
{ "type": "Feature", "properties": { "id": "e545dde0-c12e-4bd8-b66d-72cdae85309d", "accountNo": "00432", "name": "ALEX MATU WACHIRA", "phone": "254723101727", "meterNo": "14049098", "accountStatus": "ACTIVE", "accountType": "Domestic", "institution": null, "meterStatus": "METERED", "brand": "YUONSO", "material": "PLASTIC", "meterClass": "B", "schemeName": null, "zone": "012 83", "route": "013- BEHIND COFFEE FACTORY", "dma": "Factory Line", "location": null, "parcelNo": "0", "meterSize": "0.5", "remarks": null, "userId": null, "latitude": -0.3896294, "longitude": 37.0781547 }, "geometry": { "type": "Point", "coordinates": [ 37.0781547, -0.3896294 ] } },
{ "type": "Feature", "properties": { "id": "f5c0e458-6a28-460b-9b16-c397c7fbc332", "accountNo": "00477", "name": "MACHARIA NDEGWA", "phone": "254725783669", "meterNo": "17176007", "accountStatus": "ACTIVE", "accountType": "Domestic", "institution": null, "meterStatus": "METERED", "brand": "Younso", "material": "plastic", "meterClass": "B", "schemeName": "Rural", "zone": "013 84", "route": "082 KABIRUINI", "dma": "N/A", "location": "kabiruini shopping center", "parcelNo": "0", "meterSize": "0.5", "remarks": "OK", "userId": null, "latitude": -0.3939001, "longitude": 37.088942 }, "geometry": { "type": "Point", "coordinates": [ 37.088942, -0.3939001 ] } },
{ "type": "Feature", "properties": { "id": "f5c0e458-6a28-460b-9b16-c397c2fbc497", "accountNo": "21680", "name": "MOSES KARITU H MUNGUNJU", "phone": "254720663520", "meterNo": "17011694", "accountStatus": "ACTIVE", "accountType": "Domestic", "institution": null, "meterStatus": "METERED", "brand": "Younio", "material": "Polymer", "meterClass": "C", "schemeName": "Rural", "zone": "013 84", "route": "082 KABIRUINI", "dma": "N/A", "location": "Inside", "parcelNo": "0", "meterSize": "0.5", "remarks": null, "userId": null, "latitude": -0.3961635, "longitude": 37.0865175 }, "geometry": { "type": "Point", "coordinates": [ 37.0865175, -0.3961635 ] } },
{ "type": "Feature", "properties": { "id": "137b50eb-6b16-4bbf-a2a6-f8b28f7106b3", "accountNo": "20379", "name": "JAMES RERIANI GACHAGUA", "phone": "254722517042", "meterNo": "150900210", "accountStatus": "ACTIVE", "accountType": "Domestic", "institution": null, "meterStatus": "METERED", "brand": null, "material": null, "meterClass": null, "schemeName": "Rural", "zone": "012 83", "route": "077 KAGATI", "dma": "N/A", "location": "along hiriga road ", "parcelNo": "0", "meterSize": "0.5", "remarks": null, "userId": null, "latitude": -0.3972435, "longitude": 37.0681977 }, "geometry": { "type": "Point", "coordinates": [ 37.0681977, -0.3972435 ] } },
{ "type": "Feature", "properties": { "id": "f5c0e458-6a28-460b-9b16-c397c3fbc139", "accountNo": "23255", "name": "MARGARET NYAMBURA WAHOME", "phone": "254720937608", "meterNo": "150214218", "accountStatus": "ACTIVE", "accountType": "Domestic", "institution": null, "meterStatus": "METERED", "brand": "Dunwells", "material": "Polymer", "meterClass": "B", "schemeName": "Rural", "zone": "013 84", "route": "012 83-KANGOGORO DMA", "dma": "Kangongoro", "location": "Inside", "parcelNo": "0", "meterSize": "0.5", "remarks": null, "userId": null, "latitude": -0.3909782, "longitude": 37.1015204 }, "geometry": { "type": "Point", "coordinates": [ 37.1015204, -0.3909782 ] } },
{ "type": "Feature", "properties": { "id": "f5c0e458-6a28-460b-9b16-c397c4fbc221", "accountNo": "20837", "name": "JACKSON MUREITHI CHEGE", "phone": "254725254242", "meterNo": "160400116", "accountStatus": "ACTIVE", "accountType": "Domestic", "institution": null, "meterStatus": "METERED", "brand": "younso", "material": "plastic", "meterClass": "b", "schemeName": "Rural", "zone": "012 83", "route": "013- BEHIND COFFEE FACTORY", "dma": "N/A", "location": "kiamariga upper", "parcelNo": null, "meterSize": "0.5", "remarks": "OK", "userId": null, "latitude": -0.3858341, "longitude": 37.0850572 }, "geometry": { "type": "Point", "coordinates": [ 37.0850572, -0.3858341 ] } },
{ "type": "Feature", "properties": { "id": "f5c0e458-6a28-460b-9b16-c397c5fbc704", "accountNo": "20903", "name": "ALICE KANJA RUICIRIA", "phone": "254722901299", "meterNo": "160400211", "accountStatus": "ACTIVE", "accountType": "Domestic", "institution": null, "meterStatus": "METERED", "brand": "Younio", "material": "Polymer", "meterClass": "B", "schemeName": "Rural", "zone": "013 84", "route": "082 KABIRUINI", "dma": "N/A", "location": "Inside", "parcelNo": "0", "meterSize": "0.5", "remarks": null, "userId": null, "latitude": -0.394234, "longitude": 37.0858888 }, "geometry": { "type": "Point", "coordinates": [ 37.0858888, -0.394234 ] } },
{ "type": "Feature", "properties": { "id": "f5c0e458-6a28-460b-9b16-c397c5fbc812", "accountNo": "20220", "name": "JAMES NGARE MBUI", "phone": "254723517958", "meterNo": "15034609", "accountStatus": "ACTIVE", "accountType": "Domestic", "institution": null, "meterStatus": "METERED", "brand": "yiunso", "material": "plastic", "meterClass": "b", "schemeName": "Rural", "zone": "012 83", "route": "013- KIAMARIGA TOWN (Upper Side)", "dma": "N/A", "location": "inside the plot beside the washroom", "parcelNo": "0", "meterSize": "0.5", "remarks": "OK", "userId": null, "latitude": -0.385175, "longitude": 37.0836824 }, "geometry": { "type": "Point", "coordinates": [ 37.0836824, -0.385175 ] } },
{ "type": "Feature", "properties": { "id": "fdcd9099-75b6-47c1-b373-f937dfd206e6", "accountNo": "00543", "name": "PETER MURIITHI MWERI", "phone": "254713094142", "meterNo": "19095886", "accountStatus": "ACTIVE", "accountType": "Domestic", "institution": null, "meterStatus": "METERED", "brand": "YUONSO", "material": "Plastic", "meterClass": "C", "schemeName": "Rural", "zone": "013 84", "route": "217 MIORO", "dma": "N/A", "location": "Near the gate", "parcelNo": null, "meterSize": "0.5", "remarks": null, "userId": null, "latitude": -0.396055, "longitude": 37.1027083 }, "geometry": { "type": "Point", "coordinates": [ 37.1027083, -0.396055 ] } },
{ "type": "Feature", "properties": { "id": "f5c0e458-6a28-460b-9b16-c397c3fbc473", "accountNo": "09364", "name": "STEPHEN WAMAI MAINA", "phone": "254720517393", "meterNo": null, "accountStatus": "ACTIVE", "accountType": "Domestic", "institution": null, "meterStatus": "METERED", "brand": "Aimei", "material": "Polymer", "meterClass": null, "schemeName": "Rural", "zone": "013 84", "route": "089 NJATHEINI", "dma": "N/A", "location": null, "parcelNo": null, "meterSize": "0.5", "remarks": null, "userId": null, "latitude": -0.3933771, "longitude": 37.1027797 }, "geometry": { "type": "Point", "coordinates": [ 37.1027797, -0.3933771 ] } },
{ "type": "Feature", "properties": { "id": "a9788163-0875-48cc-a51c-5d2d2da984e1", "accountNo": "21416", "name": "WILSON KAHORO MURAGE", "phone": "254723750180", "meterNo": "19060726", "accountStatus": "ACTIVE", "accountType": "Domestic", "institution": null, "meterStatus": "METERED", "brand": "YUONSO", "material": "PLASTIC", "meterClass": "B", "schemeName": null, "zone": "012 83", "route": "075 KIANJAU", "dma": "N/A", "location": null, "parcelNo": "0", "meterSize": "0.5", "remarks": null, "userId": null, "latitude": -0.384545, "longitude": 37.0942667 }, "geometry": { "type": "Point", "coordinates": [ 37.0942667, -0.384545 ] } },
{ "type": "Feature", "properties": { "id": "7f4b000f-6357-482d-94af-fb6cfebacc15", "accountNo": "08479", "name": "JACKSON KAIGI", "phone": "254723363398", "meterNo": "15035665", "accountStatus": "ACTIVE", "accountType": "Domestic", "institution": "N/A", "meterStatus": "METERED", "brand": "YUONSO", "material": "PLASTIC", "meterClass": "B", "schemeName": "Rural", "zone": "012 83", "route": "074 NYANA", "dma": "N/A", "location": "along nyana road ", "parcelNo": null, "meterSize": "0.5", "remarks": null, "userId": null, "latitude": -0.3756367, "longitude": 37.1000645 }, "geometry": { "type": "Point", "coordinates": [ 37.1000645, -0.3756367 ] } },
{ "type": "Feature", "properties": { "id": "2ebdf681-41dc-4785-bc9e-7c6dca890583", "accountNo": "20314", "name": "SOLOMON MURIITHI MAINA", "phone": "254720561201", "meterNo": "22035445", "accountStatus": "SEALED", "accountType": "Domestic", "institution": null, "meterStatus": "METERED", "brand": "YUONSO", "material": "PLASTIC", "meterClass": "B", "schemeName": null, "zone": "012 83", "route": "012 83-KIAMARIGA LOWER DMA", "dma": "Factory Line", "location": null, "parcelNo": "0", "meterSize": "0.5", "remarks": null, "userId": null, "latitude": -0.3878582, "longitude": 37.076538 }, "geometry": { "type": "Point", "coordinates": [ 37.076538, -0.3878582 ] } },
{ "type": "Feature", "properties": { "id": "f5c0e458-6a28-460b-9b16-c3f7c8fba887", "accountNo": "23372", "name": "STEPHEN KAGOMO MUTHONDERI", "phone": "254700246687", "meterNo": "19014028", "accountStatus": "ACTIVE", "accountType": "Domestic", "institution": null, "meterStatus": "METERED", "brand": "Younio", "material": "Polymer", "meterClass": "C", "schemeName": "Rural", "zone": "013 84", "route": "KANGOGORO DMA", "dma": "Kangongoro", "location": "Inside", "parcelNo": "1823", "meterSize": null, "remarks": null, "userId": null, "latitude": -0.3910124, "longitude": 37.0966529 }, "geometry": { "type": "Point", "coordinates": [ 37.0966529, -0.3910124 ] } },
{ "type": "Feature", "properties": { "id": "54bacb99-c9b5-4935-8272-1a69c42a7d93", "accountNo": "23387", "name": "JOHN KAMAU NG'ANG'A", "phone": "254715528292", "meterNo": "19013142", "accountStatus": "ACTIVE", "accountType": "Domestic", "institution": null, "meterStatus": "METERED", "brand": "YUONSO", "material": "PLASTIC", "meterClass": "B", "schemeName": null, "zone": "012 83", "route": "012 83-KIAMARIGA LOWER DMA", "dma": "Kiamariga Lower", "location": null, "parcelNo": "1033", "meterSize": "0.5", "remarks": null, "userId": null, "latitude": -0.3867233, "longitude": 37.0823767 }, "geometry": { "type": "Point", "coordinates": [ 37.0823767, -0.3867233 ] } },
{ "type": "Feature", "properties": { "id": "585f1fe2-7c8f-42a2-b532-b8e83768372d", "accountNo": "23393", "name": "FRANCIS KIAMA KINYUA", "phone": "254724798792", "meterNo": "19013144", "accountStatus": "ACTIVE", "accountType": "Domestic", "institution": null, "meterStatus": "METERED", "brand": "YUONSO", "material": "PLASTIC", "meterClass": "B", "schemeName": null, "zone": "012 83", "route": "013- BEHIND COFFEE FACTORY", "dma": "Factory Line", "location": null, "parcelNo": "2805", "meterSize": "0.5", "remarks": "To update meter number ", "userId": null, "latitude": -0.3883523, "longitude": 37.0791148 }, "geometry": { "type": "Point", "coordinates": [ 37.0791148, -0.3883523 ] } },
{ "type": "Feature", "properties": { "id": "f5c0e458-6a28-460b-9b16-c397c4fbc776", "accountNo": "23446", "name": "PETER MWANGI NJOGU", "phone": "254729654045", "meterNo": "181501325", "accountStatus": "ACTIVE", "accountType": "Domestic", "institution": null, "meterStatus": "METERED", "brand": "Aimei", "material": "Polymer", "meterClass": "B", "schemeName": "Rural", "zone": "013 84", "route": "089 NJATHEINI", "dma": "N/A", "location": "Inside", "parcelNo": null, "meterSize": null, "remarks": null, "userId": null, "latitude": -0.391463, "longitude": 37.1080214 }, "geometry": { "type": "Point", "coordinates": [ 37.1080214, -0.391463 ] } },
{ "type": "Feature", "properties": { "id": "df8f8696-599b-4209-8656-db12dbc3f0a0", "accountNo": "24244", "name": "KEZIA WAIRIMU MURIUKI", "phone": "254724313595", "meterNo": "19096073", "accountStatus": "ACTIVE", "accountType": "Domestic", "institution": null, "meterStatus": "METERED", "brand": "YUONSO", "material": "PLASTIC", "meterClass": "B", "schemeName": null, "zone": "012 83", "route": "077 KAGATI", "dma": "N/A", "location": null, "parcelNo": null, "meterSize": "0.5", "remarks": null, "userId": null, "latitude": -0.3899333, "longitude": 37.072335 }, "geometry": { "type": "Point", "coordinates": [ 37.072335, -0.3899333 ] } },
{ "type": "Feature", "properties": { "id": "39d0183f-56c9-4068-9ca2-a6275937e76f", "accountNo": "23538", "name": "ERASTUS KARANJA MURIUKI", "phone": "254722688551", "meterNo": "19063738", "accountStatus": "ACTIVE", "accountType": "Domestic", "institution": "N/A", "meterStatus": "METERED", "brand": "YUONSO", "material": "PLASTIC", "meterClass": "B", "schemeName": "Rural", "zone": "012 83", "route": "070 RUGURU", "dma": "N/A", "location": "Along MCA road", "parcelNo": "1515", "meterSize": "0.5", "remarks": null, "userId": null, "latitude": -0.4052183, "longitude": 37.0683217 }, "geometry": { "type": "Point", "coordinates": [ 37.0683217, -0.4052183 ] } },
{ "type": "Feature", "properties": { "id": "e671cb2f-f539-4cf4-aa7f-e0a3582f9215", "accountNo": "23540", "name": "STANELY MURIUKI GITHUNGO", "phone": "254722370515", "meterNo": "19011703", "accountStatus": "ACTIVE", "accountType": "Domestic", "institution": "N/A", "meterStatus": "METERED", "brand": "YUONSO", "material": "PLASTIC", "meterClass": "B", "schemeName": "Rural", "zone": "012 83", "route": "HIRIGA (83)", "dma": "N/A", "location": "Along MCA road", "parcelNo": "KARUTHI 173", "meterSize": "0.5", "remarks": null, "userId": null, "latitude": -0.4034249, "longitude": 37.0685038 }, "geometry": { "type": "Point", "coordinates": [ 37.0685038, -0.4034249 ] } },
{ "type": "Feature", "properties": { "id": "f5c0e458-6a28-460b-9b16-c397c3fbc633", "accountNo": "23649", "name": "LUCY WAMUYU NGARI", "phone": "254724074969", "meterNo": "14062783", "accountStatus": "SEALED", "accountType": "Domestic", "institution": null, "meterStatus": "METERED", "brand": "Younio", "material": "Polymer", "meterClass": "C", "schemeName": "Rural", "zone": "013 84", "route": "07- MARIA SECOND LANE", "dma": "N/A", "location": "Inside", "parcelNo": null, "meterSize": "0.5", "remarks": null, "userId": null, "latitude": -0.3969128, "longitude": 37.0837716 }, "geometry": { "type": "Point", "coordinates": [ 37.0837716, -0.3969128 ] } },
{ "type": "Feature", "properties": { "id": "6d17c6de-a701-43f8-92bf-c6bef0b1c03c", "accountNo": "08461", "name": "SIMON MAINA GATHERU", "phone": "254725063884", "meterNo": "23040207", "accountStatus": "ACTIVE", "accountType": "Domestic", "institution": "N/A", "meterStatus": "METERED", "brand": "YUONSO", "material": "PLASTIC", "meterClass": "B", "schemeName": "Rural", "zone": "012 83", "route": "074 NYANA", "dma": "N/A", "location": "along Gichoru road ", "parcelNo": null, "meterSize": "0.5", "remarks": "change dma to gichoru ", "userId": null, "latitude": -0.3842083, "longitude": 37.1033734 }, "geometry": { "type": "Point", "coordinates": [ 37.1033734, -0.3842083 ] } },
{ "type": "Feature", "properties": { "id": "f5c0e458-6a28-460b-9b16-c397c4fbc696", "accountNo": "23550", "name": "JOSEPH  NDEGWA  NDIRITU", "phone": "254729801299", "meterNo": "19063745", "accountStatus": "ACTIVE", "accountType": "Domestic", "institution": null, "meterStatus": "METERED", "brand": "Younio", "material": "Polymer", "meterClass": "B", "schemeName": "Rural", "zone": "013 84", "route": "082 KABIRUINI", "dma": "N/A", "location": "Inside", "parcelNo": "524", "meterSize": "0.5", "remarks": null, "userId": null, "latitude": -0.3930924, "longitude": 37.0934393 }, "geometry": { "type": "Point", "coordinates": [ 37.0934393, -0.3930924 ] } },
{ "type": "Feature", "properties": { "id": "f5c0e458-6a28-460b-9b16-c397c7fbc403", "accountNo": "23561", "name": "LEAH WAMUYU KARUE", "phone": "254722647699", "meterNo": "19095533", "accountStatus": "ACTIVE", "accountType": "Domestic", "institution": null, "meterStatus": "METERED", "brand": "Younio", "material": "Polymer", "meterClass": "B", "schemeName": "Rural", "zone": "013 84", "route": "089 NJATHEINI", "dma": "N/A", "location": "Inside", "parcelNo": null, "meterSize": "0.5", "remarks": null, "userId": null, "latitude": -0.3945096, "longitude": 37.1006326 }, "geometry": { "type": "Point", "coordinates": [ 37.1006326, -0.3945096 ] } },
{ "type": "Feature", "properties": { "id": "adb18452-e665-4d95-8142-0bab6caa634a", "accountNo": "23622", "name": "PETERSON GACHARI KAGUAMBA", "phone": "254722535955", "meterNo": "19014276", "accountStatus": "ACTIVE", "accountType": "Domestic", "institution": "N/A", "meterStatus": "METERED", "brand": "YUONSO", "material": "PLASTIC", "meterClass": "B", "schemeName": "Rural", "zone": "013 84", "route": "012 83-KANGOGORO DMA", "dma": "Kangongoro", "location": "along githiringo road ", "parcelNo": null, "meterSize": "0.5", "remarks": null, "userId": null, "latitude": -0.375289, "longitude": 37.1075794 }, "geometry": { "type": "Point", "coordinates": [ 37.1075794, -0.375289 ] } },
{ "type": "Feature", "properties": { "id": "a9addfb6-153e-4260-b378-da278984bfbb", "accountNo": "23798", "name": "JOSEPH GATHANJI GITHAE", "phone": "254796636278", "meterNo": "19061241", "accountStatus": "ACTIVE", "accountType": "Domestic", "institution": null, "meterStatus": "METERED", "brand": "YUONSO", "material": "Plastic", "meterClass": "B", "schemeName": "Rural", "zone": "012 83", "route": "076 KIAMARIGA", "dma": "N/A", "location": "opposite ACK kiamariga ", "parcelNo": null, "meterSize": "0.5", "remarks": null, "userId": null, "latitude": -0.3852024, "longitude": 37.0799734 }, "geometry": { "type": "Point", "coordinates": [ 37.0799734, -0.3852024 ] } },
{ "type": "Feature", "properties": { "id": "f5c0e458-6a28-460b-9b16-c397c6fbc023", "accountNo": "23835", "name": "STECOL CORPORATION", "phone": "254724352518", "meterNo": "21042752", "accountStatus": "ACTIVE", "accountType": "Domestic", "institution": null, "meterStatus": "METERED", "brand": "YUONSO", "material": "Brass", "meterClass": "A", "schemeName": "Rural", "zone": "023 82", "route": "0021- INST. 83", "dma": "N/A", "location": "main gate left side at the corner", "parcelNo": null, "meterSize": "0.8", "remarks": "OK", "userId": null, "latitude": -0.3903554, "longitude": 37.0593657 }, "geometry": { "type": "Point", "coordinates": [ 37.0593657, -0.3903554 ] } },
{ "type": "Feature", "properties": { "id": "f5c0e458-6a28-460b-9b16-c397c8fbc813", "accountNo": "23939", "name": "DUNCAN NDEGWA KABERE", "phone": "254721430411", "meterNo": "19060668", "accountStatus": "ACTIVE", "accountType": "Domestic", "institution": null, "meterStatus": "METERED", "brand": "YUONSO", "material": "Polymer", "meterClass": "A", "schemeName": "Rural", "zone": "012 83", "route": "076 KIAMARIGA", "dma": "N/A", "location": "behind the house", "parcelNo": null, "meterSize": "0.5", "remarks": "OK", "userId": null, "latitude": -0.3852535, "longitude": 37.082796 }, "geometry": { "type": "Point", "coordinates": [ 37.082796, -0.3852535 ] } },
{ "type": "Feature", "properties": { "id": "e8c5de4c-0e82-4c0b-8d03-06a52c542183", "accountNo": "08273", "name": "MUHINDI  KARIITHI", "phone": "254721267644", "meterNo": "18085748", "accountStatus": "ACTIVE", "accountType": "Domestic", "institution": "N/A", "meterStatus": "METERED", "brand": "YUONSO", "material": "PLASTIC", "meterClass": "B", "schemeName": "Rural", "zone": "012 83", "route": "076 KIAMARIGA", "dma": "N/A", "location": "Near Kagati field ", "parcelNo": null, "meterSize": "0.5", "remarks": null, "userId": null, "latitude": -0.389079, "longitude": 37.070218 }, "geometry": { "type": "Point", "coordinates": [ 37.070218, -0.389079 ] } },
{ "type": "Feature", "properties": { "id": "20c78fbb-fc50-4555-811c-ef003d960a0a", "accountNo": "24273", "name": "STEPHEN WACHIRA MWANGI", "phone": "254720642917", "meterNo": "19096513", "accountStatus": "ACTIVE", "accountType": "Domestic", "institution": null, "meterStatus": "METERED", "brand": "YUONSO", "material": "PLASTIC", "meterClass": "B", "schemeName": null, "zone": "012 83", "route": "131 RANGI", "dma": "N/A", "location": "along Rangi road)", "parcelNo": null, "meterSize": "0.5", "remarks": null, "userId": null, "latitude": -0.3806537, "longitude": 37.0897593 }, "geometry": { "type": "Point", "coordinates": [ 37.0897593, -0.3806537 ] } },
{ "type": "Feature", "properties": { "id": "aca36c34-4a9e-4a73-9b42-49bafb0c333d", "accountNo": "24518", "name": "CECILIA WANGUI WACHIRA", "phone": "254727315948", "meterNo": "19095167", "accountStatus": "ACTIVE", "accountType": "Domestic", "institution": null, "meterStatus": "METERED", "brand": "YUONSO", "material": "PLASTIC", "meterClass": "B", "schemeName": null, "zone": "012 83", "route": "013- BEHIND COFFEE FACTORY", "dma": "Factory Line", "location": null, "parcelNo": null, "meterSize": "0.5", "remarks": null, "userId": null, "latitude": -0.3886933, "longitude": 37.0786133 }, "geometry": { "type": "Point", "coordinates": [ 37.0786133, -0.3886933 ] } },
{ "type": "Feature", "properties": { "id": "94eaac30-5c83-4335-b8f0-09fe48960b73", "accountNo": "24168", "name": "BEATRICE NYARUAI NGATIA", "phone": "254711997360", "meterNo": "19096598", "accountStatus": "ACTIVE", "accountType": "Domestic", "institution": null, "meterStatus": "METERED", "brand": "YUONSO", "material": "PLASTIC", "meterClass": "B", "schemeName": null, "zone": "012 83", "route": "012 83-KIAMARIGA LOWER DMA", "dma": "Kiamariga Lower", "location": null, "parcelNo": null, "meterSize": "0.5", "remarks": null, "userId": null, "latitude": -0.38587, "longitude": 37.081165 }, "geometry": { "type": "Point", "coordinates": [ 37.081165, -0.38587 ] } },
{ "type": "Feature", "properties": { "id": "1a25db8a-382e-4b0f-b093-57fba8540e3a", "accountNo": "25728", "name": "ESTHER WAMUYU MAINA", "phone": "254716289700", "meterNo": "21066140", "accountStatus": "ACTIVE", "accountType": "Domestic", "institution": "N/A", "meterStatus": "METERED", "brand": "YUONSO", "material": "PLASTIC", "meterClass": "B", "schemeName": "Rural", "zone": "013 84", "route": "012 83-KANGOGORO DMA", "dma": "Kangongoro", "location": "along githiringo road ", "parcelNo": null, "meterSize": "0.5", "remarks": null, "userId": null, "latitude": -0.3759293, "longitude": 37.1083865 }, "geometry": { "type": "Point", "coordinates": [ 37.1083865, -0.3759293 ] } },
{ "type": "Feature", "properties": { "id": "53c0a1bc-5ffe-4a4f-a99a-0d417bc53898", "accountNo": "24178", "name": "SAMUEL MUHORO GICHINI", "phone": "254722213049", "meterNo": "19060024", "accountStatus": "ACTIVE", "accountType": "Domestic", "institution": null, "meterStatus": "METERED", "brand": "YUONSO", "material": "POLYMER", "meterClass": "A", "schemeName": null, "zone": "012 83", "route": "KIAIHURU DMA", "dma": "N/A", "location": null, "parcelNo": null, "meterSize": "0.5", "remarks": null, "userId": null, "latitude": -0.3665151, "longitude": 37.1001872 }, "geometry": { "type": "Point", "coordinates": [ 37.1001872, -0.3665151 ] } },
{ "type": "Feature", "properties": { "id": "7b4caf59-4ab1-44f1-b76b-8d6f249691da", "accountNo": "00410", "name": "JAMES NGARI GICHUKI", "phone": "254728332858", "meterNo": "14043238", "accountStatus": "ACTIVE", "accountType": "Domestic", "institution": null, "meterStatus": "METERED", "brand": "YUONSO", "material": "PLASTIC", "meterClass": "B", "schemeName": null, "zone": "012 83", "route": "131 RANGI", "dma": "N/A", "location": "along Rangi road ", "parcelNo": null, "meterSize": "0.5", "remarks": null, "userId": null, "latitude": -0.3833536, "longitude": 37.0876069 }, "geometry": { "type": "Point", "coordinates": [ 37.0876069, -0.3833536 ] } },
{ "type": "Feature", "properties": { "id": "3921d9a0-3dcd-4878-8a03-572942973b0c", "accountNo": "00472", "name": "MURIUKI WANDERI WAMBUI", "phone": "254720061178", "meterNo": "17084353", "accountStatus": "ACTIVE", "accountType": "Domestic", "institution": null, "meterStatus": "METERED", "brand": "YUONSO", "material": "Plastic", "meterClass": "C", "schemeName": "Rural", "zone": "013 84", "route": "187 MUTIINI", "dma": "N/A", "location": "In the farm ", "parcelNo": null, "meterSize": "0.5", "remarks": null, "userId": null, "latitude": -0.3990598, "longitude": 37.0854824 }, "geometry": { "type": "Point", "coordinates": [ 37.0854824, -0.3990598 ] } },
{ "type": "Feature", "properties": { "id": "f5c0e458-6a28-460b-9b16-c397c1fbc631", "accountNo": "09339", "name": "MUTHANGA M. DUNCAN", "phone": "254722680797", "meterNo": "1500709217", "accountStatus": "ACTIVE", "accountType": "Domestic", "institution": null, "meterStatus": "METERED", "brand": "Aimei", "material": "Polymer", "meterClass": "C", "schemeName": "Rural", "zone": "013 84", "route": "012 83-KANGOGORO DMA", "dma": "Kangongoro", "location": "Inside", "parcelNo": null, "meterSize": "0.5", "remarks": null, "userId": null, "latitude": -0.3908833, "longitude": 37.1014058 }, "geometry": { "type": "Point", "coordinates": [ 37.1014058, -0.3908833 ] } },
{ "type": "Feature", "properties": { "id": "40d3bc67-673e-4efe-bc63-8624683bde3c", "accountNo": "26529", "name": "MATHIRA NORTH FAMERS COOPERATIVE SOCIETY LTD", "phone": "254722103058", "meterNo": "22035234", "accountStatus": "ACTIVE", "accountType": "Domestic", "institution": null, "meterStatus": "METERED", "brand": "YUONSO", "material": "PLASTIC", "meterClass": "B", "schemeName": null, "zone": "012 83", "route": "012 83-KIAMARIGA LOWER DMA", "dma": "Factory Line", "location": null, "parcelNo": null, "meterSize": "0.5", "remarks": null, "userId": null, "latitude": -0.3864456, "longitude": 37.0835493 }, "geometry": { "type": "Point", "coordinates": [ 37.0835493, -0.3864456 ] } },
{ "type": "Feature", "properties": { "id": "f5c0e458-6a28-460b-9b16-c397c8fbb109", "accountNo": "26550", "name": "EPHANTUS MURIUKI MWANGI", "phone": "254722573414", "meterNo": "22034699", "accountStatus": "ACTIVE", "accountType": "Domestic", "institution": null, "meterStatus": "METERED", "brand": "YUONSO", "material": "Plastic", "meterClass": "B", "schemeName": "Rural", "zone": "012 83", "route": "131 RANGI", "dma": "N/A", "location": "opposite green shop", "parcelNo": null, "meterSize": "0.5", "remarks": "OK", "userId": null, "latitude": -0.3814238, "longitude": 37.0888387 }, "geometry": { "type": "Point", "coordinates": [ 37.0888387, -0.3814238 ] } },
{ "type": "Feature", "properties": { "id": "f5c0e458-6a28-460b-9b16-c397c7fbc709", "accountNo": "26658", "name": "JOHNSON KARIUKI MURAYA", "phone": "254721656689", "meterNo": "22036889", "accountStatus": "ACTIVE", "accountType": "Domestic", "institution": null, "meterStatus": "METERED", "brand": "YUONSO", "material": "PLASTIC", "meterClass": "B", "schemeName": null, "zone": "012 83", "route": "076 KIAMARIGA", "dma": "N/A", "location": "Behind Mawasco kiamariga offices ", "parcelNo": "2562", "meterSize": "0.5", "remarks": "Installed\n", "userId": null, "latitude": -0.3859621, "longitude": 37.0780883 }, "geometry": { "type": "Point", "coordinates": [ 37.0780883, -0.3859621 ] } },
{ "type": "Feature", "properties": { "id": "5516de20-6290-4578-8cc0-d4d22523f00c", "accountNo": "26841", "name": "JAMES GITHUI MUNYUIRA", "phone": "254702924953", "meterNo": "23178558", "accountStatus": "ACTIVE", "accountType": "Domestic", "institution": "ACTIVE", "meterStatus": "METERED", "brand": "YUONSO", "material": "PLASTIC", "meterClass": "B", "schemeName": null, "zone": "013 84", "route": "082 KABIRUINI", "dma": "N/A", "location": "behind Gms ", "parcelNo": "2946", "meterSize": "0.5", "remarks": "installed ", "userId": null, "latitude": -0.3978911, "longitude": 37.0889599 }, "geometry": { "type": "Point", "coordinates": [ 37.0889599, -0.3978911 ] } },
{ "type": "Feature", "properties": { "id": "25e8e5b0-9001-4bb0-8ac6-cce6ae0e1651", "accountNo": "26967", "name": "JAMES MWANGI WAMUYU", "phone": "254713441093", "meterNo": "23037627", "accountStatus": "ACTIVE", "accountType": "Domestic", "institution": null, "meterStatus": "METERED", "brand": "YUONSO", "material": "Plastic", "meterClass": "C", "schemeName": "Rural", "zone": "013 84", "route": "187 MUTIINI", "dma": "N/A", "location": "Near the gate", "parcelNo": null, "meterSize": "0.5", "remarks": null, "userId": null, "latitude": -0.397797, "longitude": 37.0880431 }, "geometry": { "type": "Point", "coordinates": [ 37.0880431, -0.397797 ] } },
{ "type": "Feature", "properties": { "id": "9b7329b4-f9dc-4685-8ddc-c4aff1c0dd20", "accountNo": "27043", "name": "CHARLES M J KAMAU", "phone": "254710165088", "meterNo": "23037629", "accountStatus": "ACTIVE", "accountType": "Domestic", "institution": null, "meterStatus": "METERED", "brand": "YUONSO", "material": "PLASTIC", "meterClass": "B", "schemeName": null, "zone": "012 83", "route": "078 GITHAMBIRO", "dma": "Factory Line", "location": null, "parcelNo": "1384", "meterSize": "0.5", "remarks": null, "userId": null, "latitude": -0.3768988, "longitude": 37.0916363 }, "geometry": { "type": "Point", "coordinates": [ 37.0916363, -0.3768988 ] } },
{ "type": "Feature", "properties": { "id": "f9b91151-0ace-4ba2-ae0a-8d0601a1409f", "accountNo": "27089", "name": "PST DR DORCAS RIGATHI FOUNDATION", "phone": "254722776420", "meterNo": "23040679", "accountStatus": "ACTIVE", "accountType": "Domestic", "institution": null, "meterStatus": "METERED", "brand": "YUONSO", "material": "PLASTIC", "meterClass": "B", "schemeName": null, "zone": "012 83", "route": "076 KIAMARIGA", "dma": "Kiamariga Lower", "location": null, "parcelNo": null, "meterSize": "0.5", "remarks": null, "userId": null, "latitude": -0.385775, "longitude": 37.0807017 }, "geometry": { "type": "Point", "coordinates": [ 37.0807017, -0.385775 ] } },
{ "type": "Feature", "properties": { "id": "b40b9e87-9a19-4d4c-bf61-fb8f32b4f76d", "accountNo": "24271", "name": "ALICE WANGARI KAMAU", "phone": "254713966915", "meterNo": "19061383", "accountStatus": "ACTIVE", "accountType": "Domestic", "institution": null, "meterStatus": "METERED", "brand": "YUONSO", "material": "PLASTIC", "meterClass": "B", "schemeName": null, "zone": "012 83", "route": "075 KIANJAU", "dma": "N/A", "location": null, "parcelNo": null, "meterSize": "0.5", "remarks": null, "userId": null, "latitude": -0.3869302, "longitude": 37.0982567 }, "geometry": { "type": "Point", "coordinates": [ 37.0982567, -0.3869302 ] } },
{ "type": "Feature", "properties": { "id": "7c86d087-cd5b-4656-96a2-389d8b1750e9", "accountNo": "24286", "name": "JOHN WANJOHI GITHAIGA", "phone": "254728041241", "meterNo": "19060805", "accountStatus": "ACTIVE", "accountType": "Domestic", "institution": null, "meterStatus": "METERED", "brand": "YUONSO", "material": "PLASTIC", "meterClass": "B", "schemeName": null, "zone": "012 83", "route": "131 RANGI", "dma": "N/A", "location": null, "parcelNo": null, "meterSize": "0.5", "remarks": null, "userId": null, "latitude": -0.3796177, "longitude": 37.0932301 }, "geometry": { "type": "Point", "coordinates": [ 37.0932301, -0.3796177 ] } },
{ "type": "Feature", "properties": { "id": "f5c0e458-6a28-460b-9b16-c397c7fbc627", "accountNo": "24287", "name": "FLORENCE WANGUI NGATIA", "phone": "254722453849", "meterNo": "19060802", "accountStatus": "ACTIVE", "accountType": "Domestic", "institution": null, "meterStatus": "METERED", "brand": "Younio", "material": "Polymer", "meterClass": "B", "schemeName": "Rural", "zone": "013 84", "route": "087 KIANDAKA", "dma": "N/A", "location": "Inside", "parcelNo": null, "meterSize": "0.5", "remarks": null, "userId": null, "latitude": -0.3914432, "longitude": 37.0927291 }, "geometry": { "type": "Point", "coordinates": [ 37.0927291, -0.3914432 ] } },
{ "type": "Feature", "properties": { "id": "f5c0e458-6a28-460b-9b16-c397c8fbb189", "accountNo": "24315", "name": "DAVID KIMATHI MBUTHIA", "phone": "254720863540", "meterNo": "19059444", "accountStatus": "ACTIVE", "accountType": "Domestic", "institution": null, "meterStatus": "METERED", "brand": "Younio", "material": "Polymer", "meterClass": "B", "schemeName": "Rural", "zone": "013 84", "route": "089 NJATHEINI", "dma": "N/A", "location": "Inside", "parcelNo": null, "meterSize": "0.5", "remarks": null, "userId": null, "latitude": -0.3921721, "longitude": 37.107033 }, "geometry": { "type": "Point", "coordinates": [ 37.107033, -0.3921721 ] } },
{ "type": "Feature", "properties": { "id": "14491512-b44b-4ff6-8d7e-a0cb569a0241", "accountNo": "27390", "name": "CHARLES WANJOHI WACHERA", "phone": "254712896814", "meterNo": "23179890", "accountStatus": "ACTIVE", "accountType": "Domestic", "institution": null, "meterStatus": "METERED", "brand": "YUONSO", "material": "PLASTIC", "meterClass": "B", "schemeName": null, "zone": "013 84", "route": "187 MUTIINI", "dma": "N/A", "location": "50m from the tall building on your right (mutiini route )", "parcelNo": "367", "meterSize": "0.5", "remarks": "Installed.", "userId": null, "latitude": -0.402135, "longitude": 37.0868683 }, "geometry": { "type": "Point", "coordinates": [ 37.0868683, -0.402135 ] } },
{ "type": "Feature", "properties": { "id": "d08c6932-b359-4611-996b-779225c376c0", "accountNo": "20925", "name": "FREDRICK GITHUI GICHUHI", "phone": "254723986466", "meterNo": "160400267", "accountStatus": "ACTIVE", "accountType": "Domestic", "institution": null, "meterStatus": "METERED", "brand": "YUONSO", "material": "PLASTIC", "meterClass": "B", "schemeName": null, "zone": "012 83", "route": "075 KIANJAU", "dma": "N/A", "location": null, "parcelNo": "0", "meterSize": "0.5", "remarks": null, "userId": null, "latitude": -0.3872482, "longitude": 37.0942504 }, "geometry": { "type": "Point", "coordinates": [ 37.0942504, -0.3872482 ] } },
{ "type": "Feature", "properties": { "id": "6ee63d96-ea75-4dda-98db-1c8972c677c7", "accountNo": "27505", "name": "BEATRICE WANJIKU MAINA", "phone": "254727386517", "meterNo": "24014788", "accountStatus": "ACTIVE", "accountType": "Domestic", "institution": null, "meterStatus": "METERED", "brand": null, "material": null, "meterClass": null, "schemeName": null, "zone": "013 84", "route": "089 NJATHEINI", "dma": "N/A", "location": null, "parcelNo": "481", "meterSize": "0.5", "remarks": null, "userId": null, "latitude": -0.39423, "longitude": 37.1011583 }, "geometry": { "type": "Point", "coordinates": [ 37.1011583, -0.39423 ] } },
{ "type": "Feature", "properties": { "id": "abb034a2-cf81-4443-9349-bef40dfaa01b", "accountNo": "24400", "name": "JOHN MURIUKI WAHOME", "phone": "254712880299", "meterNo": "19096132", "accountStatus": "ACTIVE", "accountType": "Domestic", "institution": null, "meterStatus": "METERED", "brand": "YUONSO", "material": "PLASTIC", "meterClass": "B", "schemeName": null, "zone": "012 83", "route": "131 RANGI", "dma": "N/A", "location": "along Rangi road ", "parcelNo": null, "meterSize": "0.5", "remarks": null, "userId": null, "latitude": -0.3759501, "longitude": 37.0950979 }, "geometry": { "type": "Point", "coordinates": [ 37.0950979, -0.3759501 ] } },
{ "type": "Feature", "properties": { "id": "ae969b78-a492-43d9-9fc9-e75d73e531fd", "accountNo": "24436", "name": "STEPHEN KAGIRI WAHOME", "phone": "254757094475", "meterNo": "19095757", "accountStatus": "ACTIVE", "accountType": "Domestic", "institution": null, "meterStatus": "METERED", "brand": "YUONSO", "material": "PLASTIC", "meterClass": "B", "schemeName": null, "zone": "012 83", "route": "013- BEHIND COFFEE FACTORY", "dma": "Factory Line", "location": null, "parcelNo": null, "meterSize": "0.5", "remarks": null, "userId": null, "latitude": -0.3890072, "longitude": 37.0796159 }, "geometry": { "type": "Point", "coordinates": [ 37.0796159, -0.3890072 ] } },
{ "type": "Feature", "properties": { "id": "f5c0e458-6a28-460b-9b16-c397c2fbc924", "accountNo": "24454", "name": "CHARITY NYARUAI MURIITHI", "phone": "254742119751", "meterNo": "19095676", "accountStatus": "ACTIVE", "accountType": "Domestic", "institution": null, "meterStatus": "METERED", "brand": "Younio", "material": "Polymer", "meterClass": "B", "schemeName": "Rural", "zone": "013 84", "route": "082 KABIRUINI", "dma": "N/A", "location": "Inside", "parcelNo": null, "meterSize": "0.5", "remarks": null, "userId": null, "latitude": -0.3940939, "longitude": 37.0872236 }, "geometry": { "type": "Point", "coordinates": [ 37.0872236, -0.3940939 ] } },
{ "type": "Feature", "properties": { "id": "f5c0e458-6a28-460b-9b16-c397c2fbc542", "accountNo": "24464", "name": "GODFREY K. MUTHIRA", "phone": "254722348911", "meterNo": "19096035", "accountStatus": "ACTIVE", "accountType": "Domestic", "institution": null, "meterStatus": "METERED", "brand": "Younio", "material": "Polymer", "meterClass": "B", "schemeName": "Rural", "zone": "013 84", "route": "089 NJATHEINI", "dma": "N/A", "location": "Inside", "parcelNo": null, "meterSize": "0.5", "remarks": null, "userId": null, "latitude": -0.3936976, "longitude": 37.1023137 }, "geometry": { "type": "Point", "coordinates": [ 37.1023137, -0.3936976 ] } },
{ "type": "Feature", "properties": { "id": "ae92b70e-7492-4c07-a916-68d46d3dd530", "accountNo": "00436", "name": "HARRISON NGATIA WANJOHI", "phone": "254723707485", "meterNo": "14004135", "accountStatus": "ACTIVE", "accountType": "Domestic", "institution": null, "meterStatus": "METERED", "brand": "YUONSO", "material": "PLASTIC", "meterClass": "B", "schemeName": null, "zone": "012 83", "route": "078 GITHAMBIRO", "dma": "N/A", "location": null, "parcelNo": "0", "meterSize": "0.5", "remarks": null, "userId": null, "latitude": -0.3784477, "longitude": 37.0907775 }, "geometry": { "type": "Point", "coordinates": [ 37.0907775, -0.3784477 ] } },
{ "type": "Feature", "properties": { "id": "f5c0e458-6a28-460b-9b16-c397c5fbc785", "accountNo": "21790", "name": "WILSON KARUMBA MUREBU", "phone": "254725992776", "meterNo": "17011139", "accountStatus": "ACTIVE", "accountType": "Domestic", "institution": null, "meterStatus": "METERED", "brand": "Younio", "material": "Polymer", "meterClass": "B", "schemeName": "Rural", "zone": "013 84", "route": "082 KABIRUINI", "dma": "N/A", "location": "Inside", "parcelNo": "0", "meterSize": "0.5", "remarks": null, "userId": null, "latitude": -0.3945549, "longitude": 37.0873654 }, "geometry": { "type": "Point", "coordinates": [ 37.0873654, -0.3945549 ] } },
{ "type": "Feature", "properties": { "id": "f5c0e458-6a28-460b-9b16-c397c6fbc666", "accountNo": "22175", "name": "MICHAEL BOIT KARAYA", "phone": "254721480399", "meterNo": "17083004", "accountStatus": "ACTIVE", "accountType": "Domestic", "institution": null, "meterStatus": "METERED", "brand": "Younio", "material": "Polymer", "meterClass": "C", "schemeName": "Rural", "zone": "013 84", "route": "012 83-KANGOGORO DMA", "dma": "Kangongoro", "location": "Inside", "parcelNo": "0", "meterSize": "0.5", "remarks": null, "userId": null, "latitude": -0.3899064, "longitude": 37.1035525 }, "geometry": { "type": "Point", "coordinates": [ 37.1035525, -0.3899064 ] } },
{ "type": "Feature", "properties": { "id": "4bb3b8cb-f56d-46a2-bd26-bfdda38435fc", "accountNo": "24569", "name": "ROBERT  KARURI WACHIRA", "phone": "254725254242", "meterNo": "19096559", "accountStatus": "ACTIVE", "accountType": "Domestic", "institution": null, "meterStatus": "METERED", "brand": "YUONSO", "material": "PLASTIC", "meterClass": "B", "schemeName": null, "zone": "012 83", "route": "013- BEHIND COFFEE FACTORY", "dma": "Factory Line", "location": null, "parcelNo": null, "meterSize": "0.5", "remarks": null, "userId": null, "latitude": -0.3881433, "longitude": 37.082445 }, "geometry": { "type": "Point", "coordinates": [ 37.082445, -0.3881433 ] } },
{ "type": "Feature", "properties": { "id": "f5c0e458-6a28-460b-9b16-c397c3fbc641", "accountNo": "23602", "name": "DANIEL KARURI MAHU", "phone": "254723730145", "meterNo": "150211218", "accountStatus": "SEALED", "accountType": "Domestic", "institution": null, "meterStatus": "METERED", "brand": "Dunwells", "material": "Polymer", "meterClass": "C", "schemeName": "Rural", "zone": "013 84", "route": "089 NJATHEINI", "dma": "N/A", "location": "Inside", "parcelNo": "2512", "meterSize": "0.5", "remarks": null, "userId": null, "latitude": -0.3914322, "longitude": 37.1082551 }, "geometry": { "type": "Point", "coordinates": [ 37.1082551, -0.3914322 ] } },
{ "type": "Feature", "properties": { "id": "5d3b755a-2e0e-4c87-8b13-d57f129ebd76", "accountNo": "23952", "name": "SIMON NDIRA KAMOCHE", "phone": "254725477725", "meterNo": "19059244", "accountStatus": "ACTIVE", "accountType": "Domestic", "institution": null, "meterStatus": "METERED", "brand": "YUONSO", "material": "PLASTIC", "meterClass": "B", "schemeName": null, "zone": "012 83", "route": "076 KIAMARIGA", "dma": "N/A", "location": null, "parcelNo": null, "meterSize": "0.5", "remarks": null, "userId": null, "latitude": -0.3885911, "longitude": 37.0860976 }, "geometry": { "type": "Point", "coordinates": [ 37.0860976, -0.3885911 ] } },
{ "type": "Feature", "properties": { "id": "db94f8a7-ba45-4793-956a-50debec7909c", "accountNo": "24239", "name": "WILSON MAINA WAMAI", "phone": "254724981176", "meterNo": "19059263", "accountStatus": "SEALED", "accountType": "Domestic", "institution": null, "meterStatus": "METERED", "brand": "YUONSO", "material": "Plastic", "meterClass": "C", "schemeName": "Rural", "zone": "012 83", "route": "131 RANGI", "dma": "N/A", "location": "In the farm ", "parcelNo": null, "meterSize": "0.5", "remarks": null, "userId": null, "latitude": -0.3860289, "longitude": 37.0895655 }, "geometry": { "type": "Point", "coordinates": [ 37.0895655, -0.3860289 ] } },
{ "type": "Feature", "properties": { "id": "20511d3f-f05e-4f3c-899f-442eaba4adb2", "accountNo": "08570", "name": "FRANCIS GATHOGO NJOGU", "phone": "254700000000", "meterNo": "19096805", "accountStatus": "ACTIVE", "accountType": "Domestic", "institution": "N/A", "meterStatus": "METERED", "brand": "YUONSO", "material": "PLASTIC", "meterClass": "B", "schemeName": "Rural", "zone": "013 84", "route": "012 83-KANGOGORO DMA", "dma": "Kangongoro", "location": "along githiringo road, past tea buying center ", "parcelNo": null, "meterSize": "0.5", "remarks": null, "userId": null, "latitude": -0.3798369, "longitude": 37.1070024 }, "geometry": { "type": "Point", "coordinates": [ 37.1070024, -0.3798369 ] } },
{ "type": "Feature", "properties": { "id": "f5c0e458-6a28-460b-9b16-c397c7fbc793", "accountNo": "26063", "name": "LAWRENCE GIKARIA GIKUNJU", "phone": "254722300229", "meterNo": "21113251", "accountStatus": "ACTIVE", "accountType": "Domestic", "institution": null, "meterStatus": "METERED", "brand": "YUONSO", "material": "Plastic", "meterClass": "B", "schemeName": "Rural", "zone": "013 84", "route": "013 84-KINGUKIRO", "dma": "N/A", "location": "king'ukiro", "parcelNo": null, "meterSize": "0.5", "remarks": "OK", "userId": null, "latitude": -0.3981548, "longitude": 37.0946002 }, "geometry": { "type": "Point", "coordinates": [ 37.0946002, -0.3981548 ] } },
{ "type": "Feature", "properties": { "id": "f5c0e458-6a28-460b-9b16-c397c8fbb694", "accountNo": "26064", "name": "ELOSE WAITHIRA MWANIKI", "phone": "254718827919", "meterNo": "21112766", "accountStatus": "ACTIVE", "accountType": "Domestic", "institution": null, "meterStatus": "METERED", "brand": "YUONSO", "material": "Plastic", "meterClass": "B", "schemeName": "Rural", "zone": "013 84", "route": "013 84-KINGUKIRO", "dma": "N/A", "location": "king'ukiro", "parcelNo": null, "meterSize": "0.5", "remarks": "OK", "userId": null, "latitude": -0.3951224, "longitude": 37.097489 }, "geometry": { "type": "Point", "coordinates": [ 37.097489, -0.3951224 ] } },
{ "type": "Feature", "properties": { "id": "f5c0e458-6a28-460b-9b16-c397c8fbb673", "accountNo": "26082", "name": "STEPHEN NDEREBA MWANGI", "phone": "254713631702", "meterNo": "21112978", "accountStatus": "SEALED", "accountType": "Domestic", "institution": null, "meterStatus": "METERED", "brand": "YUONSO", "material": "Plastic", "meterClass": "B", "schemeName": "Rural", "zone": "013 84", "route": "013 84-KINGUKIRO", "dma": "N/A", "location": "king'ukiro", "parcelNo": null, "meterSize": "0.5", "remarks": "OK", "userId": null, "latitude": -0.3949709, "longitude": 37.0977648 }, "geometry": { "type": "Point", "coordinates": [ 37.0977648, -0.3949709 ] } },
{ "type": "Feature", "properties": { "id": "8315dae0-2f36-4a53-8720-a15f76bffd67", "accountNo": "24680", "name": "ARTHUR WANDETO WAIRIMU", "phone": "254728349692", "meterNo": "19095337", "accountStatus": "ACTIVE", "accountType": "Domestic", "institution": null, "meterStatus": "METERED", "brand": "YUONSO", "material": "Plastic", "meterClass": "C", "schemeName": "Rural", "zone": "013 84", "route": "089 NJATHEINI", "dma": "N/A", "location": "Near the house", "parcelNo": null, "meterSize": "0.5", "remarks": null, "userId": null, "latitude": -0.3868201, "longitude": 37.1095095 }, "geometry": { "type": "Point", "coordinates": [ 37.1095095, -0.3868201 ] } },
{ "type": "Feature", "properties": { "id": "f5c0e458-6a28-460b-9b16-c397c1fbc745", "accountNo": "26640", "name": "FRANCIS NYAGA KARURI", "phone": "254721278959", "meterNo": "22036885", "accountStatus": "ACTIVE", "accountType": "Domestic", "institution": null, "meterStatus": "METERED", "brand": "YUONSO", "material": "Plastic", "meterClass": "B", "schemeName": "Rural", "zone": "012 83", "route": "HIRIGA (83)", "dma": "N/A", "location": "near MCA homstead", "parcelNo": "133", "meterSize": "0.5", "remarks": "installed", "userId": null, "latitude": -0.4056111, "longitude": 37.0685068 }, "geometry": { "type": "Point", "coordinates": [ 37.0685068, -0.4056111 ] } },
{ "type": "Feature", "properties": { "id": "12d43af8-8463-4629-bf23-cacdc8002d76", "accountNo": "27017", "name": "DAVID WACHIRA WAMAI", "phone": "254727022527", "meterNo": "23040907", "accountStatus": "ACTIVE", "accountType": "Domestic", "institution": null, "meterStatus": "METERED", "brand": "YUONSO", "material": "Plastic", "meterClass": "C", "schemeName": "Rural", "zone": "013 84", "route": "187 MUTIINI", "dma": "N/A", "location": "Near the house ", "parcelNo": null, "meterSize": "0.5", "remarks": null, "userId": null, "latitude": -0.399502, "longitude": 37.0899914 }, "geometry": { "type": "Point", "coordinates": [ 37.0899914, -0.399502 ] } },
{ "type": "Feature", "properties": { "id": "7ad8cdbf-de84-4bbf-9c21-5272551de746", "accountNo": "27066", "name": "MOFFAT WACHIRA WAMUYU", "phone": "254111200693", "meterNo": "23040009", "accountStatus": "SEALED", "accountType": "Domestic", "institution": null, "meterStatus": "METERED", "brand": "YUONSO", "material": "Plastic", "meterClass": "C", "schemeName": "Rural", "zone": "013 84", "route": "187 MUTIINI", "dma": "N/A", "location": "Near the house ", "parcelNo": null, "meterSize": "0.5", "remarks": null, "userId": null, "latitude": -0.3981002, "longitude": 37.0881394 }, "geometry": { "type": "Point", "coordinates": [ 37.0881394, -0.3981002 ] } },
{ "type": "Feature", "properties": { "id": "1cb0b9a7-da01-4f2a-a09c-4757de746cf1", "accountNo": "27125", "name": "DAVID MACHARIA NDEGWA", "phone": "254722793577", "meterNo": "23039519", "accountStatus": "ACTIVE", "accountType": "Domestic", "institution": null, "meterStatus": "METERED", "brand": null, "material": null, "meterClass": null, "schemeName": "Rural", "zone": "012 83", "route": "HIRIGA (83)", "dma": "N/A", "location": "along hiriga road ", "parcelNo": "RUGURU/KARUTHI/208", "meterSize": "0.5", "remarks": null, "userId": null, "latitude": -0.3954136, "longitude": 37.0680612 }, "geometry": { "type": "Point", "coordinates": [ 37.0680612, -0.3954136 ] } },
{ "type": "Feature", "properties": { "id": "1fe464bf-e0c0-43ce-af37-d9e78a2f3e99", "accountNo": "00431", "name": "DUNCAN MURIITHI KABIRU", "phone": "254713533090", "meterNo": "23037625", "accountStatus": "ACTIVE", "accountType": "Domestic", "institution": null, "meterStatus": "METERED", "brand": "YUONSO", "material": "PLASTIC", "meterClass": "B", "schemeName": null, "zone": "012 83", "route": "013- BEHIND COFFEE FACTORY", "dma": "Factory Line", "location": null, "parcelNo": "2522", "meterSize": "0.5", "remarks": null, "userId": null, "latitude": -0.3901147, "longitude": 37.0752667 }, "geometry": { "type": "Point", "coordinates": [ 37.0752667, -0.3901147 ] } },
{ "type": "Feature", "properties": { "id": "81839843-f004-4839-be35-5d77470fb5ac", "accountNo": "09289", "name": "WANJUGU   IREGI", "phone": "254712593708", "meterNo": "181500850", "accountStatus": "ACTIVE", "accountType": "Domestic", "institution": null, "meterStatus": "METERED", "brand": "YUONSO", "material": "Plastic", "meterClass": "C", "schemeName": "Rural", "zone": "013 84", "route": "017- BEHIND NJATHEINI PRIMARY SCHOOL", "dma": "N/A", "location": "In the farm", "parcelNo": null, "meterSize": "0.5", "remarks": null, "userId": null, "latitude": -0.3939097, "longitude": 37.1018138 }, "geometry": { "type": "Point", "coordinates": [ 37.1018138, -0.3939097 ] } },
{ "type": "Feature", "properties": { "id": "f5c0e458-6a28-460b-9b16-c397c7fbc230", "accountNo": "26288", "name": "A.C.K KABIRU-INI CHURH", "phone": "254720727571", "meterNo": "22035433", "accountStatus": "ACTIVE", "accountType": "Domestic", "institution": null, "meterStatus": "METERED", "brand": "YUONSO", "material": "Plastic", "meterClass": "B", "schemeName": "Rural", "zone": "013 84", "route": "082 KABIRUINI", "dma": "N/A", "location": "Back church kabiruini", "parcelNo": null, "meterSize": "0.5", "remarks": "installed", "userId": null, "latitude": -0.3989899, "longitude": 37.0900197 }, "geometry": { "type": "Point", "coordinates": [ 37.0900197, -0.3989899 ] } },
{ "type": "Feature", "properties": { "id": "23c39e72-c10a-484d-b993-77bfea67594a", "accountNo": "00279", "name": "WETSON WARUTERE NGACHA", "phone": "254724692700", "meterNo": "17176391", "accountStatus": "ACTIVE", "accountType": "Domestic", "institution": null, "meterStatus": "METERED", "brand": "YUONSO", "material": "PLASTIC", "meterClass": "B", "schemeName": null, "zone": "012 83", "route": "074 NYANA", "dma": "N/A", "location": "along rangi road ", "parcelNo": "882", "meterSize": "0.5", "remarks": null, "userId": null, "latitude": -0.3792417, "longitude": 37.1001182 }, "geometry": { "type": "Point", "coordinates": [ 37.1001182, -0.3792417 ] } },
{ "type": "Feature", "properties": { "id": "f5c0e458-6a28-460b-9b16-c397c7fbc894", "accountNo": "07684", "name": "MURIUKI KANJA", "phone": "254711675130", "meterNo": "17133243", "accountStatus": "ACTIVE", "accountType": "Domestic", "institution": null, "meterStatus": "METERED", "brand": "Younio", "material": "Polymer", "meterClass": "C", "schemeName": "Rural", "zone": "013 84", "route": "087 KIANDAKA", "dma": "N/A", "location": "Inside", "parcelNo": "0", "meterSize": "0.5", "remarks": null, "userId": null, "latitude": -0.3934894, "longitude": 37.0869952 }, "geometry": { "type": "Point", "coordinates": [ 37.0869952, -0.3934894 ] } },
{ "type": "Feature", "properties": { "id": "41d25dc6-01b4-4f87-98e7-adf279decb64", "accountNo": "27466", "name": "SAMUEL KAMANI WARUGURU", "phone": "254717730803", "meterNo": "23180132", "accountStatus": "ACTIVE", "accountType": "Domestic", "institution": "ACTIVE", "meterStatus": "METERED", "brand": "YUONSO", "material": "PLASTIC", "meterClass": "B", "schemeName": null, "zone": "012 83", "route": "076 KIAMARIGA", "dma": "Factory Line", "location": "400m from the church ", "parcelNo": "3100", "meterSize": "0.5", "remarks": "Installed ", "userId": null, "latitude": -0.3893029, "longitude": 37.0787169 }, "geometry": { "type": "Point", "coordinates": [ 37.0787169, -0.3893029 ] } },
{ "type": "Feature", "properties": { "id": "9dc5c24f-6955-4b33-9c08-8e1f106b68eb", "accountNo": "27733", "name": "SIMON WACHIRA KARIUKI", "phone": "254700920914", "meterNo": "20000272017", "accountStatus": "ACTIVE", "accountType": "Domestic", "institution": null, "meterStatus": "METERED", "brand": "TWSB", "material": "Plastic", "meterClass": "B", "schemeName": "Rural", "zone": "012 83", "route": "076 KIAMARIGA", "dma": "N/A", "location": "nyana", "parcelNo": null, "meterSize": "0.75", "remarks": "metered ", "userId": null, "latitude": -0.3740933, "longitude": 37.1089333 }, "geometry": { "type": "Point", "coordinates": [ 37.1089333, -0.3740933 ] } },
{ "type": "Feature", "properties": { "id": "816ad7dd-8cd8-422c-b7a6-e078889e05ce", "accountNo": "27846", "name": "PURITY WANJIKU KIMOTHO", "phone": "254714705494", "meterNo": "23178370", "accountStatus": "ACTIVE", "accountType": "Domestic", "institution": null, "meterStatus": "METERED", "brand": "YUONSO", "material": "Plastic", "meterClass": "C", "schemeName": null, "zone": "013 84", "route": "082 KABIRUINI", "dma": "N/A", "location": null, "parcelNo": null, "meterSize": "0.5", "remarks": null, "userId": null, "latitude": -0.39828, "longitude": 37.08847 }, "geometry": { "type": "Point", "coordinates": [ 37.08847, -0.39828 ] } },
{ "type": "Feature", "properties": { "id": "c6787712-3a0f-445e-8267-27d8a2bb2ca9", "accountNo": "27879", "name": "MOSES MUGWE MUTAHI", "phone": "254712976505", "meterNo": "2000271917", "accountStatus": "ACTIVE", "accountType": "Domestic", "institution": null, "meterStatus": "METERED", "brand": "TWSB", "material": "Plastic", "meterClass": "B", "schemeName": "Rural", "zone": "013 84", "route": "089 NJATHEINI", "dma": "Kangongoro", "location": "near the fence", "parcelNo": null, "meterSize": "0.75", "remarks": "new connection", "userId": null, "latitude": -0.3912067, "longitude": 37.1009617 }, "geometry": { "type": "Point", "coordinates": [ 37.1009617, -0.3912067 ] } },
{ "type": "Feature", "properties": { "id": "6b8306c2-a905-4b2c-bdf0-b3188a29f955", "accountNo": "25350", "name": "CATHERINE WAIRIMU MACHARIA", "phone": "254791830303", "meterNo": "19096366", "accountStatus": "SEALED", "accountType": "Domestic", "institution": null, "meterStatus": "METERED", "brand": "YUONSO", "material": "PLASTIC", "meterClass": "B", "schemeName": null, "zone": "012 83", "route": "075 KIANJAU", "dma": "N/A", "location": null, "parcelNo": null, "meterSize": "0.5", "remarks": null, "userId": null, "latitude": -0.3876876, "longitude": 37.0987353 }, "geometry": { "type": "Point", "coordinates": [ 37.0987353, -0.3876876 ] } },
{ "type": "Feature", "properties": { "id": "f5c0e458-6a28-460b-9b16-c397c7fbc590", "accountNo": "20227", "name": "SIMON NDIRA MWANIKI", "phone": "254727536897", "meterNo": "16002155", "accountStatus": "SEALED", "accountType": "Domestic", "institution": null, "meterStatus": "METERED", "brand": "YUONSO", "material": "Plastic", "meterClass": "B", "schemeName": "Rural", "zone": "013 84", "route": "012 83-KANGOGORO DMA", "dma": "Kangongoro", "location": "kiandaka towards njathaini", "parcelNo": "0", "meterSize": "0.5", "remarks": "OK", "userId": null, "latitude": -0.3925473, "longitude": 37.0975712 }, "geometry": { "type": "Point", "coordinates": [ 37.0975712, -0.3925473 ] } },
{ "type": "Feature", "properties": { "id": "6fde6f79-de0a-4ef4-9792-bb38a5d2c325", "accountNo": "24866", "name": "EUNICE WANGECI MURIITHI", "phone": "254716502418", "meterNo": "19095070", "accountStatus": "ACTIVE", "accountType": "Domestic", "institution": null, "meterStatus": "METERED", "brand": "YUONSO", "material": "Plastic", "meterClass": "C", "schemeName": "Rural", "zone": "013 84", "route": "082 KABIRUINI", "dma": "N/A", "location": "behind the house", "parcelNo": null, "meterSize": "0.5", "remarks": "ok", "userId": null, "latitude": -0.3926857, "longitude": 37.0894956 }, "geometry": { "type": "Point", "coordinates": [ 37.0894956, -0.3926857 ] } },
{ "type": "Feature", "properties": { "id": "08766688-49d8-4bc0-944d-968dedd99af0", "accountNo": "24916", "name": "PETER MAINA ITHONDEKA", "phone": "254707392328", "meterNo": "19094229", "accountStatus": "ACTIVE", "accountType": "Domestic", "institution": null, "meterStatus": "METERED", "brand": "YUONSO", "material": "Plastic", "meterClass": "C", "schemeName": "Rural", "zone": "012 83", "route": "076 KIAMARIGA", "dma": "N/A", "location": "in the plot ", "parcelNo": null, "meterSize": "0.5", "remarks": null, "userId": null, "latitude": -0.3842094, "longitude": 37.0842786 }, "geometry": { "type": "Point", "coordinates": [ 37.0842786, -0.3842094 ] } },
{ "type": "Feature", "properties": { "id": "f5c0e458-6a28-460b-9b16-c397c1fbc564", "accountNo": "24988", "name": "DAVID MAINA KABIRU", "phone": "254723221835", "meterNo": "19095111", "accountStatus": "ACTIVE", "accountType": "Domestic", "institution": null, "meterStatus": "METERED", "brand": "Younso", "material": "plastic", "meterClass": "B", "schemeName": "Rural", "zone": "013 84", "route": "082 KABIRUINI", "dma": "N/A", "location": "kabiruini shopping center", "parcelNo": null, "meterSize": "0.5", "remarks": "OK", "userId": null, "latitude": -0.3938643, "longitude": 37.088659 }, "geometry": { "type": "Point", "coordinates": [ 37.088659, -0.3938643 ] } },
{ "type": "Feature", "properties": { "id": "f5c0e458-6a28-460b-9b16-c397c7fbc436", "accountNo": "24993", "name": "JOHN KIBUCHI WARUI", "phone": "254720283862", "meterNo": "19096026", "accountStatus": "ACTIVE", "accountType": "Domestic", "institution": null, "meterStatus": "METERED", "brand": "Younso", "material": "plastic", "meterClass": "B", "schemeName": "Rural", "zone": "012 83", "route": "076 KIAMARIGA", "dma": "N/A", "location": "kiamariga", "parcelNo": null, "meterSize": "0.5", "remarks": "OK", "userId": null, "latitude": -0.3853233, "longitude": 37.0824978 }, "geometry": { "type": "Point", "coordinates": [ 37.0824978, -0.3853233 ] } },
{ "type": "Feature", "properties": { "id": "bc808891-7652-4bb4-b4f1-22dc39a055d6", "accountNo": "25002", "name": "GLADYS MUMBI THOITHI", "phone": "254724542433", "meterNo": "19096023", "accountStatus": "ACTIVE", "accountType": "Domestic", "institution": null, "meterStatus": "METERED", "brand": "YUONSO", "material": "Plastic", "meterClass": "C", "schemeName": "Rural", "zone": "012 83", "route": "012 83-KIAMARIGA LOWER DMA", "dma": "Kiamariga Lower", "location": "near the gate ", "parcelNo": null, "meterSize": "0.5", "remarks": null, "userId": null, "latitude": -0.3862868, "longitude": 37.0819557 }, "geometry": { "type": "Point", "coordinates": [ 37.0819557, -0.3862868 ] } },
{ "type": "Feature", "properties": { "id": "520fc3e0-fc65-4c55-9d6a-92b3bf836c07", "accountNo": "25034", "name": "ESTHER WANJIKU MURIUKI", "phone": "254726253442", "meterNo": "19096804", "accountStatus": "ACTIVE", "accountType": "Domestic", "institution": "N/A", "meterStatus": "METERED", "brand": "YUONSO", "material": "PLASTIC", "meterClass": "B", "schemeName": "Rural", "zone": "012 83", "route": "076 KIAMARIGA", "dma": "N/A", "location": "opposite kiamariga mawasco offices", "parcelNo": null, "meterSize": "0.5", "remarks": null, "userId": null, "latitude": -0.3852248, "longitude": 37.0774903 }, "geometry": { "type": "Point", "coordinates": [ 37.0774903, -0.3852248 ] } },
{ "type": "Feature", "properties": { "id": "f5c0e458-6a28-460b-9b16-c397c7fbc178", "accountNo": "08906", "name": "KAIBUNGA KIBUCHIA", "phone": "254729365678", "meterNo": "18054121", "accountStatus": "ACTIVE", "accountType": "Domestic", "institution": null, "meterStatus": "METERED", "brand": "Younio", "material": "Polymer", "meterClass": null, "schemeName": "Rural", "zone": "013 84", "route": "07- MARIA SECOND LANE", "dma": "N/A", "location": null, "parcelNo": null, "meterSize": "0.5", "remarks": null, "userId": null, "latitude": -0.3991028, "longitude": 37.0763046 }, "geometry": { "type": "Point", "coordinates": [ 37.0763046, -0.3991028 ] } },
{ "type": "Feature", "properties": { "id": "720f96f5-8164-4655-9083-deb7bda6559e", "accountNo": "25100", "name": "SAMUEL NJERU WAHOME", "phone": "254725456213", "meterNo": "19095623", "accountStatus": "ACTIVE", "accountType": "Domestic", "institution": null, "meterStatus": "METERED", "brand": "YUONSO", "material": "PLASTIC", "meterClass": "B", "schemeName": null, "zone": "012 83", "route": "076 KIAMARIGA", "dma": "N/A", "location": null, "parcelNo": null, "meterSize": "0.5", "remarks": null, "userId": null, "latitude": -0.3898633, "longitude": 37.0724817 }, "geometry": { "type": "Point", "coordinates": [ 37.0724817, -0.3898633 ] } },
{ "type": "Feature", "properties": { "id": "f5c0e458-6a28-460b-9b16-c397c8fbc834", "accountNo": "25104", "name": "NAHASHON MUKABURU WAMAI", "phone": "254724048909", "meterNo": "19095622", "accountStatus": "ACTIVE", "accountType": "Domestic", "institution": null, "meterStatus": "METERED", "brand": "YUONSO", "material": "Polymer", "meterClass": "A", "schemeName": "Rural", "zone": "012 83", "route": "012 83-KIAMARIGA LOWER DMA", "dma": "N/A", "location": "along the fence", "parcelNo": null, "meterSize": "0.5", "remarks": "OK", "userId": null, "latitude": -0.3866306, "longitude": 37.0828416 }, "geometry": { "type": "Point", "coordinates": [ 37.0828416, -0.3866306 ] } },
{ "type": "Feature", "properties": { "id": "f99f452b-357f-4f3b-8f31-190a507967a2", "accountNo": "25894", "name": "DANIEL MATHAI MWANGI", "phone": "254723454656", "meterNo": "2110959", "accountStatus": "ACTIVE", "accountType": "Domestic", "institution": null, "meterStatus": "METERED", "brand": "YUONSO", "material": "PLASTIC", "meterClass": "B", "schemeName": null, "zone": "012 83", "route": "013- BEHIND COFFEE FACTORY", "dma": "Factory Line", "location": null, "parcelNo": null, "meterSize": "0.5", "remarks": null, "userId": null, "latitude": -0.388225, "longitude": 37.0786517 }, "geometry": { "type": "Point", "coordinates": [ 37.0786517, -0.388225 ] } },
{ "type": "Feature", "properties": { "id": "fe9b0fad-b1f7-4c70-9d7f-e1c320b5ba38", "accountNo": "27561", "name": "JOSEPH MWANGI MUNENE", "phone": "254725860606", "meterNo": "24014361", "accountStatus": "ACTIVE", "accountType": "Domestic", "institution": null, "meterStatus": "METERED", "brand": null, "material": "Plastic", "meterClass": "B", "schemeName": "Rural", "zone": "012 83", "route": "076 KIAMARIGA", "dma": "Factory Line", "location": "second junction from factory on your right.", "parcelNo": "2952", "meterSize": "0.5", "remarks": "Installed ", "userId": null, "latitude": -0.3890333, "longitude": 37.0790667 }, "geometry": { "type": "Point", "coordinates": [ 37.0790667, -0.3890333 ] } },
{ "type": "Feature", "properties": { "id": "19fe8d7c-d0f8-437f-9713-8b060c7e11c0", "accountNo": "25118", "name": "ESTHER NYAWIRA MUNENE", "phone": "254723391015", "meterNo": "19095628", "accountStatus": "ACTIVE", "accountType": "Domestic", "institution": null, "meterStatus": "METERED", "brand": "YUONSO", "material": "PLASTIC", "meterClass": "B", "schemeName": null, "zone": "012 83", "route": "076 KIAMARIGA", "dma": "Kiamariga Lower", "location": null, "parcelNo": null, "meterSize": "0.5", "remarks": null, "userId": null, "latitude": -0.3860677, "longitude": 37.0783935 }, "geometry": { "type": "Point", "coordinates": [ 37.0783935, -0.3860677 ] } },
{ "type": "Feature", "properties": { "id": "ba3ef9f5-cab1-41c0-b635-0391b7b8b536", "accountNo": "27998", "name": "CECILA NYAMBURA NJUNG'E", "phone": "254796312778", "meterNo": "2000028917", "accountStatus": "ACTIVE", "accountType": "Domestic", "institution": null, "meterStatus": "METERED", "brand": "TWSB", "material": "Plastic", "meterClass": "B", "schemeName": "Rural", "zone": "012 83", "route": "131 RANGI", "dma": "N/A", "location": "Near Rangi tank ", "parcelNo": null, "meterSize": "0.75", "remarks": "new", "userId": null, "latitude": -0.3803333, "longitude": 37.09065 }, "geometry": { "type": "Point", "coordinates": [ 37.09065, -0.3803333 ] } },
{ "type": "Feature", "properties": { "id": "b51c62e9-997d-4a33-a22e-dcf538883f7c", "accountNo": "28054", "name": "LEWIS MUNUHE NJORA", "phone": "254727824323", "meterNo": "5WSB2000229717", "accountStatus": "ACTIVE", "accountType": "Domestic", "institution": null, "meterStatus": "METERED", "brand": "TWSB", "material": "Plastic", "meterClass": "C", "schemeName": "Rural", "zone": "012 83", "route": "074 NYANA", "dma": "N/A", "location": "inside plot ", "parcelNo": "3032", "meterSize": "0.75", "remarks": "Installed ", "userId": null, "latitude": -0.3818118, "longitude": 37.1032733 }, "geometry": { "type": "Point", "coordinates": [ 37.1032733, -0.3818118 ] } },
{ "type": "Feature", "properties": { "id": "b0c5901f-f02a-4261-8b03-067a65b19437", "accountNo": "28033", "name": "JANE WAMBUI MBUTHIA", "phone": "254727151944", "meterNo": "2000248717", "accountStatus": "ACTIVE", "accountType": "Domestic", "institution": null, "meterStatus": "METERED", "brand": "TWSB", "material": "Plastic", "meterClass": "B", "schemeName": "Rural", "zone": "012 83", "route": "013- KIAMARIGA TOWN (Upper Side)", "dma": "Factory Line", "location": "kiamariga near factory ", "parcelNo": null, "meterSize": "0.75", "remarks": "new", "userId": null, "latitude": -0.3883433, "longitude": 37.0786117 }, "geometry": { "type": "Point", "coordinates": [ 37.0786117, -0.3883433 ] } },
{ "type": "Feature", "properties": { "id": "a500a213-a559-4cff-aae8-686e1c7b044a", "accountNo": "28039", "name": "MURIITHI KING'ONG'O KAMWETI", "phone": "254722349211", "meterNo": "2000249017", "accountStatus": "ACTIVE", "accountType": "Domestic", "institution": "Small", "meterStatus": "Metered", "brand": "YUONSO", "material": "Plastic", "meterClass": "B", "schemeName": "Rural", "zone": "012 83", "route": "076 KIAMARIGA", "dma": "Factory Line", "location": "kiamariga lower", "parcelNo": "", "meterSize": "0.75", "remarks": "New", "userId": "168cf595-aa2d-4640-b148-af8b90c6857c", "latitude": -0.3902107, "longitude": 37.074262 }, "geometry": { "type": "Point", "coordinates": [ 37.074262, -0.3902107 ] } },
{ "type": "Feature", "properties": { "id": "39628480-9d94-469d-b462-f1b02b1d7c13", "accountNo": "25121", "name": "FRANCIS WAMAI GICHUHI", "phone": "254711841137", "meterNo": "19094794", "accountStatus": "ACTIVE", "accountType": "Domestic", "institution": null, "meterStatus": "METERED", "brand": "YUONSO", "material": "PLASTIC", "meterClass": "B", "schemeName": null, "zone": "012 83", "route": "075 KIANJAU", "dma": "N/A", "location": null, "parcelNo": null, "meterSize": "0.5", "remarks": null, "userId": null, "latitude": -0.3857317, "longitude": 37.0933583 }, "geometry": { "type": "Point", "coordinates": [ 37.0933583, -0.3857317 ] } },
{ "type": "Feature", "properties": { "id": "5e05a5fb-f329-4a20-b722-516c7f321fa1", "accountNo": "25129", "name": "RUTH KATHAMBI GACHERI", "phone": "254114014577", "meterNo": "19094797", "accountStatus": "ACTIVE", "accountType": "Domestic", "institution": null, "meterStatus": "METERED", "brand": "YUONSO", "material": "Plastic", "meterClass": "C", "schemeName": "Rural", "zone": "012 83", "route": "131 RANGI", "dma": "N/A", "location": "In the farm ", "parcelNo": null, "meterSize": "0.5", "remarks": null, "userId": null, "latitude": -0.3810202, "longitude": 37.0936798 }, "geometry": { "type": "Point", "coordinates": [ 37.0936798, -0.3810202 ] } },
{ "type": "Feature", "properties": { "id": "cc75e1e6-e485-451d-b118-e9e308c5e04e", "accountNo": "08390", "name": "PETER MUNENE", "phone": "254726840405", "meterNo": "1501221217", "accountStatus": "SEALED", "accountType": "Domestic", "institution": null, "meterStatus": "METERED", "brand": "YUONSO", "material": "PLASTIC", "meterClass": "B", "schemeName": null, "zone": "012 83", "route": "076 KIAMARIGA", "dma": "N/A", "location": null, "parcelNo": "0", "meterSize": "0.5", "remarks": null, "userId": null, "latitude": -0.3798835, "longitude": 37.0884491 }, "geometry": { "type": "Point", "coordinates": [ 37.0884491, -0.3798835 ] } },
{ "type": "Feature", "properties": { "id": "f5c0e458-6a28-460b-9b16-c397c7fbc914", "accountNo": "00288", "name": "PATRICK NGURE KARIITHI", "phone": "254792920549", "meterNo": "1500199117", "accountStatus": "SEALED", "accountType": "Domestic", "institution": null, "meterStatus": "METERED", "brand": "YUONSO", "material": "Polymer", "meterClass": "A", "schemeName": "Rural", "zone": "012 83", "route": "076 KIAMARIGA", "dma": "N/A", "location": "before the shop", "parcelNo": null, "meterSize": "0.5", "remarks": "OK", "userId": null, "latitude": -0.3854139, "longitude": 37.0813596 }, "geometry": { "type": "Point", "coordinates": [ 37.0813596, -0.3854139 ] } },
{ "type": "Feature", "properties": { "id": "f5c0e458-6a28-460b-9b16-c397c8fbb384", "accountNo": "25154", "name": "ALICE KANJA RUICIRIA", "phone": "254722901299", "meterNo": "19095463", "accountStatus": "ACTIVE", "accountType": "Domestic", "institution": null, "meterStatus": "METERED", "brand": "yuonso", "material": "plastic", "meterClass": "b", "schemeName": "Rural", "zone": "013 84", "route": "082 KABIRUINI", "dma": "N/A", "location": "kabiruini  towards ngorano", "parcelNo": null, "meterSize": "0.5", "remarks": "OK", "userId": null, "latitude": -0.3939887, "longitude": 37.0857236 }, "geometry": { "type": "Point", "coordinates": [ 37.0857236, -0.3939887 ] } },
{ "type": "Feature", "properties": { "id": "e297ae43-fd5a-4d12-8588-8b0b67f74722", "accountNo": "25228", "name": "BEATRICE WAMUCII KIMONDO", "phone": "254729700402", "meterNo": "19095337", "accountStatus": "ACTIVE", "accountType": "Domestic", "institution": null, "meterStatus": "METERED", "brand": "YUONSO", "material": "Plastic", "meterClass": "C", "schemeName": "Rural", "zone": "013 84", "route": "089 NJATHEINI", "dma": "N/A", "location": "In the farm next to the fence", "parcelNo": null, "meterSize": "0.5", "remarks": null, "userId": null, "latitude": -0.3925564, "longitude": 37.1059924 }, "geometry": { "type": "Point", "coordinates": [ 37.1059924, -0.3925564 ] } },
{ "type": "Feature", "properties": { "id": "43d2d792-acaf-49db-ae0e-1ed78a1b46dd", "accountNo": "25347", "name": "MARY WAMBUI IKUA", "phone": "254712558047", "meterNo": "19096363", "accountStatus": "ACTIVE", "accountType": "Domestic", "institution": null, "meterStatus": "METERED", "brand": "YUONSO", "material": "PLASTIC", "meterClass": "B", "schemeName": null, "zone": "012 83", "route": "012 83-KIAMARIGA LOWER DMA", "dma": "Kiamariga Lower", "location": null, "parcelNo": null, "meterSize": "0.5", "remarks": null, "userId": null, "latitude": -0.3871133, "longitude": 37.0776083 }, "geometry": { "type": "Point", "coordinates": [ 37.0776083, -0.3871133 ] } },
{ "type": "Feature", "properties": { "id": "5e2e0e04-258f-45e0-9a60-b9b319e978dc", "accountNo": "25353", "name": "JENNIFER WAMBURA KINYUA", "phone": "254723508754", "meterNo": "19095285", "accountStatus": "ACTIVE", "accountType": "Domestic", "institution": null, "meterStatus": "METERED", "brand": "YUONSO", "material": "PLASTIC", "meterClass": "B", "schemeName": null, "zone": "012 83", "route": "131 RANGI", "dma": "N/A", "location": "black gate", "parcelNo": null, "meterSize": "0.5", "remarks": null, "userId": null, "latitude": -0.3789517, "longitude": 37.0944317 }, "geometry": { "type": "Point", "coordinates": [ 37.0944317, -0.3789517 ] } },
{ "type": "Feature", "properties": { "id": "691dd686-45b2-4ab4-b309-c3fc8d41711c", "accountNo": "25394", "name": "ELIZABETH WANJUGU ASUKA", "phone": "254707190091", "meterNo": "19094666", "accountStatus": "ACTIVE", "accountType": "Domestic", "institution": null, "meterStatus": "METERED", "brand": "YUONSO", "material": "PLASTIC", "meterClass": "B", "schemeName": null, "zone": "012 83", "route": "131 RANGI", "dma": "N/A", "location": "along Rangi road ", "parcelNo": null, "meterSize": "0.5", "remarks": null, "userId": null, "latitude": -0.378015, "longitude": 37.0937814 }, "geometry": { "type": "Point", "coordinates": [ 37.0937814, -0.378015 ] } },
{ "type": "Feature", "properties": { "id": "4dc3eb73-b81f-4a7e-8fb1-77f834e2d505", "accountNo": "25530", "name": "EUNICE NJERI MUTHEE", "phone": "254705893384", "meterNo": "19096959", "accountStatus": "ACTIVE", "accountType": "Domestic", "institution": "N/A", "meterStatus": "METERED", "brand": "YUONSO", "material": "PLASTIC", "meterClass": "B", "schemeName": "Rural", "zone": "012 83", "route": "013- BELOW HEALTH CENTRE", "dma": "N/A", "location": "along Kagati road ", "parcelNo": null, "meterSize": "0.5", "remarks": null, "userId": null, "latitude": -0.3870384, "longitude": 37.0753347 }, "geometry": { "type": "Point", "coordinates": [ 37.0753347, -0.3870384 ] } },
{ "type": "Feature", "properties": { "id": "e204af8b-745f-462f-a07b-ea6074700084", "accountNo": "21010", "name": "MARY WANJIKU KINYUA", "phone": "254722920400", "meterNo": "16013167", "accountStatus": "SEALED", "accountType": "Domestic", "institution": null, "meterStatus": "METERED", "brand": "YUONSO", "material": "Plastic", "meterClass": "C", "schemeName": "Rural", "zone": "012 83", "route": "077 KAGATI", "dma": "N/A", "location": "in the farm ", "parcelNo": null, "meterSize": "0.5", "remarks": null, "userId": null, "latitude": -0.3879483, "longitude": 37.0738853 }, "geometry": { "type": "Point", "coordinates": [ 37.0738853, -0.3879483 ] } },
{ "type": "Feature", "properties": { "id": "4b86ab28-eb0f-43c6-aef8-21cd00f4380e", "accountNo": "25540", "name": "JAMES NGATIA KINYUA", "phone": "254714599601", "meterNo": "19094535", "accountStatus": "ACTIVE", "accountType": "Domestic", "institution": null, "meterStatus": "METERED", "brand": "YUONSO", "material": "PLASTIC", "meterClass": "B", "schemeName": null, "zone": "012 83", "route": "012 83-KIAMARIGA LOWER DMA", "dma": "Kiamariga Lower", "location": null, "parcelNo": null, "meterSize": "0.5", "remarks": null, "userId": null, "latitude": -0.3865846, "longitude": 37.0780646 }, "geometry": { "type": "Point", "coordinates": [ 37.0780646, -0.3865846 ] } },
{ "type": "Feature", "properties": { "id": "0fac5c9b-83cf-46c5-80ac-51b9e6a7a540", "accountNo": "25545", "name": "STEPHEN MWANGI KARATU", "phone": "254724837806", "meterNo": "19094086", "accountStatus": "SEALED", "accountType": "Domestic", "institution": null, "meterStatus": "METERED", "brand": "YUONSO", "material": "PLASTIC", "meterClass": "B", "schemeName": null, "zone": "012 83", "route": "012 83-KIAMARIGA LOWER DMA", "dma": "Kiamariga Lower", "location": null, "parcelNo": null, "meterSize": "0.5", "remarks": null, "userId": null, "latitude": -0.3862544, "longitude": 37.078087 }, "geometry": { "type": "Point", "coordinates": [ 37.078087, -0.3862544 ] } },
{ "type": "Feature", "properties": { "id": "dbc7314b-99b2-4519-84e5-c4a6362c4434", "accountNo": "25604", "name": "PAUL MAINA WAHOME", "phone": "254729093797", "meterNo": "19096098", "accountStatus": "ACTIVE", "accountType": "Domestic", "institution": null, "meterStatus": "METERED", "brand": "YUONSO", "material": "PLASTIC", "meterClass": "B", "schemeName": null, "zone": "012 83", "route": "013- BEHIND COFFEE FACTORY", "dma": "Factory Line", "location": null, "parcelNo": null, "meterSize": "0.5", "remarks": null, "userId": null, "latitude": -0.3885694, "longitude": 37.0790965 }, "geometry": { "type": "Point", "coordinates": [ 37.0790965, -0.3885694 ] } },
{ "type": "Feature", "properties": { "id": "a9e39e79-d228-4e92-8f65-3cd40d32ba1d", "accountNo": "22432", "name": "LUCY MUTHONI MWANGI", "phone": "254720581842", "meterNo": "90094334", "accountStatus": "ACTIVE", "accountType": "Domestic", "institution": null, "meterStatus": "METERED", "brand": "YUONSO", "material": "PLASTIC", "meterClass": "B", "schemeName": null, "zone": "012 83", "route": "013- BETWEEN HOSPITAL & MAIN ROAD", "dma": "N/A", "location": null, "parcelNo": "0", "meterSize": "0.5", "remarks": null, "userId": null, "latitude": -0.3853733, "longitude": 37.0820061 }, "geometry": { "type": "Point", "coordinates": [ 37.0820061, -0.3853733 ] } },
{ "type": "Feature", "properties": { "id": "89ac18e4-732b-4268-8291-d4e25c0c51b2", "accountNo": "25950", "name": "JANE WAIRIMU MATHENGE", "phone": "254725289747", "meterNo": "21111990", "accountStatus": "ACTIVE", "accountType": "Domestic", "institution": "N/A", "meterStatus": "METERED", "brand": "YUONSO", "material": "PLASTIC", "meterClass": "B", "schemeName": "Rural", "zone": "012 83", "route": "076 KIAMARIGA", "dma": "N/A", "location": "along Kagati road ", "parcelNo": null, "meterSize": "0.5", "remarks": null, "userId": null, "latitude": -0.387318, "longitude": 37.0750548 }, "geometry": { "type": "Point", "coordinates": [ 37.0750548, -0.387318 ] } },
{ "type": "Feature", "properties": { "id": "fd7d489c-fa04-404b-9ee4-d77b2446ce08", "accountNo": "26062", "name": "JEMIMAH MUMBI NJUKI", "phone": "254728142221", "meterNo": "23039409", "accountStatus": "ACTIVE", "accountType": "Domestic", "institution": null, "meterStatus": "METERED", "brand": "YUONSO", "material": "Plastic", "meterClass": "C", "schemeName": "Rural", "zone": "013 84", "route": "013 84-KINGUKIRO", "dma": "N/A", "location": "Near the house ", "parcelNo": null, "meterSize": "0.5", "remarks": null, "userId": null, "latitude": -0.3979364, "longitude": 37.0931164 }, "geometry": { "type": "Point", "coordinates": [ 37.0931164, -0.3979364 ] } },
{ "type": "Feature", "properties": { "id": "f5c0e458-6a28-460b-9b16-c397c2fbc840", "accountNo": "26066", "name": "RICHARD MAINA GACARIRA", "phone": "254722942168", "meterNo": "21111843", "accountStatus": "ACTIVE", "accountType": "Domestic", "institution": null, "meterStatus": "METERED", "brand": "YUONSO", "material": "Plastic", "meterClass": "B", "schemeName": "Rural", "zone": "013 84", "route": "013 84-KINGUKIRO", "dma": "N/A", "location": "king'ukiro", "parcelNo": null, "meterSize": "0.5", "remarks": "OK", "userId": null, "latitude": -0.3981482, "longitude": 37.0943657 }, "geometry": { "type": "Point", "coordinates": [ 37.0943657, -0.3981482 ] } },
{ "type": "Feature", "properties": { "id": "f5c0e458-6a28-460b-9b16-c397c2fbc848", "accountNo": "26068", "name": "EPHRAIM WAHOME NGETHA", "phone": "254721647377", "meterNo": "21113167", "accountStatus": "ACTIVE", "accountType": "Domestic", "institution": null, "meterStatus": "METERED", "brand": "YUONSO", "material": "Plastic", "meterClass": "B", "schemeName": "Rural", "zone": "013 84", "route": "013 84-KINGUKIRO", "dma": "N/A", "location": "king'ukiro down", "parcelNo": null, "meterSize": "0.5", "remarks": "OK", "userId": null, "latitude": -0.3990567, "longitude": 37.09131 }, "geometry": { "type": "Point", "coordinates": [ 37.09131, -0.3990567 ] } },
{ "type": "Feature", "properties": { "id": "f5c0e458-6a28-460b-9b16-c397c1fbc793", "accountNo": "26073", "name": "MARGARET WAKIURU GITONGA", "phone": "254710100040", "meterNo": "21112979", "accountStatus": "ACTIVE", "accountType": "Domestic", "institution": null, "meterStatus": "METERED", "brand": "YUONSO", "material": "Plastic", "meterClass": "B", "schemeName": "Rural", "zone": "013 84", "route": "013 84-KINGUKIRO", "dma": "N/A", "location": "king'ukiro", "parcelNo": null, "meterSize": "0.5", "remarks": "OK", "userId": null, "latitude": -0.398027, "longitude": 37.0932902 }, "geometry": { "type": "Point", "coordinates": [ 37.0932902, -0.398027 ] } },
{ "type": "Feature", "properties": { "id": "f5c0e458-6a28-460b-9b16-c397c8fbc443", "accountNo": "26076", "name": "THOMAS GATHOGO NGETHA", "phone": "254720727571", "meterNo": "21112971", "accountStatus": "ACTIVE", "accountType": "Domestic", "institution": null, "meterStatus": "METERED", "brand": "YUONSO", "material": "Plastic", "meterClass": "B", "schemeName": "Rural", "zone": "013 84", "route": "013 84-KINGUKIRO", "dma": "N/A", "location": "king'ukiro towards the main road", "parcelNo": null, "meterSize": "0.5", "remarks": "OK", "userId": null, "latitude": -0.3989197, "longitude": 37.0916979 }, "geometry": { "type": "Point", "coordinates": [ 37.0916979, -0.3989197 ] } },
{ "type": "Feature", "properties": { "id": "f5c0e458-6a28-460b-9b16-c397c8fbb757", "accountNo": "26083", "name": "GEOFFREY MUNUHE WAMUGUNDA", "phone": "254721841812", "meterNo": "21113169", "accountStatus": "ACTIVE", "accountType": "Domestic", "institution": null, "meterStatus": "METERED", "brand": "YUONSO", "material": "Plastic", "meterClass": "B", "schemeName": "Rural", "zone": "013 84", "route": "013 84-KINGUKIRO", "dma": "N/A", "location": "king'ukiro", "parcelNo": null, "meterSize": "0.5", "remarks": "OK", "userId": null, "latitude": -0.3976944, "longitude": 37.0952566 }, "geometry": { "type": "Point", "coordinates": [ 37.0952566, -0.3976944 ] } },
{ "type": "Feature", "properties": { "id": "f5c0e458-6a28-460b-9b16-c397c8fbb696", "accountNo": "26090", "name": "JAMES KARAGITA KINGECHA", "phone": "254723465399", "meterNo": "21113259", "accountStatus": "ACTIVE", "accountType": "Domestic", "institution": null, "meterStatus": "METERED", "brand": "YUONSO", "material": "Plastic", "meterClass": "B", "schemeName": "Rural", "zone": "013 84", "route": "013 84-KINGUKIRO", "dma": "N/A", "location": "king'ukiro", "parcelNo": null, "meterSize": "0.5", "remarks": "OK", "userId": null, "latitude": -0.3979811, "longitude": 37.0946174 }, "geometry": { "type": "Point", "coordinates": [ 37.0946174, -0.3979811 ] } },
{ "type": "Feature", "properties": { "id": "f5c0e458-6a28-460b-9b16-c397c8fbb697", "accountNo": "26094", "name": "GLADYS NGIMA MACHARIA", "phone": "254712833620", "meterNo": "21113258", "accountStatus": "ACTIVE", "accountType": "Domestic", "institution": null, "meterStatus": "METERED", "brand": "YUONSO", "material": "Plastic", "meterClass": "B", "schemeName": "Rural", "zone": "013 84", "route": "013 84-KINGUKIRO", "dma": "N/A", "location": "king'ukiro", "parcelNo": null, "meterSize": "0.5", "remarks": "OK", "userId": null, "latitude": -0.3978458, "longitude": 37.0933929 }, "geometry": { "type": "Point", "coordinates": [ 37.0933929, -0.3978458 ] } },
{ "type": "Feature", "properties": { "id": "a75c3cd7-4d18-4df1-9134-bc68fb69110a", "accountNo": "26108", "name": "CHARLES KARUE JOHN", "phone": "254710288463", "meterNo": "2111954", "accountStatus": "ACTIVE", "accountType": "Domestic", "institution": null, "meterStatus": "METERED", "brand": "YUONSO", "material": "PLASTIC", "meterClass": "B", "schemeName": null, "zone": "012 83", "route": "078 GITHAMBIRO", "dma": "N/A", "location": null, "parcelNo": null, "meterSize": "0.5", "remarks": null, "userId": null, "latitude": -0.3789915, "longitude": 37.0902508 }, "geometry": { "type": "Point", "coordinates": [ 37.090213648256821, -0.378959783117219 ] } },
{ "type": "Feature", "properties": { "id": "52a8176f-2c18-4084-bdf1-7e4a00bd9f17", "accountNo": "26112", "name": "PETER MUTHEE GICHURU", "phone": "254723454440", "meterNo": "21111951", "accountStatus": "ACTIVE", "accountType": "Domestic", "institution": null, "meterStatus": "METERED", "brand": "YUONSO", "material": "PLASTIC", "meterClass": "B", "schemeName": null, "zone": "012 83", "route": "013- BEHIND COFFEE FACTORY", "dma": "Factory Line", "location": null, "parcelNo": null, "meterSize": "0.5", "remarks": null, "userId": null, "latitude": -0.3881582, "longitude": 37.0827351 }, "geometry": { "type": "Point", "coordinates": [ 37.0827351, -0.3881582 ] } },
{ "type": "Feature", "properties": { "id": "47293ba2-cdf0-4feb-a983-d61eba311456", "accountNo": "26114", "name": "CATHERINE NYAGUTHII MURIUKI", "phone": "254729683548", "meterNo": "21111902", "accountStatus": "ACTIVE", "accountType": "Domestic", "institution": null, "meterStatus": "METERED", "brand": "YUONSO", "material": "Plastic", "meterClass": "C", "schemeName": "Rural", "zone": "013 84", "route": "013 84-KINGUKIRO", "dma": "N/A", "location": "behind the house", "parcelNo": null, "meterSize": "0.5", "remarks": "ok", "userId": null, "latitude": -0.3980867, "longitude": 37.0891683 }, "geometry": { "type": "Point", "coordinates": [ 37.0891683, -0.3980867 ] } },
{ "type": "Feature", "properties": { "id": "f5c0e458-6a28-460b-9b16-c397c7fbc216", "accountNo": "26120", "name": "CHRISTOPHER GITONGA MURIUKI", "phone": "254720480774", "meterNo": "21110348", "accountStatus": "ACTIVE", "accountType": "Domestic", "institution": null, "meterStatus": "METERED", "brand": "younso", "material": "plastic", "meterClass": "b", "schemeName": "Rural", "zone": "012 83", "route": "013- KIAMARIGA TOWN (Upper Side)", "dma": "N/A", "location": "inside the plot", "parcelNo": null, "meterSize": "0.5", "remarks": "OK", "userId": null, "latitude": -0.385175, "longitude": 37.0836824 }, "geometry": { "type": "Point", "coordinates": [ 37.0836824, -0.385175 ] } },
{ "type": "Feature", "properties": { "id": "f70c146c-7603-4f1a-a958-2f829d81476a", "accountNo": "26129", "name": "JOSEPH MURIITHI MBUI", "phone": "254720244552", "meterNo": "21110080", "accountStatus": "SEALED", "accountType": "Domestic", "institution": "N/A", "meterStatus": "METERED", "brand": "YUONSO", "material": "PLASTIC", "meterClass": "B", "schemeName": "Rural", "zone": "012 83", "route": "078 GITHAMBIRO", "dma": "N/A", "location": "opposite pcea kirimara ", "parcelNo": null, "meterSize": "0.5", "remarks": null, "userId": null, "latitude": -0.3850525, "longitude": 37.0779521 }, "geometry": { "type": "Point", "coordinates": [ 37.0779521, -0.3850525 ] } },
{ "type": "Feature", "properties": { "id": "e64e6452-573c-493d-92ed-922e2939ccff", "accountNo": "26212", "name": "JAMES GATOGO KABIRU", "phone": "254722336241", "meterNo": "21111850", "accountStatus": "ACTIVE", "accountType": "Domestic", "institution": null, "meterStatus": "METERED", "brand": "YUONSO", "material": "PLASTIC", "meterClass": "B", "schemeName": null, "zone": "012 83", "route": "076 KIAMARIGA", "dma": "Kiamariga Lower", "location": null, "parcelNo": null, "meterSize": "0.5", "remarks": null, "userId": null, "latitude": -0.3858333, "longitude": 37.08102 }, "geometry": { "type": "Point", "coordinates": [ 37.08102, -0.3858333 ] } },
{ "type": "Feature", "properties": { "id": "d8676184-eb8d-4733-8c3e-5d1f95000744", "accountNo": "26219", "name": "CECILIA NYAGUTHII NGATIA", "phone": "254712787647", "meterNo": "21109954", "accountStatus": "ACTIVE", "accountType": "Domestic", "institution": null, "meterStatus": "METERED", "brand": "YUONSO", "material": "Plastic", "meterClass": "C", "schemeName": "Rural", "zone": "013 84", "route": "082 KABIRUINI", "dma": "N/A", "location": "in the farm", "parcelNo": null, "meterSize": "0.5", "remarks": null, "userId": null, "latitude": -0.3962034, "longitude": 37.0838201 }, "geometry": { "type": "Point", "coordinates": [ 37.0838201, -0.3962034 ] } },
{ "type": "Feature", "properties": { "id": "f5c0e458-6a28-460b-9b16-c397c8fbc717", "accountNo": "26229", "name": "JAMES THIARARA NJUKI", "phone": "254724887905", "meterNo": "23039319", "accountStatus": "ACTIVE", "accountType": "Domestic", "institution": null, "meterStatus": "METERED", "brand": "YUONSO", "material": "Plastic", "meterClass": "B", "schemeName": "Rural", "zone": "013 84", "route": "013 84-KINGUKIRO", "dma": "N/A", "location": "kingukiro", "parcelNo": null, "meterSize": "0.5", "remarks": "installed", "userId": null, "latitude": -0.3981083, "longitude": 37.0927705 }, "geometry": { "type": "Point", "coordinates": [ 37.0927705, -0.3981083 ] } },
{ "type": "Feature", "properties": { "id": "f5c0e458-6a28-460b-9b16-c397c8fbb726", "accountNo": "26230", "name": "JOSEPH KARUGU KAGUNDA", "phone": "254723570769", "meterNo": "21112272", "accountStatus": "ACTIVE", "accountType": "Domestic", "institution": null, "meterStatus": "METERED", "brand": "YUONSO", "material": "Plastic", "meterClass": "B", "schemeName": "Rural", "zone": "013 84", "route": "013 84-KINGUKIRO", "dma": "N/A", "location": "king'ukiro", "parcelNo": null, "meterSize": "0.5", "remarks": "OK", "userId": null, "latitude": -0.3966316, "longitude": 37.0965198 }, "geometry": { "type": "Point", "coordinates": [ 37.0965198, -0.3966316 ] } },
{ "type": "Feature", "properties": { "id": "f405992f-f497-4505-9216-31ad8bd50594", "accountNo": "26266", "name": "JANE WAIRIMU KAGUNDA", "phone": "254717604883", "meterNo": "24042094", "accountStatus": "ACTIVE", "accountType": "Domestic", "institution": null, "meterStatus": "METERED", "brand": "YUONSO", "material": "Plastic", "meterClass": "C", "schemeName": "Rural", "zone": "013 84", "route": "082 KABIRUINI", "dma": "N/A", "location": "Neighbors Githui club", "parcelNo": "N/A", "meterSize": "0.5", "remarks": "Installed ", "userId": null, "latitude": -0.3982367, "longitude": 37.08893 }, "geometry": { "type": "Point", "coordinates": [ 37.08893, -0.3982367 ] } },
{ "type": "Feature", "properties": { "id": "3224c441-4a80-4120-b6e4-f5166fd75b51", "accountNo": "08540", "name": "CHARLES MURIITHI GITHUI", "phone": "254745329488", "meterNo": "19094538", "accountStatus": "SEALED", "accountType": "Domestic", "institution": null, "meterStatus": "METERED", "brand": "YUONSO", "material": "PLASTIC", "meterClass": "B", "schemeName": null, "zone": "012 83", "route": "075 KIANJAU", "dma": "N/A", "location": null, "parcelNo": null, "meterSize": "0.5", "remarks": null, "userId": null, "latitude": -0.3868835, "longitude": 37.0994901 }, "geometry": { "type": "Point", "coordinates": [ 37.0994901, -0.3868835 ] } },
{ "type": "Feature", "properties": { "id": "f5c0e458-6a28-460b-9b16-c397c6fbc993", "accountNo": "08006", "name": "GITONGA  GIKUNJU", "phone": "254717139742", "meterNo": "181503276", "accountStatus": "SEALED", "accountType": "Domestic", "institution": null, "meterStatus": "METERED", "brand": "Younio", "material": "Polymer", "meterClass": "B", "schemeName": "Rural", "zone": "013 84", "route": "082 KABIRUINI", "dma": "N/A", "location": "Inside", "parcelNo": null, "meterSize": "0.5", "remarks": null, "userId": null, "latitude": -0.3946813, "longitude": 37.0844371 }, "geometry": { "type": "Point", "coordinates": [ 37.0844371, -0.3946813 ] } },
{ "type": "Feature", "properties": { "id": "f5c0e458-6a28-460b-9b16-c397c8fbc855", "accountNo": "09070", "name": "MURIUKI KIRANGA", "phone": "254722872037", "meterNo": "19060672", "accountStatus": "CUT-OFF", "accountType": "Domestic", "institution": null, "meterStatus": "METERED", "brand": "Younio", "material": "Polymer", "meterClass": "B", "schemeName": "Rural", "zone": "013 84", "route": "079 KIRIKO", "dma": "N/A", "location": "Inside", "parcelNo": null, "meterSize": "0.5", "remarks": null, "userId": null, "latitude": -0.4021618, "longitude": 37.0943274 }, "geometry": { "type": "Point", "coordinates": [ 37.0943274, -0.4021618 ] } },
{ "type": "Feature", "properties": { "id": "894e372e-53c2-4000-8d87-f00d96899a41", "accountNo": "07942", "name": "JOSEPH NGURU WAHOME", "phone": "254720600257", "meterNo": "19094323", "accountStatus": "SEALED", "accountType": "Domestic", "institution": null, "meterStatus": "METERED", "brand": "YUONSO", "material": "Plastic", "meterClass": "C", "schemeName": "Rural", "zone": "013 84", "route": "217 MIORO", "dma": "N/A", "location": "Behind the kitchen", "parcelNo": null, "meterSize": "0.5", "remarks": null, "userId": null, "latitude": -0.38986, "longitude": 37.1124417 }, "geometry": { "type": "Point", "coordinates": [ 37.1124417, -0.38986 ] } },
{ "type": "Feature", "properties": { "id": "f5c0e458-6a28-460b-9b16-c397c8fbb550", "accountNo": "26340", "name": "PHILLIP NJAGE MWANGI", "phone": "254720803813", "meterNo": "21112504", "accountStatus": "SEALED", "accountType": "Domestic", "institution": null, "meterStatus": "METERED", "brand": "younso ", "material": "plastic ", "meterClass": "b", "schemeName": "Rural", "zone": "012 83", "route": "131 RANGI", "dma": "N/A", "location": "Near rangi Nyana junction ", "parcelNo": null, "meterSize": "0.5", "remarks": null, "userId": null, "latitude": -0.3773679, "longitude": 37.0937323 }, "geometry": { "type": "Point", "coordinates": [ 37.0937323, -0.3773679 ] } },
{ "type": "Feature", "properties": { "id": "f5c0e458-6a28-460b-9b16-c397c5fbc069", "accountNo": "26466", "name": "JESSE MURIUKI KIMUNYU", "phone": "254722665403", "meterNo": "11026564", "accountStatus": "ACTIVE", "accountType": "Domestic", "institution": null, "meterStatus": "METERED", "brand": "younso", "material": "plastic", "meterClass": "B", "schemeName": "Rural", "zone": "013 84", "route": "186 MARIA", "dma": "N/A", "location": "maria upper", "parcelNo": null, "meterSize": "0.5", "remarks": "installed", "userId": null, "latitude": -0.3964569, "longitude": 37.0815941 }, "geometry": { "type": "Point", "coordinates": [ 37.0815941, -0.3964569 ] } },
{ "type": "Feature", "properties": { "id": "f5c0e458-6a28-460b-9b16-c3f7c8fba528", "accountNo": "26483", "name": "ALEXANDER NDIRITU KABUGU", "phone": "254724967358", "meterNo": "22034926", "accountStatus": "ACTIVE", "accountType": "Domestic", "institution": null, "meterStatus": "METERED", "brand": "younso ", "material": "plastic ", "meterClass": "B", "schemeName": "Rural", "zone": "012 83", "route": "012 83-KIAMARIGA LOWER DMA", "dma": "N/A", "location": "Behind Mawasco office ", "parcelNo": null, "meterSize": "0.5", "remarks": null, "userId": null, "latitude": -0.3863286, "longitude": 37.0780607 }, "geometry": { "type": "Point", "coordinates": [ 37.0780607, -0.3863286 ] } },
{ "type": "Feature", "properties": { "id": "f5c0e458-6a28-460b-9b16-c397c3fbc644", "accountNo": "26499", "name": "JAMES MWANGI WAHOME", "phone": "254725622529", "meterNo": "22037425", "accountStatus": "SEALED", "accountType": "Domestic", "institution": null, "meterStatus": "METERED", "brand": "younso ", "material": "plastic ", "meterClass": "B", "schemeName": "Rural", "zone": "013 84", "route": "012 83-KANGOGORO DMA", "dma": "Kangongoro", "location": "Third home from the main road heading to Njatheini ", "parcelNo": null, "meterSize": "0.5", "remarks": "OK", "userId": null, "latitude": -0.3910784, "longitude": 37.0968968 }, "geometry": { "type": "Point", "coordinates": [ 37.0968968, -0.3910784 ] } },
{ "type": "Feature", "properties": { "id": "f5c0e458-6a28-460b-9b16-c397c1fbc544", "accountNo": "26562", "name": "SIMON MURIITHI MAINA", "phone": "254711107155", "meterNo": "22035718", "accountStatus": "ACTIVE", "accountType": "Domestic", "institution": null, "meterStatus": "METERED", "brand": "YUONSO", "material": "Plastic", "meterClass": "B", "schemeName": "Rural", "zone": "013 84", "route": "186 MARIA", "dma": "N/A", "location": "ngorano road", "parcelNo": null, "meterSize": "0.5", "remarks": null, "userId": null, "latitude": -0.3961068, "longitude": 37.0841389 }, "geometry": { "type": "Point", "coordinates": [ 37.0841389, -0.3961068 ] } },
{ "type": "Feature", "properties": { "id": "21d42097-016c-487f-89c7-da6950f7f5ff", "accountNo": "26564", "name": "LOISE WANJIKU KAMWARO", "phone": "254725524575", "meterNo": "22037272", "accountStatus": "ACTIVE", "accountType": "Domestic", "institution": "N/A", "meterStatus": "METERED", "brand": "YUONSO", "material": "PLASTIC", "meterClass": "B", "schemeName": "Rural", "zone": "012 83", "route": "NGORANO", "dma": "N/A", "location": "inside ngorano hospita", "parcelNo": null, "meterSize": "0.5", "remarks": null, "userId": null, "latitude": -0.4133937, "longitude": 37.0648783 }, "geometry": { "type": "Point", "coordinates": [ 37.0648783, -0.4133937 ] } },
{ "type": "Feature", "properties": { "id": "f5c0e458-6a28-460b-9b16-c397c9fbc184", "accountNo": "23284", "name": "PAUL THOITHI MWAI", "phone": "254710456170", "meterNo": "19013745", "accountStatus": "SEALED", "accountType": "Domestic", "institution": null, "meterStatus": "METERED", "brand": "Younio", "material": "Polymer", "meterClass": "C", "schemeName": "Rural", "zone": "013 84", "route": "012 83-KANGOGORO DMA", "dma": "Kangongoro", "location": "Inside", "parcelNo": null, "meterSize": "0.5", "remarks": null, "userId": null, "latitude": -0.3895352, "longitude": 37.1046425 }, "geometry": { "type": "Point", "coordinates": [ 37.1046425, -0.3895352 ] } },
{ "type": "Feature", "properties": { "id": "f5c0e458-6a28-460b-9b16-c397c7fbc714", "accountNo": "26580", "name": "HARRISON NGATIA MURAGURI", "phone": "254717742528", "meterNo": "22037278", "accountStatus": "ACTIVE", "accountType": "Domestic", "institution": null, "meterStatus": "METERED", "brand": "YUONSO", "material": "Plastic", "meterClass": "B", "schemeName": "Rural", "zone": "012 83", "route": "013- BEHIND COFFEE FACTORY", "dma": "N/A", "location": "factory lane", "parcelNo": null, "meterSize": "0.5", "remarks": "installed", "userId": null, "latitude": -0.3902964, "longitude": 37.073037 }, "geometry": { "type": "Point", "coordinates": [ 37.073037, -0.3902964 ] } },
{ "type": "Feature", "properties": { "id": "f5c0e458-6a28-460b-9b16-c397c4fbc451", "accountNo": "00014", "name": "NJATHEINI  PRIMARY  SCHOOL", "phone": "254727961191", "meterNo": "150900077", "accountStatus": "SEALED", "accountType": "Domestic", "institution": null, "meterStatus": "METERED", "brand": null, "material": null, "meterClass": null, "schemeName": "Rural", "zone": "013 84", "route": "012 83-KANGOGORO DMA", "dma": "Kangongoro", "location": null, "parcelNo": null, "meterSize": "0.5", "remarks": null, "userId": null, "latitude": -0.388987, "longitude": 37.106759 }, "geometry": { "type": "Point", "coordinates": [ 37.106759, -0.388987 ] } },
{ "type": "Feature", "properties": { "id": "f5c0e458-6a28-460b-9b16-c397c1fbc641", "accountNo": "08274", "name": "SAMUEL  W.  GICHIURI", "phone": "254723545548", "meterNo": "160400279", "accountStatus": "SEALED", "accountType": "Institutional", "institution": null, "meterStatus": "METERED", "brand": "Younso", "material": "Plastic", "meterClass": "B", "schemeName": "Rural", "zone": "012 83", "route": "013- KIAMARIGA TOWN (Upper Side)", "dma": "N/A", "location": null, "parcelNo": "0", "meterSize": "0.5", "remarks": null, "userId": null, "latitude": -0.383561, "longitude": 37.084664 }, "geometry": { "type": "Point", "coordinates": [ 37.084664, -0.383561 ] } },
{ "type": "Feature", "properties": { "id": "3cc6bdbe-a3f3-4ac3-bf8c-7b96887512fa", "accountNo": "00112", "name": "MWANGI WERU", "phone": "254727291465", "meterNo": "1501219817", "accountStatus": "SEALED", "accountType": "Domestic", "institution": null, "meterStatus": "METERED", "brand": "YUONSO", "material": "PLASTIC", "meterClass": "B", "schemeName": null, "zone": "012 83", "route": "131 RANGI", "dma": "N/A", "location": "along Rangi road ", "parcelNo": null, "meterSize": "0.5", "remarks": null, "userId": null, "latitude": -0.3811054, "longitude": 37.0892986 }, "geometry": { "type": "Point", "coordinates": [ 37.0892986, -0.3811054 ] } },
{ "type": "Feature", "properties": { "id": "8de203a5-d098-4df5-9def-5573f6529ca1", "accountNo": "00121", "name": "ABRAHAM  MURIUKI GICHERU", "phone": "254722619782", "meterNo": null, "accountStatus": "ACTIVE", "accountType": "Domestic", "institution": null, "meterStatus": "UNMETERED", "brand": null, "material": null, "meterClass": null, "schemeName": "Rural", "zone": "012 83", "route": "075 KIANJAU", "dma": "N/A", "location": null, "parcelNo": null, "meterSize": null, "remarks": "121", "userId": null, "latitude": -0.3835683, "longitude": 37.0996114 }, "geometry": { "type": "Point", "coordinates": [ 37.0996114, -0.3835683 ] } },
{ "type": "Feature", "properties": { "id": "17a1468e-aaab-463f-929a-68a68b2a590d", "accountNo": "00134", "name": "JAMES GITHINJI WAHOME", "phone": "254725884000", "meterNo": "11024672", "accountStatus": "CUT-OFF", "accountType": "Domestic", "institution": null, "meterStatus": "METERED", "brand": "YUONSO", "material": "PLASTIC", "meterClass": "B", "schemeName": null, "zone": "012 83", "route": "075 KIANJAU", "dma": "N/A", "location": null, "parcelNo": "0", "meterSize": "0.5", "remarks": null, "userId": null, "latitude": -0.3873758, "longitude": 37.0919912 }, "geometry": { "type": "Point", "coordinates": [ 37.0919912, -0.3873758 ] } },
{ "type": "Feature", "properties": { "id": "a57b3227-f554-4fae-87a9-86c4d0b4e3f8", "accountNo": "00144", "name": "JENNIFER WAMUYU MAHINDI", "phone": "254723000321", "meterNo": "19095758", "accountStatus": "SEALED", "accountType": "Domestic", "institution": null, "meterStatus": "METERED", "brand": "YUONSO", "material": "PLASTIC", "meterClass": "B", "schemeName": null, "zone": "012 83", "route": "131 RANGI", "dma": "N/A", "location": "along rangi road ", "parcelNo": "0", "meterSize": "0.5", "remarks": null, "userId": null, "latitude": -0.3796133, "longitude": 37.0976817 }, "geometry": { "type": "Point", "coordinates": [ 37.0976817, -0.3796133 ] } },
{ "type": "Feature", "properties": { "id": "3d2edaef-ef6a-49ab-bd71-1c6a9b12aaa7", "accountNo": "00149", "name": "DAVID KABUI GATHURI", "phone": "254729769098", "meterNo": "11024479", "accountStatus": "SEALED", "accountType": "Domestic", "institution": null, "meterStatus": "METERED", "brand": "YUONSO", "material": "PLASTIC", "meterClass": "B", "schemeName": null, "zone": "012 83", "route": "131 RANGI", "dma": "N/A", "location": "along Rangi road ", "parcelNo": null, "meterSize": "0.5", "remarks": null, "userId": null, "latitude": -0.3844839, "longitude": 37.0879614 }, "geometry": { "type": "Point", "coordinates": [ 37.0879614, -0.3844839 ] } },
{ "type": "Feature", "properties": { "id": "012e1083-ba05-4f93-b69b-44be2caa9a65", "accountNo": "00172", "name": "A.I.P.C.A CHURCH", "phone": "254729509934", "meterNo": "14003278", "accountStatus": "SEALED", "accountType": "Domestic", "institution": "N/A", "meterStatus": "METERED", "brand": "YUONSO", "material": "PLASTIC", "meterClass": "B", "schemeName": "Rural", "zone": "012 83", "route": "013- BELOW HEALTH CENTRE", "dma": "N/A", "location": "along Kagati road ", "parcelNo": "0", "meterSize": "0.5", "remarks": null, "userId": null, "latitude": -0.3858517, "longitude": 37.0770755 }, "geometry": { "type": "Point", "coordinates": [ 37.0770755, -0.3858517 ] } },
{ "type": "Feature", "properties": { "id": "9ad82555-1e9a-4813-b2d9-18c37ed829d0", "accountNo": "00178", "name": "GACHUIRI NGARI", "phone": "254713427909", "meterNo": "18057318", "accountStatus": "SEALED", "accountType": "Domestic", "institution": null, "meterStatus": "METERED", "brand": "YUONSO", "material": "PLASTIC", "meterClass": "B", "schemeName": null, "zone": "012 83", "route": "131 RANGI", "dma": "N/A", "location": "past Dunjos Academy ", "parcelNo": "1", "meterSize": "0.5", "remarks": null, "userId": null, "latitude": -0.3861537, "longitude": 37.0893983 }, "geometry": { "type": "Point", "coordinates": [ 37.0893983, -0.3861537 ] } },
{ "type": "Feature", "properties": { "id": "306684d3-2e4d-41c7-b14d-e483d0356754", "accountNo": "00244", "name": "NDAIGA MURIUKI", "phone": "254724945235", "meterNo": null, "accountStatus": "SEALED", "accountType": "Domestic", "institution": null, "meterStatus": "METERED", "brand": "YUONSO", "material": "POLYMER", "meterClass": "A", "schemeName": null, "zone": "012 83", "route": "KIAIHURU DMA", "dma": "N/A", "location": null, "parcelNo": "618", "meterSize": "0.5", "remarks": null, "userId": null, "latitude": -0.3712502, "longitude": 37.1033525 }, "geometry": { "type": "Point", "coordinates": [ 37.1033525, -0.3712502 ] } },
{ "type": "Feature", "properties": { "id": "40c04830-a483-4ddc-aa5f-13638137c32b", "accountNo": "00249", "name": "JOHN THOITHI NJURAI", "phone": "254718803072", "meterNo": "21109112", "accountStatus": "SEALED", "accountType": "Domestic", "institution": "N/A", "meterStatus": "METERED", "brand": "YUONSO", "material": "PLASTIC", "meterClass": "B", "schemeName": "Rural", "zone": "013 84", "route": "012 83-KANGOGORO DMA", "dma": "Kangongoro", "location": "along githiringo road, near githiringo tea buying center ", "parcelNo": "1", "meterSize": "0.5", "remarks": null, "userId": null, "latitude": -0.3782817, "longitude": 37.1076633 }, "geometry": { "type": "Point", "coordinates": [ 37.1076633, -0.3782817 ] } },
{ "type": "Feature", "properties": { "id": "31630ce5-de73-455e-986b-c4bf660a66ec", "accountNo": "00265", "name": "ABRAHAM MURIUKI NJOGU.", "phone": "254723744855", "meterNo": "21064767", "accountStatus": "SEALED", "accountType": "Domestic", "institution": "N/A", "meterStatus": "METERED", "brand": "YUONSO", "material": "PLASTIC", "meterClass": "B", "schemeName": "Rural", "zone": "012 83", "route": "074 NYANA", "dma": "N/A", "location": "Githurai center ", "parcelNo": null, "meterSize": "0.5", "remarks": null, "userId": null, "latitude": -0.3766083, "longitude": 37.102345 }, "geometry": { "type": "Point", "coordinates": [ 37.102345, -0.3766083 ] } },
{ "type": "Feature", "properties": { "id": "b351c5cc-6e57-4c9d-b73a-4fca203157dc", "accountNo": "00266", "name": "DAVID NJOGU GITHUI", "phone": "254729445470", "meterNo": "1501347517", "accountStatus": "ACTIVE", "accountType": "Domestic", "institution": null, "meterStatus": "METERED", "brand": "YUONSO", "material": "PLASTIC", "meterClass": "B", "schemeName": null, "zone": "012 83", "route": "131 RANGI", "dma": "N/A", "location": "along Rangi road ", "parcelNo": "2174", "meterSize": "0.5", "remarks": null, "userId": null, "latitude": -0.3832977, "longitude": 37.0883039 }, "geometry": { "type": "Point", "coordinates": [ 37.0883039, -0.3832977 ] } },
{ "type": "Feature", "properties": { "id": "fe0276b7-b44f-4a32-a450-b333dbc75b64", "accountNo": "00303", "name": "JAMES MAINA KAMWARO", "phone": "254724612130", "meterNo": "19096855", "accountStatus": "SEALED", "accountType": "Domestic", "institution": "N/A", "meterStatus": "METERED", "brand": "YUONSO", "material": "PLASTIC", "meterClass": "B", "schemeName": "Rural", "zone": "012 83", "route": "013- KANYOTA", "dma": "N/A", "location": "along kanyota road", "parcelNo": null, "meterSize": "0.5", "remarks": null, "userId": null, "latitude": -0.382203, "longitude": 37.0825683 }, "geometry": { "type": "Point", "coordinates": [ 37.0825683, -0.382203 ] } },
{ "type": "Feature", "properties": { "id": "5c4fd5e9-4eb3-4b09-b1a8-30805941853b", "accountNo": "06770", "name": "JOSEPH NGATIA MURIUKI", "phone": "254728126574", "meterNo": "150900241", "accountStatus": "SEALED", "accountType": "Domestic", "institution": null, "meterStatus": "METERED", "brand": "YUONSO", "material": "Plastic", "meterClass": "B", "schemeName": "Rural", "zone": "012 83", "route": "012 83-KIAMARIGA LOWER DMA", "dma": "Sofia", "location": "Near the gate", "parcelNo": null, "meterSize": "0.5", "remarks": null, "userId": null, "latitude": -0.3856124, "longitude": 37.083463 }, "geometry": { "type": "Point", "coordinates": [ 37.083463, -0.3856124 ] } },
{ "type": "Feature", "properties": { "id": "250abac0-8859-4ace-b30e-8790ef3f2d64", "accountNo": "06775", "name": "MWANGI KARIUKI WAHOME", "phone": "254722675058", "meterNo": "9016175", "accountStatus": "SEALED", "accountType": "Domestic", "institution": null, "meterStatus": "METERED", "brand": "YUONSO", "material": "PLASTIC", "meterClass": "B", "schemeName": null, "zone": "012 83", "route": "075 KIANJAU", "dma": "N/A", "location": null, "parcelNo": null, "meterSize": "0.5", "remarks": null, "userId": null, "latitude": -0.3879917, "longitude": 37.0917817 }, "geometry": { "type": "Point", "coordinates": [ 37.0917817, -0.3879917 ] } },
{ "type": "Feature", "properties": { "id": "f5c0e458-6a28-460b-9b16-c397c4fbc180", "accountNo": "08005", "name": "JOSEPH  KAMUNYA  NDUHIU", "phone": "254727066181", "meterNo": "150900296", "accountStatus": "SEALED", "accountType": "Domestic", "institution": null, "meterStatus": "METERED", "brand": "Younio", "material": "Polymer", "meterClass": "B", "schemeName": "Rural", "zone": "013 84", "route": "186 MARIA", "dma": "N/A", "location": "Inside", "parcelNo": "0", "meterSize": "0.5", "remarks": null, "userId": null, "latitude": -0.392669, "longitude": 37.0846362 }, "geometry": { "type": "Point", "coordinates": [ 37.0846362, -0.392669 ] } },
{ "type": "Feature", "properties": { "id": "6c03dec1-1804-4ef1-9178-c142eeb4081e", "accountNo": "00314", "name": "MURIITHI MATHENGE", "phone": "254719529409", "meterNo": "19096468", "accountStatus": "SEALED", "accountType": "Institutional", "institution": null, "meterStatus": "METERED", "brand": "YUONSO", "material": "PLASTIC", "meterClass": "B", "schemeName": null, "zone": "012 83", "route": "075 KIANJAU", "dma": "N/A", "location": null, "parcelNo": "926", "meterSize": "0.5", "remarks": null, "userId": null, "latitude": -0.3840262, "longitude": 37.0953979 }, "geometry": { "type": "Point", "coordinates": [ 37.0953979, -0.3840262 ] } },
{ "type": "Feature", "properties": { "id": "a9bf5c01-81b7-47b1-8898-62a36d729de7", "accountNo": "00347", "name": "GRACE NJOKI MWANGI", "phone": "254725400093", "meterNo": "21113379", "accountStatus": "SEALED", "accountType": "Domestic", "institution": "N/A", "meterStatus": "METERED", "brand": "YUONSO", "material": "PLASTIC", "meterClass": "B", "schemeName": "Rural", "zone": "012 83", "route": "074 NYANA", "dma": "N/A", "location": "along nyana road ", "parcelNo": "95", "meterSize": "0.5", "remarks": null, "userId": null, "latitude": -0.3724986, "longitude": 37.0979612 }, "geometry": { "type": "Point", "coordinates": [ 37.0979612, -0.3724986 ] } },
{ "type": "Feature", "properties": { "id": "6386d1da-9430-4be3-9172-c767591abe09", "accountNo": "00351", "name": "GEOFREY KAMUNYA KABIA", "phone": "254724769397", "meterNo": "21113372", "accountStatus": "ACTIVE", "accountType": "Domestic", "institution": "N/A", "meterStatus": "METERED", "brand": "YUONSO", "material": "PLASTIC", "meterClass": "B", "schemeName": "Rural", "zone": "012 83", "route": "074 NYANA", "dma": "N/A", "location": "near Nyana tea buying center at Biomas demonstration", "parcelNo": "0", "meterSize": "0.5", "remarks": null, "userId": null, "latitude": -0.3785771, "longitude": 37.1003445 }, "geometry": { "type": "Point", "coordinates": [ 37.1003445, -0.3785771 ] } },
{ "type": "Feature", "properties": { "id": "f5c0e458-6a28-460b-9b16-c397c2fbc958", "accountNo": "08780", "name": "JAMES MUHORO NGUYO", "phone": "254725228012", "meterNo": "15002010", "accountStatus": "SEALED", "accountType": "Domestic", "institution": null, "meterStatus": "METERED", "brand": null, "material": null, "meterClass": null, "schemeName": "Rural", "zone": "012 83", "route": "013- BETWEEN HOSPITAL & MAIN ROAD", "dma": "N/A", "location": null, "parcelNo": null, "meterSize": "0.5", "remarks": null, "userId": null, "latitude": -0.38532, "longitude": 37.081828 }, "geometry": { "type": "Point", "coordinates": [ 37.081828, -0.38532 ] } },
{ "type": "Feature", "properties": { "id": "7efce7b5-03c7-4bab-97ed-71cd4846049c", "accountNo": "00367", "name": "PAUL MAINA NGATIA", "phone": "254719529463", "meterNo": "21112712", "accountStatus": "SEALED", "accountType": "Domestic", "institution": null, "meterStatus": "METERED", "brand": "YUONSO", "material": "PLASTIC", "meterClass": "B", "schemeName": null, "zone": "012 83", "route": "075 KIANJAU", "dma": "N/A", "location": "along rangi road, blue mabati gate", "parcelNo": "881", "meterSize": "0.5", "remarks": null, "userId": null, "latitude": -0.3802706, "longitude": 37.0978094 }, "geometry": { "type": "Point", "coordinates": [ 37.0978094, -0.3802706 ] } },
{ "type": "Feature", "properties": { "id": "f5c0e458-6a28-460b-9b16-c397c2fbc963", "accountNo": "00414", "name": "PAUL KIIRU WANDETO", "phone": "254722145248", "meterNo": "616801", "accountStatus": "CUT-OFF", "accountType": "Domestic", "institution": null, "meterStatus": "METERED", "brand": "younso", "material": "plastic", "meterClass": "b", "schemeName": "Rural", "zone": "012 83", "route": "012 83-KIAMARIGA LOWER DMA", "dma": "N/A", "location": "no meter", "parcelNo": "DUMMY", "meterSize": "0.5", "remarks": "meter removed", "userId": null, "latitude": -0.3855385, "longitude": 37.0839127 }, "geometry": { "type": "Point", "coordinates": [ 37.0839127, -0.3855385 ] } },
{ "type": "Feature", "properties": { "id": "8a76e52a-0442-443b-9b6f-ba4b5f93831d", "accountNo": "00433", "name": "JAMES MURAGURI WAIRIGUINI", "phone": "254721119358", "meterNo": "14002664", "accountStatus": "CUT-OFF", "accountType": "Domestic", "institution": null, "meterStatus": "METERED", "brand": "YUONSO", "material": "PLASTIC", "meterClass": "B", "schemeName": null, "zone": "012 83", "route": "075 KIANJAU", "dma": "N/A", "location": null, "parcelNo": null, "meterSize": "0.5", "remarks": null, "userId": null, "latitude": -0.3867787, "longitude": 37.096122 }, "geometry": { "type": "Point", "coordinates": [ 37.096122, -0.3867787 ] } },
{ "type": "Feature", "properties": { "id": "db58fa19-58be-441c-b5f1-30fbeb4c66db", "accountNo": "00438", "name": "PATRICK MACHARIA NGURU", "phone": "254720750149", "meterNo": "17010544", "accountStatus": "SEALED", "accountType": "Domestic", "institution": null, "meterStatus": "METERED", "brand": "YUONSO", "material": "PLASTIC", "meterClass": "B", "schemeName": null, "zone": "012 83", "route": "078 GITHAMBIRO", "dma": "N/A", "location": null, "parcelNo": "1446", "meterSize": "0.5", "remarks": null, "userId": null, "latitude": -0.3803222, "longitude": 37.0865238 }, "geometry": { "type": "Point", "coordinates": [ 37.0865238, -0.3803222 ] } },
{ "type": "Feature", "properties": { "id": "f5c0e458-6a28-460b-9b16-c397c2fbc478", "accountNo": "00453", "name": "JAMES WANJOHI", "phone": "254722247426", "meterNo": "21068253", "accountStatus": "ACTIVE", "accountType": "Domestic", "institution": null, "meterStatus": "METERED", "brand": "Yuonso", "material": null, "meterClass": null, "schemeName": "Rural", "zone": "013 84", "route": "186 MARIA", "dma": "N/A", "location": null, "parcelNo": null, "meterSize": "0.5", "remarks": null, "userId": null, "latitude": -0.3955765, "longitude": 37.083904 }, "geometry": { "type": "Point", "coordinates": [ 37.083904, -0.3955765 ] } },
{ "type": "Feature", "properties": { "id": "f5c0e458-6a28-460b-9b16-c397c1fbc739", "accountNo": "09275", "name": "KARURUMA  KIGONDU", "phone": "254729084289", "meterNo": "18012219", "accountStatus": "SEALED", "accountType": "Domestic", "institution": null, "meterStatus": "METERED", "brand": "Younio", "material": "Polymer", "meterClass": null, "schemeName": "Rural", "zone": "013 84", "route": "082 KABIRUINI", "dma": "N/A", "location": null, "parcelNo": "0", "meterSize": "0.5", "remarks": null, "userId": null, "latitude": -0.3934284, "longitude": 37.0873325 }, "geometry": { "type": "Point", "coordinates": [ 37.0873325, -0.3934284 ] } },
{ "type": "Feature", "properties": { "id": "65f176f7-660e-4bbd-beb7-21f869b5e05f", "accountNo": "07889", "name": "JAMES MAINA KARUE", "phone": "254705031159", "meterNo": "1707889", "accountStatus": "SEALED", "accountType": "Domestic", "institution": null, "meterStatus": "METERED", "brand": "YUONSO", "material": "Plastic", "meterClass": "C", "schemeName": "Rural", "zone": "013 84", "route": "06- MARIA FIRST LANE", "dma": "N/A", "location": "Near the fence", "parcelNo": null, "meterSize": "0.5", "remarks": null, "userId": null, "latitude": -0.3942023, "longitude": 37.0805315 }, "geometry": { "type": "Point", "coordinates": [ 37.0805315, -0.3942023 ] } },
{ "type": "Feature", "properties": { "id": "f5c0e458-6a28-460b-9b16-c397c1fbc740", "accountNo": "00549", "name": "CHARLES MIANO GICHUBA", "phone": "254759634411", "meterNo": "16031165", "accountStatus": "SEALED", "accountType": "Domestic", "institution": null, "meterStatus": "METERED", "brand": "yuonse", "material": "plastic", "meterClass": "b", "schemeName": "Rural", "zone": "013 84", "route": "082 KABIRUINI", "dma": "N/A", "location": "kabiruini towards ngorano", "parcelNo": "397RUGURU/KIAMARIGA", "meterSize": "0.5", "remarks": "OK", "userId": null, "latitude": -0.3942981, "longitude": 37.0857717 }, "geometry": { "type": "Point", "coordinates": [ 37.0857717, -0.3942981 ] } },
{ "type": "Feature", "properties": { "id": "f5c0e458-6a28-460b-9b16-c397c4fbc459", "accountNo": "00538", "name": "JANE WAIRIMU KIGONDU", "phone": "254703409625", "meterNo": "1500081117", "accountStatus": "SEALED", "accountType": "Domestic", "institution": null, "meterStatus": "METERED", "brand": "yuonso", "material": "plastic", "meterClass": "b", "schemeName": "Rural", "zone": "013 84", "route": "082 KABIRUINI", "dma": "N/A", "location": "kabiruini junction towards kiamariga", "parcelNo": "596", "meterSize": "0.5", "remarks": "OK", "userId": null, "latitude": -0.3934144, "longitude": 37.0878764 }, "geometry": { "type": "Point", "coordinates": [ 37.0878764, -0.3934144 ] } },
{ "type": "Feature", "properties": { "id": "32e02a3d-3b2e-4177-b70c-250ed292c103", "accountNo": "07362", "name": "DAVID KAGO MACHARIA", "phone": "254710486284", "meterNo": "19094329", "accountStatus": "SEALED", "accountType": "Domestic", "institution": null, "meterStatus": "METERED", "brand": "YUONSO", "material": "Plastic", "meterClass": "C", "schemeName": "Rural", "zone": "013 84", "route": "217 MIORO", "dma": "N/A", "location": "Near the fence", "parcelNo": null, "meterSize": "0.5", "remarks": null, "userId": null, "latitude": -0.3957813, "longitude": 37.1081469 }, "geometry": { "type": "Point", "coordinates": [ 37.1081469, -0.3957813 ] } },
{ "type": "Feature", "properties": { "id": "56b4b3be-d592-428c-a27c-98c486cace9c", "accountNo": "08781", "name": "CHARLES GITUANGWARE MUNUHE", "phone": "254722910288", "meterNo": "21112913", "accountStatus": "ACTIVE", "accountType": "Domestic", "institution": "N/A", "meterStatus": "METERED", "brand": "YUONSO", "material": "PLASTIC", "meterClass": "B", "schemeName": "Rural", "zone": "012 83", "route": "183 GICHORU", "dma": "N/A", "location": "along Gichoru road ", "parcelNo": null, "meterSize": "0.5", "remarks": null, "userId": null, "latitude": -0.38201, "longitude": 37.1035147 }, "geometry": { "type": "Point", "coordinates": [ 37.1035147, -0.38201 ] } },
{ "type": "Feature", "properties": { "id": "be196a8e-7b42-4928-a4e4-bcc152768eea", "accountNo": "00372", "name": "STEPHEN NGUYO KAGWI", "phone": "254710411704", "meterNo": "15013099117", "accountStatus": "ACTIVE", "accountType": "Domestic", "institution": "N/A", "meterStatus": "METERED", "brand": "YUONSO", "material": "PLASTIC", "meterClass": "B", "schemeName": "Rural", "zone": "012 83", "route": "074 NYANA", "dma": "N/A", "location": "along nyana road ", "parcelNo": "2244", "meterSize": "0.5", "remarks": null, "userId": null, "latitude": -0.3755267, "longitude": 37.099245 }, "geometry": { "type": "Point", "coordinates": [ 37.099245, -0.3755267 ] } },
{ "type": "Feature", "properties": { "id": "f5c0e458-6a28-460b-9b16-c397c5fbc663", "accountNo": "26780", "name": "STEPHEN NGATIA KARURU", "phone": "254720920193", "meterNo": "23036581", "accountStatus": "ACTIVE", "accountType": "Domestic", "institution": null, "meterStatus": "METERED", "brand": "YUONSO", "material": "Plastic", "meterClass": "B", "schemeName": "Rural", "zone": "013 84", "route": "089 NJATHEINI", "dma": "N/A", "location": "opp Njatheini tank ", "parcelNo": "N/A", "meterSize": "0.5", "remarks": "Installed ", "userId": null, "latitude": -0.3911686, "longitude": 37.1080699 }, "geometry": { "type": "Point", "coordinates": [ 37.1080699, -0.3911686 ] } },
{ "type": "Feature", "properties": { "id": "22830dc4-c263-4bd9-b060-e8e0292173a7", "accountNo": "00380", "name": "SIMON WAWERU WANDETO", "phone": "254722317585", "meterNo": "1500907617", "accountStatus": "ACTIVE", "accountType": "Domestic", "institution": null, "meterStatus": "METERED", "brand": "YUONSO", "material": "PLASTIC", "meterClass": "B", "schemeName": null, "zone": "012 83", "route": "012 83-KIAMARIGA LOWER DMA", "dma": "Kiamariga Lower", "location": null, "parcelNo": "0", "meterSize": "0.5", "remarks": null, "userId": null, "latitude": -0.385825, "longitude": 37.0811316 }, "geometry": { "type": "Point", "coordinates": [ 37.0811316, -0.385825 ] } },
{ "type": "Feature", "properties": { "id": "d77ff75b-cff6-4185-9bb6-6d7372da749c", "accountNo": "09405", "name": "JAMES GITHAGA KANUTHI", "phone": "254717048453", "meterNo": "16034935", "accountStatus": "SEALED", "accountType": "Domestic", "institution": null, "meterStatus": "METERED", "brand": "YUONSO", "material": "Plastic", "meterClass": "B", "schemeName": "Rural", "zone": "013 84", "route": "082 KABIRUINI", "dma": "N/A", "location": "near the kitchen", "parcelNo": null, "meterSize": "0.5", "remarks": "active", "userId": null, "latitude": -0.3963783, "longitude": 37.0918033 }, "geometry": { "type": "Point", "coordinates": [ 37.0918033, -0.3963783 ] } },
{ "type": "Feature", "properties": { "id": "f5c0e458-6a28-460b-9b16-c397c3fbc029", "accountNo": "26823", "name": "CHARLES KINOYA NGIRI", "phone": "254704138565", "meterNo": "23036720", "accountStatus": "ACTIVE", "accountType": "Domestic", "institution": null, "meterStatus": "METERED", "brand": "YUONSO", "material": "PLASTIC", "meterClass": "B", "schemeName": "Rural", "zone": "012 83", "route": "077 KAGATI", "dma": "N/A", "location": "Neighbors Mr. Muhindi", "parcelNo": "1010", "meterSize": "0.5", "remarks": "installed ", "userId": null, "latitude": -0.3892486, "longitude": 37.0704824 }, "geometry": { "type": "Point", "coordinates": [ 37.0704824, -0.3892486 ] } },
{ "type": "Feature", "properties": { "id": "f5c0e458-6a28-460b-9b16-c397c5fbc209", "accountNo": "26826", "name": "MARGARET WAKIO NJOROGE", "phone": "254726792671", "meterNo": "23040948", "accountStatus": "ACTIVE", "accountType": "Domestic", "institution": null, "meterStatus": "METERED", "brand": "YUONSO", "material": "PLASTIC", "meterClass": "B", "schemeName": "Rural", "zone": "013 84", "route": "187 MUTIINI", "dma": "N/A", "location": "Opposite GMS Church Kabiruini 50m from the main road heading to Mutiini route.", "parcelNo": null, "meterSize": "0.5", "remarks": null, "userId": null, "latitude": -0.3973954, "longitude": 37.0876384 }, "geometry": { "type": "Point", "coordinates": [ 37.0876384, -0.3973954 ] } },
{ "type": "Feature", "properties": { "id": "f5c0e458-6a28-460b-9b16-c397c8fbb246", "accountNo": "26843", "name": "JOHN MIANO MWANGI", "phone": "254700311001", "meterNo": "23040949", "accountStatus": "ACTIVE", "accountType": "Domestic", "institution": null, "meterStatus": "METERED", "brand": "YUONSO", "material": "PLASTIC", "meterClass": "B", "schemeName": "Rural", "zone": "012 83", "route": "077 KAGATI", "dma": "N/A", "location": "50m from Kiamariga sec school junction going back second gate ", "parcelNo": null, "meterSize": "0.5", "remarks": "Installed ", "userId": null, "latitude": -0.3873841, "longitude": 37.074625 }, "geometry": { "type": "Point", "coordinates": [ 37.074625, -0.3873841 ] } },
{ "type": "Feature", "properties": { "id": "f5c0e458-6a28-460b-9b16-c397c6fbc803", "accountNo": "26844", "name": "REGINA WANJIRU MWAURA", "phone": "254794714141", "meterNo": "23040946", "accountStatus": "ACTIVE", "accountType": "Domestic", "institution": null, "meterStatus": "METERED", "brand": "YUONSO", "material": "PLASTIC", "meterClass": "B", "schemeName": "Rural", "zone": "012 83", "route": "076 KIAMARIGA", "dma": "N/A", "location": "Behind police ", "parcelNo": null, "meterSize": "0.5", "remarks": "Installed ", "userId": null, "latitude": -0.3862719, "longitude": 37.0793048 }, "geometry": { "type": "Point", "coordinates": [ 37.0793048, -0.3862719 ] } },
{ "type": "Feature", "properties": { "id": "adcca814-c5dc-414f-bbf4-605ebaba2e1e", "accountNo": "00381", "name": "CHARLES WAMUGUNDA MURIITHI", "phone": "254700652313", "meterNo": "1501120917", "accountStatus": "ACTIVE", "accountType": "Institutional", "institution": null, "meterStatus": "METERED", "brand": "YUONSO", "material": "PLASTIC", "meterClass": "B", "schemeName": null, "zone": "012 83", "route": "075 KIANJAU", "dma": "N/A", "location": null, "parcelNo": "1075", "meterSize": "0.5", "remarks": null, "userId": null, "latitude": -0.38467, "longitude": 37.0970968 }, "geometry": { "type": "Point", "coordinates": [ 37.0970968, -0.38467 ] } },
{ "type": "Feature", "properties": { "id": "f5c0e458-6a28-460b-9b16-c397c9fbc345", "accountNo": "26906", "name": "SIMON NJOROGE KIMARU", "phone": "254723936557", "meterNo": "23 040910", "accountStatus": "ACTIVE", "accountType": "Domestic", "institution": null, "meterStatus": "METERED", "brand": "YUONSO", "material": "PLASTIC", "meterClass": "B", "schemeName": null, "zone": "012 83", "route": "078 GITHAMBIRO", "dma": "N/A", "location": "near quare", "parcelNo": null, "meterSize": "0.5", "remarks": "installef", "userId": null, "latitude": -0.3787946, "longitude": 37.0907113 }, "geometry": { "type": "Point", "coordinates": [ 37.0907113, -0.3787946 ] } },
{ "type": "Feature", "properties": { "id": "2e071bf4-0321-499e-b099-31689bab1002", "accountNo": "26932", "name": "TERESA WAMUYU MWANGI", "phone": "254722938585", "meterNo": "23040898", "accountStatus": "ACTIVE", "accountType": "Domestic", "institution": null, "meterStatus": "METERED", "brand": "YUONSO", "material": "Plastic", "meterClass": "C", "schemeName": "Rural", "zone": "013 84", "route": "187 MUTIINI", "dma": "N/A", "location": "In the compound", "parcelNo": null, "meterSize": "0.5", "remarks": null, "userId": null, "latitude": -0.3999695, "longitude": 37.0811435 }, "geometry": { "type": "Point", "coordinates": [ 37.0811435, -0.3999695 ] } },
{ "type": "Feature", "properties": { "id": "874a607f-a59e-431d-b3d9-8eab1c3ae787", "accountNo": "26935", "name": "JOSEPH NDIRITU KAIRU", "phone": "254713641748", "meterNo": "23041342", "accountStatus": "ACTIVE", "accountType": "Domestic", "institution": null, "meterStatus": "METERED", "brand": "YUONSO", "material": "Plastic", "meterClass": "C", "schemeName": "Rural", "zone": "013 84", "route": "187 MUTIINI", "dma": "N/A", "location": "Along the fence ", "parcelNo": null, "meterSize": "0.5", "remarks": null, "userId": null, "latitude": -0.4018344, "longitude": 37.0869521 }, "geometry": { "type": "Point", "coordinates": [ 37.0869521, -0.4018344 ] } },
{ "type": "Feature", "properties": { "id": "73b2f865-153c-4b4f-9a92-282e1e0dcb5e", "accountNo": "26937", "name": "JOSEPH GABRIEL MACHARIA", "phone": "254113025663", "meterNo": "23041247", "accountStatus": "ACTIVE", "accountType": "Domestic", "institution": null, "meterStatus": "METERED", "brand": "YUONSO", "material": "Plastic", "meterClass": "C", "schemeName": "Rural", "zone": "013 84", "route": "187 MUTIINI", "dma": "N/A", "location": "In the farm ", "parcelNo": null, "meterSize": "0.5", "remarks": null, "userId": null, "latitude": -0.3996146, "longitude": 37.087785 }, "geometry": { "type": "Point", "coordinates": [ 37.087785, -0.3996146 ] } },
{ "type": "Feature", "properties": { "id": "7fb190c4-11f0-4138-aa2b-ffce32d38b5c", "accountNo": "26946", "name": "EUNAH WANGECHI MUTHEE", "phone": "254707529257", "meterNo": "23039406", "accountStatus": "ACTIVE", "accountType": "Domestic", "institution": null, "meterStatus": "METERED", "brand": "YUONSO", "material": "Plastic", "meterClass": "C", "schemeName": "Rural", "zone": "013 84", "route": "187 MUTIINI", "dma": "N/A", "location": "Along the fence ", "parcelNo": null, "meterSize": "0.5", "remarks": null, "userId": null, "latitude": -0.4008297, "longitude": 37.087005 }, "geometry": { "type": "Point", "coordinates": [ 37.087005, -0.4008297 ] } },
{ "type": "Feature", "properties": { "id": "eeb51fc4-2831-412a-89f9-b4a50d5368d1", "accountNo": "19852", "name": "M/s MARTHA NJOKI GITHNJI", "phone": "254722470775", "meterNo": "15001356", "accountStatus": "SEALED", "accountType": "Domestic", "institution": "N/A", "meterStatus": "METERED", "brand": "YUONSO", "material": "PLASTIC", "meterClass": "B", "schemeName": "Rural", "zone": "012 83", "route": "105 GITHIRINGO", "dma": "N/A", "location": "along githiringo road ", "parcelNo": "0", "meterSize": "0.5", "remarks": null, "userId": null, "latitude": -0.3750132, "longitude": 37.1067589 }, "geometry": { "type": "Point", "coordinates": [ 37.1067589, -0.3750132 ] } },
{ "type": "Feature", "properties": { "id": "f5c0e458-6a28-460b-9b16-c397c9fbc357", "accountNo": "26947", "name": "MERCY NJERI MWANGI", "phone": "254712683584", "meterNo": "23040894", "accountStatus": "ACTIVE", "accountType": "Domestic", "institution": null, "meterStatus": "METERED", "brand": "YUONSO", "material": "POLYMER", "meterClass": "A", "schemeName": null, "zone": "013 84", "route": "187 MUTIINI", "dma": "N/A", "location": "kabiruini ", "parcelNo": "342", "meterSize": "0.5", "remarks": null, "userId": null, "latitude": -0.4078712, "longitude": 37.0830567 }, "geometry": { "type": "Point", "coordinates": [ 37.0830567, -0.4078712 ] } },
{ "type": "Feature", "properties": { "id": "cdb67e33-fa7a-4955-8d2f-b4f40927e572", "accountNo": "26950", "name": "LUCY MUTHONI NJARARA", "phone": "254721871044", "meterNo": "23039209", "accountStatus": "ACTIVE", "accountType": "Domestic", "institution": null, "meterStatus": "METERED", "brand": "YUONSO", "material": "Plastic", "meterClass": "C", "schemeName": "Rural", "zone": "013 84", "route": "187 MUTIINI", "dma": "N/A", "location": "near the gate ", "parcelNo": null, "meterSize": "0.5", "remarks": null, "userId": null, "latitude": -0.399414, "longitude": 37.0880014 }, "geometry": { "type": "Point", "coordinates": [ 37.0880014, -0.399414 ] } },
{ "type": "Feature", "properties": { "id": "f5c0e458-6a28-460b-9b16-c397c9fbc355", "accountNo": "26952", "name": "ESTHER NYAMBURA MURIUKI", "phone": "254716033782", "meterNo": "23039208", "accountStatus": "ACTIVE", "accountType": "Domestic", "institution": null, "meterStatus": "METERED", "brand": "YUONSO", "material": "POLYMER", "meterClass": "A", "schemeName": null, "zone": "013 84", "route": "187 MUTIINI", "dma": "N/A", "location": "kabiruini ", "parcelNo": "344", "meterSize": "0.5", "remarks": null, "userId": null, "latitude": -0.407325, "longitude": 37.0833899 }, "geometry": { "type": "Point", "coordinates": [ 37.0833899, -0.407325 ] } },
{ "type": "Feature", "properties": { "id": "57212e64-553a-4fb7-83c9-30d1d226383a", "accountNo": "26955", "name": "ROBERTSON WANJAU MURIITHI", "phone": "254723616861", "meterNo": "23041244", "accountStatus": "ACTIVE", "accountType": "Domestic", "institution": null, "meterStatus": "METERED", "brand": "YUONSO", "material": "Plastic", "meterClass": "C", "schemeName": "Rural", "zone": "013 84", "route": "187 MUTIINI", "dma": "N/A", "location": "In the farm ", "parcelNo": null, "meterSize": "0.5", "remarks": null, "userId": null, "latitude": -0.4014382, "longitude": 37.0869468 }, "geometry": { "type": "Point", "coordinates": [ 37.0869468, -0.4014382 ] } },
{ "type": "Feature", "properties": { "id": "f5c0e458-6a28-460b-9b16-c397c9fbc365", "accountNo": "26960", "name": "MARTHA WANDIA GITHUI", "phone": "254729144229", "meterNo": "23039204", "accountStatus": "ACTIVE", "accountType": "Domestic", "institution": null, "meterStatus": "METERED", "brand": "YUONSO", "material": "POLYMER", "meterClass": "A", "schemeName": null, "zone": "013 84", "route": "187 MUTIINI", "dma": "N/A", "location": "kabiruini ", "parcelNo": "2272", "meterSize": "0.5", "remarks": null, "userId": null, "latitude": -0.4038122, "longitude": 37.0861008 }, "geometry": { "type": "Point", "coordinates": [ 37.0861008, -0.4038122 ] } },
{ "type": "Feature", "properties": { "id": "f5c0e458-6a28-460b-9b16-c397c9fbc350", "accountNo": "26963", "name": "ONESMUS MUNENE GATHEKIA", "phone": "254708228389", "meterNo": "23 041345", "accountStatus": "ACTIVE", "accountType": "Domestic", "institution": null, "meterStatus": "METERED", "brand": "YUONSO", "material": "PLASTIC", "meterClass": "B", "schemeName": null, "zone": "012 83", "route": "HIRIGA (83)", "dma": "N/A", "location": "near hiriga shopps", "parcelNo": null, "meterSize": "0.5", "remarks": "Installed", "userId": null, "latitude": -0.3932184, "longitude": 37.0656993 }, "geometry": { "type": "Point", "coordinates": [ 37.0656993, -0.3932184 ] } },
{ "type": "Feature", "properties": { "id": "77137533-dcb1-4ca5-947c-8ab54d188dbb", "accountNo": "26964", "name": "ALLAN NGATIA MACHARIA", "phone": "254757984774", "meterNo": "23039401", "accountStatus": "ACTIVE", "accountType": "Domestic", "institution": null, "meterStatus": "METERED", "brand": "YUONSO", "material": "Plastic", "meterClass": "C", "schemeName": "Rural", "zone": "013 84", "route": "187 MUTIINI", "dma": "N/A", "location": "In the compound ", "parcelNo": null, "meterSize": "0.5", "remarks": null, "userId": null, "latitude": -0.4074509, "longitude": 37.0831269 }, "geometry": { "type": "Point", "coordinates": [ 37.0831269, -0.4074509 ] } },
{ "type": "Feature", "properties": { "id": "1a9471f6-84be-4ed2-b491-a9e84984c2e3", "accountNo": "19914", "name": "MR JOSEPH WAHOME WAMBURA", "phone": "254711200711", "meterNo": "N/A", "accountStatus": "SEALED", "accountType": "Domestic", "institution": null, "meterStatus": "METERED", "brand": "YUONSO", "material": "Plastic", "meterClass": "C", "schemeName": "Rural", "zone": "013 84", "route": "217 MIORO", "dma": "N/A", "location": "no meter", "parcelNo": null, "meterSize": null, "remarks": "no meter", "userId": null, "latitude": -0.3962567, "longitude": 37.103785 }, "geometry": { "type": "Point", "coordinates": [ 37.103785, -0.3962567 ] } },
{ "type": "Feature", "properties": { "id": "f5c0e458-6a28-460b-9b16-c397c9fbc354", "accountNo": "26965", "name": "VIRGINIA WAIRIMU MURIGU", "phone": "254720372905", "meterNo": "23041246", "accountStatus": "ACTIVE", "accountType": "Domestic", "institution": null, "meterStatus": "METERED", "brand": "YUONSO", "material": "POLYMER", "meterClass": "A", "schemeName": null, "zone": "013 84", "route": "187 MUTIINI", "dma": "N/A", "location": "kabiruini ", "parcelNo": "345", "meterSize": "0.5", "remarks": null, "userId": null, "latitude": -0.4069293, "longitude": 37.083495 }, "geometry": { "type": "Point", "coordinates": [ 37.083495, -0.4069293 ] } },
{ "type": "Feature", "properties": { "id": "37397c64-f262-4956-a9a8-9d1b1f4131e0", "accountNo": "21179", "name": "JAMES GITHAIGA MURIITHI", "phone": "254726591627", "meterNo": "16031712", "accountStatus": "SEALED", "accountType": "Domestic", "institution": "N/A", "meterStatus": "METERED", "brand": "YUONSO", "material": "PLASTIC", "meterClass": "B", "schemeName": "Rural", "zone": "012 83", "route": "074 NYANA", "dma": "N/A", "location": "along nyana road ", "parcelNo": "0", "meterSize": "0.5", "remarks": null, "userId": null, "latitude": -0.3724903, "longitude": 37.0976502 }, "geometry": { "type": "Point", "coordinates": [ 37.0976502, -0.3724903 ] } },
{ "type": "Feature", "properties": { "id": "aa2c129c-1776-4d6d-87b5-a432117adf8f", "accountNo": "26997", "name": "ROBERT MACHARIA KAGEMA", "phone": "254718235435", "meterNo": "23041249", "accountStatus": "ACTIVE", "accountType": "Domestic", "institution": null, "meterStatus": "METERED", "brand": "YUONSO", "material": "Plastic", "meterClass": "C", "schemeName": "Rural", "zone": "013 84", "route": "187 MUTIINI", "dma": "N/A", "location": "At the edge of the field", "parcelNo": null, "meterSize": "0.5", "remarks": null, "userId": null, "latitude": -0.4019967, "longitude": 37.0870782 }, "geometry": { "type": "Point", "coordinates": [ 37.0870782, -0.4019967 ] } },
{ "type": "Feature", "properties": { "id": "f5c0e458-6a28-460b-9b16-c397c9fbc367", "accountNo": "27000", "name": "JOYCE WAIRIMU MUTERO", "phone": "254723607508", "meterNo": "23041346", "accountStatus": "ACTIVE", "accountType": "Domestic", "institution": null, "meterStatus": "METERED", "brand": "YUONSO", "material": "POLYMER", "meterClass": "A", "schemeName": null, "zone": "013 84", "route": "187 MUTIINI", "dma": "N/A", "location": "kabiruini ", "parcelNo": "359", "meterSize": "0.5", "remarks": null, "userId": null, "latitude": -0.406008, "longitude": 37.0837724 }, "geometry": { "type": "Point", "coordinates": [ 37.0837724, -0.406008 ] } },
{ "type": "Feature", "properties": { "id": "f5c0e458-6a28-460b-9b16-c397c9fbc360", "accountNo": "27002", "name": "WINROSE WAMBUI MUNUHE", "phone": "254729758375", "meterNo": "23041242", "accountStatus": "ACTIVE", "accountType": "Domestic", "institution": null, "meterStatus": "METERED", "brand": "YUONSO", "material": "POLYMER", "meterClass": "A", "schemeName": null, "zone": "013 84", "route": "187 MUTIINI", "dma": "N/A", "location": "kabiruini", "parcelNo": "376", "meterSize": "0.5", "remarks": null, "userId": null, "latitude": -0.4082744, "longitude": 37.0818515 }, "geometry": { "type": "Point", "coordinates": [ 37.0818515, -0.4082744 ] } },
{ "type": "Feature", "properties": { "id": "33636685-5416-4ce6-832e-5e79d1fbf549", "accountNo": "27009", "name": "JAMES KARIUKI MAGENDA", "phone": "254717170927", "meterNo": "23041241", "accountStatus": "ACTIVE", "accountType": "Domestic", "institution": null, "meterStatus": "METERED", "brand": "YUONSO", "material": "Plastic", "meterClass": "C", "schemeName": "Rural", "zone": "013 84", "route": "187 MUTIINI", "dma": "N/A", "location": "Along the fence ", "parcelNo": null, "meterSize": "0.5", "remarks": null, "userId": null, "latitude": -0.3996852, "longitude": 37.0873295 }, "geometry": { "type": "Point", "coordinates": [ 37.0873295, -0.3996852 ] } },
{ "type": "Feature", "properties": { "id": "f5c0e458-6a28-460b-9b16-c397c9fbc349", "accountNo": "27010", "name": "JOHN KINYUA MIANO", "phone": "254716069136", "meterNo": "23 040897", "accountStatus": "ACTIVE", "accountType": "Domestic", "institution": null, "meterStatus": "METERED", "brand": "YUONSO", "material": "PLASTIC", "meterClass": "B", "schemeName": null, "zone": "012 83", "route": "078 GITHAMBIRO", "dma": "N/A", "location": "near muchina quare", "parcelNo": null, "meterSize": "0.5", "remarks": "installed", "userId": null, "latitude": -0.3748609, "longitude": 37.0929375 }, "geometry": { "type": "Point", "coordinates": [ 37.0929375, -0.3748609 ] } },
{ "type": "Feature", "properties": { "id": "f5c0e458-6a28-460b-9b16-c397c6fbc232", "accountNo": "20260", "name": "PATRICK KOORO GICHURU", "phone": "254726571826", "meterNo": "150900428", "accountStatus": "SEALED", "accountType": "Domestic", "institution": null, "meterStatus": "METERED", "brand": "YUONSO", "material": "Plastic", "meterClass": "B", "schemeName": "Rural", "zone": "012 83", "route": "131 RANGI", "dma": "N/A", "location": null, "parcelNo": "0", "meterSize": "0.5", "remarks": null, "userId": null, "latitude": -0.3749455, "longitude": 37.0942037 }, "geometry": { "type": "Point", "coordinates": [ 37.0942037, -0.3749455 ] } },
{ "type": "Feature", "properties": { "id": "00f35673-bb09-45c9-ad6c-97836f22335b", "accountNo": "00103", "name": "BENSON KARIUKI", "phone": "254720382413", "meterNo": "14062233", "accountStatus": "SEALED", "accountType": "Domestic", "institution": null, "meterStatus": "METERED", "brand": "YUONSO", "material": "PLASTIC", "meterClass": "B", "schemeName": null, "zone": "012 83", "route": "131 RANGI", "dma": "N/A", "location": "Along Rangi road ", "parcelNo": null, "meterSize": "0.5", "remarks": null, "userId": null, "latitude": -0.3848038, "longitude": 37.0873513 }, "geometry": { "type": "Point", "coordinates": [ 37.0873513, -0.3848038 ] } },
{ "type": "Feature", "properties": { "id": "f5c0e458-6a28-460b-9b16-c397c3fbc176", "accountNo": "09355", "name": "GEORGE WAHOME MATHENGE", "phone": "254716761620", "meterNo": "17013236", "accountStatus": "SEALED", "accountType": "Domestic", "institution": null, "meterStatus": "METERED", "brand": "Younio", "material": "Polymer", "meterClass": null, "schemeName": "Rural", "zone": "013 84", "route": "KANGOGORO DMA", "dma": "Kangongoro", "location": null, "parcelNo": null, "meterSize": "0.5", "remarks": null, "userId": null, "latitude": -0.3909035, "longitude": 37.0960058 }, "geometry": { "type": "Point", "coordinates": [ 37.0960058, -0.3909035 ] } },
{ "type": "Feature", "properties": { "id": "7db9313c-18b6-48a6-91c2-66decb4a7dce", "accountNo": "00545", "name": "PETER WERU MURIUKI", "phone": "254718623259", "meterNo": "19094327", "accountStatus": "SEALED", "accountType": "Domestic", "institution": null, "meterStatus": "METERED", "brand": "YUONSO", "material": "Plastic", "meterClass": "C", "schemeName": "Rural", "zone": "013 84", "route": "217 MIORO", "dma": "N/A", "location": "In the tea farm", "parcelNo": null, "meterSize": "0.5", "remarks": null, "userId": null, "latitude": -0.390332, "longitude": 37.1125664 }, "geometry": { "type": "Point", "coordinates": [ 37.1125664, -0.390332 ] } },
{ "type": "Feature", "properties": { "id": "df754029-de1f-460a-bc66-8dcaa239c74d", "accountNo": "00551", "name": "ABRAHAM WAMAE WANARUA", "phone": "254714915878", "meterNo": "16032410", "accountStatus": "SEALED", "accountType": "Domestic", "institution": null, "meterStatus": "METERED", "brand": "YUONSO", "material": "Plastic", "meterClass": "C", "schemeName": "Rural", "zone": "013 84", "route": "06- MARIA FIRST LANE", "dma": "N/A", "location": "In the farm", "parcelNo": null, "meterSize": "0.5", "remarks": null, "userId": null, "latitude": -0.3939194, "longitude": 37.0810657 }, "geometry": { "type": "Point", "coordinates": [ 37.0810657, -0.3939194 ] } },
{ "type": "Feature", "properties": { "id": "ce20ef6c-418f-4b2a-87b9-4ff8b980450b", "accountNo": "27034", "name": "ALICE NYARUAI MWANIKI", "phone": "254707552584", "meterNo": "23039403", "accountStatus": "ACTIVE", "accountType": "Domestic", "institution": null, "meterStatus": "METERED", "brand": "YUONSO", "material": "Plastic", "meterClass": "C", "schemeName": "Rural", "zone": "013 84", "route": "187 MUTIINI", "dma": "N/A", "location": "Along the fence ", "parcelNo": null, "meterSize": "0.5", "remarks": null, "userId": null, "latitude": -0.4005983, "longitude": 37.0867053 }, "geometry": { "type": "Point", "coordinates": [ 37.0867053, -0.4005983 ] } },
{ "type": "Feature", "properties": { "id": "146b1387-6b35-4e07-a4b2-51e507a620b8", "accountNo": "27044", "name": "HARRISON WACHIRA RITHO", "phone": "254701908351", "meterNo": "23037626", "accountStatus": "SEALED", "accountType": "Domestic", "institution": null, "meterStatus": "METERED", "brand": "YUONSO", "material": "Plastic", "meterClass": "C", "schemeName": "Rural", "zone": "012 83", "route": "076 KIAMARIGA", "dma": "N/A", "location": "Near petrol  station", "parcelNo": null, "meterSize": "0.5", "remarks": null, "userId": null, "latitude": -0.386159, "longitude": 37.0841992 }, "geometry": { "type": "Point", "coordinates": [ 37.0841992, -0.386159 ] } },
{ "type": "Feature", "properties": { "id": "18993b76-6a7a-4e13-915a-fdcbdade3560", "accountNo": "27062", "name": "JANE NJOKI MACHARIA", "phone": "254724557833", "meterNo": "23040010", "accountStatus": "ACTIVE", "accountType": "Domestic", "institution": null, "meterStatus": "METERED", "brand": "YUONSO", "material": "PLASTIC", "meterClass": "B", "schemeName": null, "zone": "012 83", "route": "076 KIAMARIGA", "dma": "Factory Line", "location": null, "parcelNo": "1023", "meterSize": "0.5", "remarks": null, "userId": null, "latitude": -0.3898268, "longitude": 37.0774632 }, "geometry": { "type": "Point", "coordinates": [ 37.0774632, -0.3898268 ] } },
{ "type": "Feature", "properties": { "id": "782d7dac-03c5-4f4b-bf72-4e01ecb84bfa", "accountNo": "21856", "name": "JAMES MWANGI WAIRIMU", "phone": "254717285484", "meterNo": "17012923", "accountStatus": "SEALED", "accountType": "Domestic", "institution": null, "meterStatus": "METERED", "brand": "YUONSO", "material": "PLASTIC", "meterClass": "B", "schemeName": null, "zone": "012 83", "route": "013- BELOW HEALTH CENTRE", "dma": "Kiamariga Lower", "location": null, "parcelNo": null, "meterSize": "0.5", "remarks": null, "userId": null, "latitude": -0.3850067, "longitude": 37.0783033 }, "geometry": { "type": "Point", "coordinates": [ 37.0783033, -0.3850067 ] } },
{ "type": "Feature", "properties": { "id": "f5c0e458-6a28-460b-9b16-c397c8fbb528", "accountNo": "22098", "name": "JOHN MAINA KAMWERE", "phone": "254722868930", "meterNo": "17084593", "accountStatus": "ACTIVE", "accountType": "Domestic", "institution": null, "meterStatus": "METERED", "brand": "Younio", "material": "Polymer", "meterClass": "C", "schemeName": "Rural", "zone": "013 84", "route": "012 83-KANGOGORO DMA", "dma": "Kangongoro", "location": "Inside", "parcelNo": "0", "meterSize": "0.5", "remarks": null, "userId": null, "latitude": -0.3916518, "longitude": 37.0935469 }, "geometry": { "type": "Point", "coordinates": [ 37.0935469, -0.3916518 ] } },
{ "type": "Feature", "properties": { "id": "f946cb2c-fe25-4d31-a8e3-67531ff1ee3c", "accountNo": "27078", "name": "JOHN WAINAINA", "phone": "254796053203", "meterNo": "23040004", "accountStatus": "ACTIVE", "accountType": "Domestic", "institution": null, "meterStatus": "METERED", "brand": "YUONSO", "material": "PLASTIC", "meterClass": "B", "schemeName": null, "zone": "012 83", "route": "076 KIAMARIGA", "dma": "N/A", "location": null, "parcelNo": "1127", "meterSize": "0.5", "remarks": null, "userId": null, "latitude": -0.3852567, "longitude": 37.080505 }, "geometry": { "type": "Point", "coordinates": [ 37.080505, -0.3852567 ] } },
{ "type": "Feature", "properties": { "id": "d30dd57b-af61-4ba1-8ef0-6da0d93956b8", "accountNo": "20448", "name": "LUCY WAIRIMU NGANGA", "phone": "254714670010", "meterNo": "150900424", "accountStatus": "SEALED", "accountType": "Domestic", "institution": null, "meterStatus": "METERED", "brand": "YUONSO", "material": "Plastic", "meterClass": "C", "schemeName": "Rural", "zone": "012 83", "route": "131 RANGI", "dma": "N/A", "location": "In the shamba", "parcelNo": null, "meterSize": "0.5", "remarks": null, "userId": null, "latitude": -0.3772305, "longitude": 37.0954446 }, "geometry": { "type": "Point", "coordinates": [ 37.0954446, -0.3772305 ] } },
{ "type": "Feature", "properties": { "id": "f5c0e458-6a28-460b-9b16-c397c4fbc272", "accountNo": "20525", "name": "JOSEPH NGARI KABIRU", "phone": "254721402309", "meterNo": "150900040", "accountStatus": "SEALED", "accountType": "Domestic", "institution": null, "meterStatus": "METERED", "brand": "Younio", "material": "Polymer", "meterClass": "B", "schemeName": "Rural", "zone": "013 84", "route": "07- MARIA SECOND LANE", "dma": "N/A", "location": "Inside", "parcelNo": "0", "meterSize": "0.5", "remarks": null, "userId": null, "latitude": -0.4022717, "longitude": 37.0801922 }, "geometry": { "type": "Point", "coordinates": [ 37.0801922, -0.4022717 ] } },
{ "type": "Feature", "properties": { "id": "f5c0e458-6a28-460b-9b16-c397c1fbc087", "accountNo": "20526", "name": "FRANCIS NGUNJIRI KARONGO", "phone": "254738492441", "meterNo": "150900092", "accountStatus": "SEALED", "accountType": "Domestic", "institution": null, "meterStatus": "METERED", "brand": "Younio", "material": "Polymer", "meterClass": "B", "schemeName": "Rural", "zone": "013 84", "route": "07- MARIA SECOND LANE", "dma": "N/A", "location": "Inside", "parcelNo": null, "meterSize": "0.5", "remarks": null, "userId": null, "latitude": -0.4014376, "longitude": 37.0801281 }, "geometry": { "type": "Point", "coordinates": [ 37.0801281, -0.4014376 ] } },
{ "type": "Feature", "properties": { "id": "f5c0e458-6a28-460b-9b16-c397c2fbc726", "accountNo": "22873", "name": "ANTHONY MURIITHI GITHUI", "phone": "254722756820", "meterNo": "1500261717", "accountStatus": "SEALED", "accountType": "Domestic", "institution": null, "meterStatus": "METERED", "brand": "Aimei", "material": "Polymer", "meterClass": "C", "schemeName": "Rural", "zone": "013 84", "route": "079 KIRIKO", "dma": "N/A", "location": "Inside", "parcelNo": "0", "meterSize": "0.5", "remarks": null, "userId": null, "latitude": -0.3988664, "longitude": 37.1064755 }, "geometry": { "type": "Point", "coordinates": [ 37.1064755, -0.3988664 ] } },
{ "type": "Feature", "properties": { "id": "c271916c-2616-43d5-abf7-da4e7e3cb776", "accountNo": "27084", "name": "SAMUEL MWANGI WAMAI", "phone": "254741828603", "meterNo": "23040019", "accountStatus": "ACTIVE", "accountType": "Domestic", "institution": null, "meterStatus": "METERED", "brand": "YUONSO", "material": "Plastic", "meterClass": "C", "schemeName": "Rural", "zone": "013 84", "route": "082 KABIRUINI", "dma": "N/A", "location": "In the farm", "parcelNo": null, "meterSize": "0.5", "remarks": null, "userId": null, "latitude": -0.393747, "longitude": 37.0813336 }, "geometry": { "type": "Point", "coordinates": [ 37.0813336, -0.393747 ] } },
{ "type": "Feature", "properties": { "id": "cfd12198-5435-4724-b35e-7298c51fafee", "accountNo": "27121", "name": "NANCY WAMUCHII MURIUKI", "phone": "254722467208", "meterNo": "23037953", "accountStatus": "ACTIVE", "accountType": "Domestic", "institution": null, "meterStatus": "METERED", "brand": "YUONSO", "material": "PLASTIC", "meterClass": "B", "schemeName": null, "zone": "012 83", "route": "013- BEHIND COFFEE FACTORY", "dma": "Factory Line", "location": null, "parcelNo": "2473", "meterSize": "0.5", "remarks": null, "userId": null, "latitude": -0.3882823, "longitude": 37.0823304 }, "geometry": { "type": "Point", "coordinates": [ 37.0823304, -0.3882823 ] } },
{ "type": "Feature", "properties": { "id": "e3c411bc-7ee5-4d0b-8cc7-07a7e4bda9b0", "accountNo": "20882", "name": "PATRICK MACHARIA KAHARIRI", "phone": "254722876054", "meterNo": "160400133", "accountStatus": "ACTIVE", "accountType": "Domestic", "institution": null, "meterStatus": "METERED", "brand": "YUONSO", "material": "Plastic", "meterClass": "C", "schemeName": "Rural", "zone": "012 83", "route": "013- BETWEEN HOSPITAL & MAIN ROAD", "dma": "N/A", "location": "In the compound ", "parcelNo": null, "meterSize": "0.5", "remarks": null, "userId": null, "latitude": -0.3848058, "longitude": 37.0832314 }, "geometry": { "type": "Point", "coordinates": [ 37.0832314, -0.3848058 ] } },
{ "type": "Feature", "properties": { "id": "00e23951-58da-444a-be69-b53e77f0b5e6", "accountNo": "21377", "name": "SAMUEL MAINA WANJOGA", "phone": "254727399711", "meterNo": "16034780", "accountStatus": "SEALED", "accountType": "Domestic", "institution": "N/A", "meterStatus": "METERED", "brand": "YUONSO", "material": "PLASTIC", "meterClass": "B", "schemeName": "Rural", "zone": "012 83", "route": "KIAIHURU DMA", "dma": "N/A", "location": "along Lela road ", "parcelNo": "0", "meterSize": "0.5", "remarks": null, "userId": null, "latitude": -0.3786332, "longitude": 37.0819979 }, "geometry": { "type": "Point", "coordinates": [ 37.0819979, -0.3786332 ] } },
{ "type": "Feature", "properties": { "id": "f5c0e458-6a28-460b-9b16-c397c7fbc678", "accountNo": "08279", "name": "STEPHEN  K.  KARUKU", "phone": null, "meterNo": "1308279", "accountStatus": "DORMANT", "accountType": "Domestic", "institution": null, "meterStatus": "METERED", "brand": null, "material": null, "meterClass": null, "schemeName": "Rural", "zone": "012 83", "route": "076 KIAMARIGA", "dma": "N/A", "location": null, "parcelNo": null, "meterSize": "0.5", "remarks": null, "userId": null, "latitude": -0.385582, "longitude": 37.084987 }, "geometry": { "type": "Point", "coordinates": [ 37.084987, -0.385582 ] } },
{ "type": "Feature", "properties": { "id": "6639af1c-b17c-41dd-b4b1-53bda42e17e0", "accountNo": "08573", "name": "AMOS MATHENGE GITHINJI", "phone": "254713192598", "meterNo": "19096807", "accountStatus": "ACTIVE", "accountType": "Domestic", "institution": null, "meterStatus": "METERED", "brand": "YUONSO", "material": "PLASTIC", "meterClass": "B", "schemeName": null, "zone": "012 83", "route": "KIAIHURU DMA", "dma": "N/A", "location": null, "parcelNo": null, "meterSize": "0.5", "remarks": null, "userId": null, "latitude": -0.370519, "longitude": 37.0910894 }, "geometry": { "type": "Point", "coordinates": [ 37.0910894, -0.370519 ] } },
{ "type": "Feature", "properties": { "id": "2d635cde-2fa6-40fb-acb5-45e37119386c", "accountNo": "23247", "name": "ELIZABETH NJERI WAITHEGENI", "phone": "254723767559", "meterNo": "19013825", "accountStatus": "SEALED", "accountType": "Domestic", "institution": null, "meterStatus": "METERED", "brand": "YUONSO", "material": "PLASTIC", "meterClass": "B", "schemeName": null, "zone": "012 83", "route": "076 KIAMARIGA", "dma": "N/A", "location": null, "parcelNo": "0", "meterSize": "0.5", "remarks": null, "userId": null, "latitude": -0.384445, "longitude": 37.0937783 }, "geometry": { "type": "Point", "coordinates": [ 37.0937783, -0.384445 ] } },
{ "type": "Feature", "properties": { "id": "aa1000c4-288f-4f9d-bae9-ef0d215a67a5", "accountNo": "00546", "name": "MARGARET WANJUGU KIHAGI", "phone": "254722535895", "meterNo": "14050136", "accountStatus": "DORMANT", "accountType": "Domestic", "institution": "N/A", "meterStatus": "METERED", "brand": "YUONSO", "material": "PLASTIC", "meterClass": "B", "schemeName": "Rural", "zone": "012 83", "route": "HIRIGA (83)", "dma": "N/A", "location": null, "parcelNo": "DUMMY", "meterSize": "0.5", "remarks": "dormant ", "userId": null, "latitude": -0.3990849, "longitude": 37.0673838 }, "geometry": { "type": "Point", "coordinates": [ 37.0673838, -0.3990849 ] } },
{ "type": "Feature", "properties": { "id": "09e18615-59af-4433-8d58-da2de50da6bd", "accountNo": "09326", "name": "MARY M MUGWERU", "phone": "254725403186", "meterNo": "19095882", "accountStatus": "SEALED", "accountType": "Domestic", "institution": null, "meterStatus": "METERED", "brand": "YUONSO", "material": "Plastic", "meterClass": "C", "schemeName": "Rural", "zone": "013 84", "route": "217 MIORO", "dma": "N/A", "location": "Along the fence", "parcelNo": null, "meterSize": "0.5", "remarks": null, "userId": null, "latitude": -0.3925408, "longitude": 37.1127285 }, "geometry": { "type": "Point", "coordinates": [ 37.1127285, -0.3925408 ] } },
{ "type": "Feature", "properties": { "id": "b2a48781-a70c-4219-aeb0-83c990d636cd", "accountNo": "00482", "name": "CHARLES M. KIBORORO", "phone": "254729946883", "meterNo": "16030964", "accountStatus": "ACTIVE", "accountType": "Domestic", "institution": null, "meterStatus": "METERED", "brand": "YUONSO", "material": "Plastic", "meterClass": "C", "schemeName": "Rural", "zone": "013 84", "route": "KANGOGORO DMA", "dma": "N/A", "location": "Near the gate", "parcelNo": null, "meterSize": "0.5", "remarks": null, "userId": null, "latitude": -0.389885, "longitude": 37.110575 }, "geometry": { "type": "Point", "coordinates": [ 37.110575, -0.389885 ] } },
{ "type": "Feature", "properties": { "id": "bdee124b-f062-42a6-bf04-22538b156667", "accountNo": "00491", "name": "ESTHER WANJUGU KANGAU", "phone": "254729848074", "meterNo": "181501330", "accountStatus": "ACTIVE", "accountType": "Domestic", "institution": null, "meterStatus": "METERED", "brand": "YUONSO", "material": "Plastic", "meterClass": "C", "schemeName": "Rural", "zone": "013 84", "route": "KANGOGORO DMA", "dma": "N/A", "location": "Behind the house", "parcelNo": null, "meterSize": "0.5", "remarks": null, "userId": null, "latitude": -0.387545, "longitude": 37.1087583 }, "geometry": { "type": "Point", "coordinates": [ 37.1087583, -0.387545 ] } },
{ "type": "Feature", "properties": { "id": "5c7d444d-51fe-4075-a5d9-98d9a9ece692", "accountNo": "09279", "name": "PETER M. MUCHORI", "phone": "254722478859", "meterNo": "181500802", "accountStatus": "SEALED", "accountType": "Domestic", "institution": null, "meterStatus": "METERED", "brand": "YUONSO", "material": "Plastic", "meterClass": "C", "schemeName": "Rural", "zone": "013 84", "route": "089 NJATHEINI", "dma": "N/A", "location": "Near the fence", "parcelNo": null, "meterSize": "0.5", "remarks": null, "userId": null, "latitude": -0.393539, "longitude": 37.103063 }, "geometry": { "type": "Point", "coordinates": [ 37.103063, -0.393539 ] } },
{ "type": "Feature", "properties": { "id": "f5c0e458-6a28-460b-9b16-c397c1fbc011", "accountNo": "09304", "name": "NDOGO  MBITI", "phone": "254725803028", "meterNo": "181502380", "accountStatus": "SEALED", "accountType": "Domestic", "institution": null, "meterStatus": "METERED", "brand": "Aimei", "material": "Polymer", "meterClass": "B", "schemeName": "Rural", "zone": "013 84", "route": "089 NJATHEINI", "dma": "N/A", "location": "Inside", "parcelNo": null, "meterSize": "0.5", "remarks": null, "userId": null, "latitude": -0.3942558, "longitude": 37.1010222 }, "geometry": { "type": "Point", "coordinates": [ 37.1010222, -0.3942558 ] } },
{ "type": "Feature", "properties": { "id": "c91818ae-3663-4312-9795-a5c3075b691b", "accountNo": "27164", "name": "GLADYS WANJIRU NGATIA", "phone": "254721755977", "meterNo": "22233693", "accountStatus": "SEALED", "accountType": "Domestic", "institution": "ACTIVE", "meterStatus": "METERED", "brand": "YUONSO", "material": "PLASTIC", "meterClass": "B", "schemeName": null, "zone": "013 84", "route": "187 MUTIINI", "dma": "N/A", "location": "last home of Mutiini lane near the river ", "parcelNo": "2352", "meterSize": "0.5", "remarks": "Installed ", "userId": null, "latitude": -0.4005609, "longitude": 37.0905918 }, "geometry": { "type": "Point", "coordinates": [ 37.0905918, -0.4005609 ] } },
{ "type": "Feature", "properties": { "id": "2ca2bc53-1d29-4d1e-aa33-ff8a00ef30c4", "accountNo": "27182", "name": "LYDIA NYANDIA NGARI", "phone": "254715148853", "meterNo": "22231055", "accountStatus": "ACTIVE", "accountType": "Domestic", "institution": null, "meterStatus": "METERED", "brand": "YUONSO", "material": "PLASTIC", "meterClass": "B", "schemeName": null, "zone": "012 83", "route": "076 KIAMARIGA", "dma": "N/A", "location": "200m from the end of factory lane going back on your right hand.", "parcelNo": "1030", "meterSize": "0.5", "remarks": "Installed ", "userId": null, "latitude": -0.3903358, "longitude": 37.0736194 }, "geometry": { "type": "Point", "coordinates": [ 37.0736194, -0.3903358 ] } },
{ "type": "Feature", "properties": { "id": "178b6687-2cd1-41e9-86d5-40c243c9e8da", "accountNo": "27202", "name": "ANN WAMBUI KINYUA", "phone": "254720360781", "meterNo": "23040263", "accountStatus": "ACTIVE", "accountType": "Domestic", "institution": null, "meterStatus": "METERED", "brand": "YUONSO", "material": "PLASTIC", "meterClass": "B", "schemeName": null, "zone": "013 84", "route": "187 MUTIINI", "dma": "N/A", "location": "Third plot from GMS going back to town.", "parcelNo": "2945", "meterSize": "0.5", "remarks": "Installed ", "userId": null, "latitude": -0.3981347, "longitude": 37.0884453 }, "geometry": { "type": "Point", "coordinates": [ 37.0884453, -0.3981347 ] } },
{ "type": "Feature", "properties": { "id": "bb126c87-2759-4266-b3ac-062567ccb780", "accountNo": "27205", "name": "NGARI FRANCIS NJOROGE", "phone": "254707533340", "meterNo": "23040261", "accountStatus": "ACTIVE", "accountType": "Domestic", "institution": null, "meterStatus": "METERED", "brand": "YUONSO", "material": "PLASTIC", "meterClass": "B", "schemeName": null, "zone": "013 84", "route": "082 KABIRUINI", "dma": "N/A", "location": "400m from the main on your right ", "parcelNo": "359", "meterSize": "0.5", "remarks": "Installed ", "userId": null, "latitude": -0.4058566, "longitude": 37.083841 }, "geometry": { "type": "Point", "coordinates": [ 37.083841, -0.4058566 ] } },
{ "type": "Feature", "properties": { "id": "799628e5-5979-477d-87e2-c6b83826a019", "accountNo": "27213", "name": "MERCY KAJUJU GICHURU", "phone": "254115624893", "meterNo": "23041255", "accountStatus": "ACTIVE", "accountType": "Domestic", "institution": null, "meterStatus": "METERED", "brand": "YUONSO", "material": "PLASTIC", "meterClass": "B", "schemeName": null, "zone": "013 84", "route": "013 84-KINGUKIRO", "dma": "N/A", "location": "Kingukiro lane opposite black and yellow.", "parcelNo": null, "meterSize": "0.5", "remarks": "Installed ", "userId": null, "latitude": -0.3956621, "longitude": 37.0972827 }, "geometry": { "type": "Point", "coordinates": [ 37.0972827, -0.3956621 ] } },
{ "type": "Feature", "properties": { "id": "4e208d81-618f-41fa-94d0-c72cdc7a4f71", "accountNo": "00060", "name": "CECILIA  WANJIRU", "phone": "254720549496", "meterNo": "21112543", "accountStatus": "SEALED", "accountType": "Domestic", "institution": "N/A", "meterStatus": "METERED", "brand": "YUONSO", "material": "PLASTIC", "meterClass": "B", "schemeName": "Rural", "zone": "012 83", "route": "KIAIHURU DMA", "dma": "N/A", "location": "along Lela road ", "parcelNo": "0", "meterSize": "0.5", "remarks": null, "userId": null, "latitude": -0.3757369, "longitude": 37.0849347 }, "geometry": { "type": "Point", "coordinates": [ 37.0849347, -0.3757369 ] } },
{ "type": "Feature", "properties": { "id": "f5c0e458-6a28-460b-9b16-c397c4fbc153", "accountNo": "00411", "name": "MURAGURI KABIRU & OTHERS", "phone": "254721231735", "meterNo": "19096857", "accountStatus": "ACTIVE", "accountType": "Domestic", "institution": null, "meterStatus": "METERED", "brand": "younso", "material": "plastic", "meterClass": "b", "schemeName": "Rural", "zone": "012 83", "route": "013- KIAMARIGA TOWN (Upper Side)", "dma": "N/A", "location": "near the washroom", "parcelNo": "4", "meterSize": "0.5", "remarks": "OK", "userId": null, "latitude": -0.382829, "longitude": 37.0834621 }, "geometry": { "type": "Point", "coordinates": [ 37.0834621, -0.382829 ] } },
{ "type": "Feature", "properties": { "id": "9631e9c6-cfa3-4b63-b075-1db74ff8d2e4", "accountNo": "23337", "name": "JAMES KINYUA MUREITHI", "phone": "254725795278", "meterNo": "19014110", "accountStatus": "SEALED", "accountType": "Domestic", "institution": null, "meterStatus": "METERED", "brand": "YUONSO", "material": "PLASTIC", "meterClass": "B", "schemeName": null, "zone": "012 83", "route": "075 KIANJAU", "dma": "N/A", "location": null, "parcelNo": null, "meterSize": "0.5", "remarks": null, "userId": null, "latitude": -0.3829583, "longitude": 37.1000617 }, "geometry": { "type": "Point", "coordinates": [ 37.1000617, -0.3829583 ] } },
{ "type": "Feature", "properties": { "id": "92ffe370-fa1c-4a7e-b364-af9a3bf83378", "accountNo": "08389", "name": "JACKSON MACHARIA", "phone": "254717782408", "meterNo": "23179252", "accountStatus": "ACTIVE", "accountType": "Domestic", "institution": null, "meterStatus": "METERED", "brand": "YUONSO", "material": "Plastic", "meterClass": "B", "schemeName": "Rural", "zone": "012 83", "route": "131 RANGI", "dma": "N/A", "location": "near the gate", "parcelNo": null, "meterSize": "0.5", "remarks": "active", "userId": null, "latitude": -0.3813017, "longitude": 37.0941433 }, "geometry": { "type": "Point", "coordinates": [ 37.0941433, -0.3813017 ] } },
{ "type": "Feature", "properties": { "id": "7299afd4-01c7-4b89-a42c-30bc88eec9c3", "accountNo": "08460", "name": "ALEXANDER MWANGI KARANJA", "phone": "254700131440", "meterNo": "19060856", "accountStatus": "SEALED", "accountType": "Domestic", "institution": "N/A", "meterStatus": "METERED", "brand": "YUONSO", "material": "PLASTIC", "meterClass": "B", "schemeName": "Rural", "zone": "012 83", "route": "074 NYANA", "dma": "N/A", "location": "along nyana road ", "parcelNo": null, "meterSize": "0.5", "remarks": null, "userId": null, "latitude": -0.3723265, "longitude": 37.0983035 }, "geometry": { "type": "Point", "coordinates": [ 37.0983035, -0.3723265 ] } },
{ "type": "Feature", "properties": { "id": "971e256f-371a-40d4-b4de-7e74e55a859f", "accountNo": "08491", "name": "SIMON KABIRU MUCHIRI", "phone": "254718737726", "meterNo": "21109377", "accountStatus": "SEALED", "accountType": "Domestic", "institution": "N/A", "meterStatus": "METERED", "brand": "YUONSO", "material": "PLASTIC", "meterClass": "B", "schemeName": "Rural", "zone": "012 83", "route": "074 NYANA", "dma": "N/A", "location": "along nyana road ", "parcelNo": null, "meterSize": "0.5", "remarks": null, "userId": null, "latitude": -0.3739693, "longitude": 37.0996159 }, "geometry": { "type": "Point", "coordinates": [ 37.0996159, -0.3739693 ] } },
{ "type": "Feature", "properties": { "id": "2d579884-1cd6-4c7f-807a-197a4b323794", "accountNo": "08589", "name": "JOHN MAINA WANJOHI", "phone": "254726387022", "meterNo": "23037507", "accountStatus": "SEALED", "accountType": "Domestic", "institution": null, "meterStatus": "METERED", "brand": "YUONSO", "material": "PLASTIC", "meterClass": "B", "schemeName": null, "zone": "012 83", "route": "075 KIANJAU", "dma": "N/A", "location": "along rangi road ", "parcelNo": null, "meterSize": "0.5", "remarks": null, "userId": null, "latitude": -0.3811792, "longitude": 37.0997756 }, "geometry": { "type": "Point", "coordinates": [ 37.0997756, -0.3811792 ] } },
{ "type": "Feature", "properties": { "id": "ef10b30a-c9be-4bfb-80ce-9303aec36943", "accountNo": "08260", "name": "MATU KIUMI", "phone": null, "meterNo": "25008971", "accountStatus": "DORMANT", "accountType": "Domestic", "institution": "Small", "meterStatus": "Metered", "brand": "YUONSO", "material": "Plastic", "meterClass": "C", "schemeName": "Rural", "zone": "012 83", "route": "077 KAGATI", "dma": "Factory Line", "location": "kiamariga", "parcelNo": "N/A", "meterSize": "0.5", "remarks": "reconnection", "userId": "168cf595-aa2d-4640-b148-af8b90c6857c", "latitude": -0.3901433, "longitude": 37.0750689 }, "geometry": { "type": "Point", "coordinates": [ 37.0750689, -0.3901433 ] } },
{ "type": "Feature", "properties": { "id": "2649ed80-258b-49ff-bd57-7d7347dc4199", "accountNo": "21382", "name": "ZIPPORAH HIUKO MUHINDI", "phone": "254706565034", "meterNo": "16034778", "accountStatus": "SEALED", "accountType": "Domestic", "institution": "N/A", "meterStatus": "METERED", "brand": "YUONSO", "material": "PLASTIC", "meterClass": "B", "schemeName": "Rural", "zone": "012 83", "route": "077 KAGATI", "dma": "Migingo", "location": "near Kagati field ", "parcelNo": "0", "meterSize": "0.5", "remarks": null, "userId": null, "latitude": -0.3887822, "longitude": 37.069382 }, "geometry": { "type": "Point", "coordinates": [ 37.069382, -0.3887822 ] } },
{ "type": "Feature", "properties": { "id": "f5c0e458-6a28-460b-9b16-c397c8fbb882", "accountNo": "00395", "name": "WACHIRA MIANO", "phone": "0", "meterNo": null, "accountStatus": "DORMANT", "accountType": "Domestic", "institution": null, "meterStatus": "UNMETERED", "brand": "younso", "material": "plastic", "meterClass": "b", "schemeName": "Rural", "zone": "012 83", "route": "076 KIAMARIGA", "dma": "N/A", "location": "near the washroom", "parcelNo": "1021", "meterSize": "0.5", "remarks": "OK", "userId": null, "latitude": -0.3857816, "longitude": 37.084481 }, "geometry": { "type": "Point", "coordinates": [ 37.084481, -0.3857816 ] } },
{ "type": "Feature", "properties": { "id": "918a9c5c-6a4a-430e-82fe-56d952aa4089", "accountNo": "07908", "name": "FRED GACHAGUA", "phone": "254724613728", "meterNo": "19060708", "accountStatus": "CLOSED", "accountType": "Domestic", "institution": "N/A", "meterStatus": "METERED", "brand": "YUONSO", "material": "PLASTIC", "meterClass": "B", "schemeName": "Rural", "zone": "012 83", "route": "077 KAGATI", "dma": "N/A", "location": "Along MCA road", "parcelNo": null, "meterSize": "0.5", "remarks": null, "userId": null, "latitude": -0.402778, "longitude": 37.0663997 }, "geometry": { "type": "Point", "coordinates": [ 37.0663997, -0.402778 ] } },
{ "type": "Feature", "properties": { "id": "9acd04ca-1c83-426e-9097-2b77637ac4dc", "accountNo": "09440", "name": "ERASTUS GATHIGIO KABUBII", "phone": "254721621312", "meterNo": "2110399", "accountStatus": "SEALED", "accountType": "Domestic", "institution": null, "meterStatus": "METERED", "brand": "YUONSO", "material": "Plastic", "meterClass": "C", "schemeName": "Rural", "zone": "013 84", "route": "187 MUTIINI", "dma": "N/A", "location": "Along the road ", "parcelNo": null, "meterSize": "0.5", "remarks": null, "userId": null, "latitude": -0.4012171, "longitude": 37.0849748 }, "geometry": { "type": "Point", "coordinates": [ 37.0849748, -0.4012171 ] } },
{ "type": "Feature", "properties": { "id": "f2fab972-2e8f-4e68-af3b-1147d8bf21fb", "accountNo": "27256", "name": "CHARLES KAMWETI MURIITHI", "phone": "254721107608", "meterNo": "23040203", "accountStatus": "ACTIVE", "accountType": "Domestic", "institution": null, "meterStatus": "METERED", "brand": "YUONSO", "material": "PLASTIC", "meterClass": "B", "schemeName": null, "zone": "012 83", "route": "076 KIAMARIGA", "dma": "Kiamariga Lower", "location": "Near Kagiris home ", "parcelNo": "1033", "meterSize": "0.5", "remarks": "Installed ", "userId": null, "latitude": -0.3888483, "longitude": 37.0800833 }, "geometry": { "type": "Point", "coordinates": [ 37.0800833, -0.3888483 ] } },
{ "type": "Feature", "properties": { "id": "af954c45-1c28-4876-b1ca-b5b0f4140372", "accountNo": "27263", "name": "MAINA KARIUKI", "phone": "254782071674", "meterNo": "23041275", "accountStatus": "ACTIVE", "accountType": "Domestic", "institution": null, "meterStatus": "UNMETERED", "brand": "YUONSO", "material": "Plastic", "meterClass": "C", "schemeName": null, "zone": "013 84", "route": "082 KABIRUINI", "dma": "N/A", "location": null, "parcelNo": null, "meterSize": "0.5", "remarks": null, "userId": null, "latitude": -0.40733, "longitude": 37.0844317 }, "geometry": { "type": "Point", "coordinates": [ 37.0844317, -0.40733 ] } },
{ "type": "Feature", "properties": { "id": "f5c0e458-6a28-460b-9b16-c397c2fbc667", "accountNo": "09370", "name": "OBADIAH MURIITHI WACHIRA", "phone": "254728214827", "meterNo": "21068259", "accountStatus": "SEALED", "accountType": "Domestic", "institution": null, "meterStatus": "METERED", "brand": "Yuonso", "material": null, "meterClass": null, "schemeName": "Rural", "zone": "013 84", "route": "080 GITATHI", "dma": "N/A", "location": null, "parcelNo": null, "meterSize": "0.5", "remarks": null, "userId": null, "latitude": -0.39930618, "longitude": 37.075737 }, "geometry": { "type": "Point", "coordinates": [ 37.075737, -0.39930618 ] } },
{ "type": "Feature", "properties": { "id": "f78b711c-692e-499f-a27f-7b4eac14230c", "accountNo": "00448", "name": "JAMES GICHURU", "phone": "254723454440", "meterNo": "1501347917", "accountStatus": "ACTIVE", "accountType": "Domestic", "institution": null, "meterStatus": "METERED", "brand": "YUONSO", "material": "Plastic", "meterClass": "B", "schemeName": "Rural", "zone": "013 84", "route": "186 MARIA", "dma": "N/A", "location": "near the gate", "parcelNo": "0", "meterSize": "0.5", "remarks": "active", "userId": null, "latitude": -0.3932833, "longitude": 37.0847867 }, "geometry": { "type": "Point", "coordinates": [ 37.0847867, -0.3932833 ] } },
{ "type": "Feature", "properties": { "id": "e0ed025e-66cc-44d1-80fe-676f6aa0ca39", "accountNo": "27455", "name": "ZIPPORAH MURINGI MWANGI", "phone": "254711727935", "meterNo": "23179248", "accountStatus": "ACTIVE", "accountType": "Domestic", "institution": "ACTIVE", "meterStatus": "METERED", "brand": "YUONSO", "material": "PLASTIC", "meterClass": "B", "schemeName": null, "zone": "012 83", "route": "075 KIANJAU", "dma": "N/A", "location": null, "parcelNo": "1416", "meterSize": "0.5", "remarks": null, "userId": null, "latitude": -0.3841287, "longitude": 37.0946767 }, "geometry": { "type": "Point", "coordinates": [ 37.0946767, -0.3841287 ] } },
{ "type": "Feature", "properties": { "id": "50d15adf-886b-49e8-8f3d-d5080272b755", "accountNo": "27457", "name": "JESSE JACKSON MURIITHI MATHENGE", "phone": "254702069446", "meterNo": "23179243", "accountStatus": "ACTIVE", "accountType": "Domestic", "institution": "ACTIVE", "meterStatus": "METERED", "brand": "YUONSO", "material": "PLASTIC", "meterClass": "B", "schemeName": null, "zone": "013 84", "route": "187 MUTIINI", "dma": "N/A", "location": "Right opposite big black gate", "parcelNo": "366", "meterSize": "0.5", "remarks": "Installed ", "userId": null, "latitude": -0.4025437, "longitude": 37.0869492 }, "geometry": { "type": "Point", "coordinates": [ 37.0869492, -0.4025437 ] } },
{ "type": "Feature", "properties": { "id": "f5c0e458-6a28-460b-9b16-c397c8fbc697", "accountNo": "08636", "name": "MUCHEMI KINAITI", "phone": "254700000000", "meterNo": "23037078", "accountStatus": "SEALED", "accountType": "Domestic", "institution": null, "meterStatus": "METERED", "brand": "YUONSO", "material": "POLYMER", "meterClass": "C", "schemeName": null, "zone": "012 83", "route": "KIAIHURU DMA", "dma": "N/A", "location": "at the entrance", "parcelNo": null, "meterSize": "0.5", "remarks": null, "userId": null, "latitude": -0.3736871, "longitude": 37.0834728 }, "geometry": { "type": "Point", "coordinates": [ 37.0834728, -0.3736871 ] } },
{ "type": "Feature", "properties": { "id": "cbef0ed6-a059-4002-a172-a41d4425ade7", "accountNo": "09401", "name": "A.I.P.C.A CHURCH KABIRUINI", "phone": "254700359345", "meterNo": "24014710", "accountStatus": "ACTIVE", "accountType": "Domestic", "institution": null, "meterStatus": "UNMETERED", "brand": "YUONSO", "material": "Plastic", "meterClass": "B", "schemeName": "Rural", "zone": "013 84", "route": "082 KABIRUINI", "dma": "N/A", "location": "AIPCEA KABIRUINI CHURCH GROUND ", "parcelNo": null, "meterSize": "0.5", "remarks": null, "userId": null, "latitude": -0.39618, "longitude": 37.09118 }, "geometry": { "type": "Point", "coordinates": [ 37.09118, -0.39618 ] } },
{ "type": "Feature", "properties": { "id": "fe1822c2-2067-42b5-acf5-c0643e562107", "accountNo": "00464", "name": "PETER ITHONDEKIA", "phone": "254720801689", "meterNo": "1500209617", "accountStatus": "ACTIVE", "accountType": "Domestic", "institution": null, "meterStatus": "METERED", "brand": "YUONSO", "material": "Plastic", "meterClass": "C", "schemeName": "Rural", "zone": "013 84", "route": "07- MARIA SECOND LANE", "dma": "N/A", "location": "In the farm", "parcelNo": null, "meterSize": "0.5", "remarks": null, "userId": null, "latitude": -0.3960472, "longitude": 37.0821131 }, "geometry": { "type": "Point", "coordinates": [ 37.0821131, -0.3960472 ] } },
{ "type": "Feature", "properties": { "id": "f5c0e458-6a28-460b-9b16-c397c8fbc617", "accountNo": "00479", "name": "P.C.E.A.  KABIRUINI  CHURCH", "phone": "254724321118", "meterNo": "1500801317", "accountStatus": "ACTIVE", "accountType": "Domestic", "institution": null, "meterStatus": "METERED", "brand": "YUONSO", "material": "Plastic", "meterClass": "B", "schemeName": "Rural", "zone": "013 84", "route": "082 KABIRUINI", "dma": "N/A", "location": "kabiruini", "parcelNo": "3", "meterSize": "0.5", "remarks": "OK", "userId": null, "latitude": -0.3942241, "longitude": 37.0897927 }, "geometry": { "type": "Point", "coordinates": [ 37.0897927, -0.3942241 ] } },
{ "type": "Feature", "properties": { "id": "f5c0e458-6a28-460b-9b16-c397c8fbb932", "accountNo": "09384", "name": "JAMES  MUGI GICHURU", "phone": "254711182691", "meterNo": "150900123", "accountStatus": "ACTIVE", "accountType": "Domestic", "institution": null, "meterStatus": "METERED", "brand": "younso", "material": "plastic", "meterClass": "B", "schemeName": "Rural", "zone": "013 84", "route": "012 83-KANGOGORO DMA", "dma": "Kangongoro", "location": null, "parcelNo": "0", "meterSize": "0.5", "remarks": null, "userId": null, "latitude": -0.3900023, "longitude": 37.1025765 }, "geometry": { "type": "Point", "coordinates": [ 37.1025765, -0.3900023 ] } },
{ "type": "Feature", "properties": { "id": "19758df7-0008-4228-ba4e-7bcc6c9e0008", "accountNo": "27492", "name": "MARY WANJIKU MURIUKI", "phone": "254708088572", "meterNo": "23178786", "accountStatus": "ACTIVE", "accountType": "Domestic", "institution": "ACTIVE", "meterStatus": "METERED", "brand": "YUONSO", "material": "PLASTIC", "meterClass": "B", "schemeName": null, "zone": "013 84", "route": "082 KABIRUINI", "dma": "N/A", "location": "150 m Joe Muhoro plot third plot on your right ", "parcelNo": "3016", "meterSize": "0.5", "remarks": "Installed ", "userId": null, "latitude": -0.3936, "longitude": 37.0815133 }, "geometry": { "type": "Point", "coordinates": [ 37.0815133, -0.3936 ] } },
{ "type": "Feature", "properties": { "id": "09dcca15-c760-456d-9713-1ca57590b0a1", "accountNo": "27497", "name": "JOHN MURIITHI MURAGE", "phone": "254722320156", "meterNo": "23 178732", "accountStatus": "ACTIVE", "accountType": "Domestic", "institution": "SMALL", "meterStatus": "METERED", "brand": "YUONSO", "material": "PLASTIC", "meterClass": "B", "schemeName": "Rural", "zone": "013 84", "route": "082 KABIRUINI", "dma": "N/A", "location": "200 mtrs from junction to kabiruini towards ngorano", "parcelNo": "RUGURU/405", "meterSize": "0.5", "remarks": "connected", "userId": null, "latitude": -0.3961617, "longitude": 37.0840015 }, "geometry": { "type": "Point", "coordinates": [ 37.0840015, -0.3961617 ] } },
{ "type": "Feature", "properties": { "id": "528339dd-aeaa-4033-b102-9668d607ecc3", "accountNo": "27508", "name": "HELLEN WARIGIA MARUNGO", "phone": "254792572712", "meterNo": "24016603", "accountStatus": "ACTIVE", "accountType": "Domestic", "institution": null, "meterStatus": "METERED", "brand": null, "material": null, "meterClass": null, "schemeName": null, "zone": "013 84", "route": "089 NJATHEINI", "dma": "N/A", "location": null, "parcelNo": "456", "meterSize": "0.5", "remarks": null, "userId": null, "latitude": -0.393925, "longitude": 37.10243 }, "geometry": { "type": "Point", "coordinates": [ 37.10243, -0.393925 ] } },
{ "type": "Feature", "properties": { "id": "f0cf9a87-db34-462d-a8ab-4a865dc318c6", "accountNo": "27515", "name": "FRANCIS NGATIA GICHURU", "phone": "254701044583", "meterNo": "24 014144", "accountStatus": "SEALED", "accountType": "Domestic", "institution": null, "meterStatus": "UNMETERED", "brand": "YUONSO", "material": "Plastic", "meterClass": "B", "schemeName": null, "zone": "012 83", "route": "105 GITHIRINGO", "dma": "N/A", "location": null, "parcelNo": "RUGURU  816", "meterSize": "0.5", "remarks": null, "userId": null, "latitude": -0.3720733, "longitude": 37.10899 }, "geometry": { "type": "Point", "coordinates": [ 37.10899, -0.3720733 ] } },
{ "type": "Feature", "properties": { "id": "c924170e-032a-4bf4-8088-4dbc84c87809", "accountNo": "27521", "name": "TABITHA WANJIRA MUTHEE", "phone": "254702767456", "meterNo": "24 015949", "accountStatus": "ACTIVE", "accountType": "Domestic", "institution": null, "meterStatus": "METERED", "brand": "YUONSO", "material": "Plastic", "meterClass": "B", "schemeName": "Rural", "zone": "012 83", "route": "076 KIAMARIGA", "dma": "N/A", "location": "kiamariga village", "parcelNo": "1033", "meterSize": "0.5", "remarks": "installed", "userId": null, "latitude": -0.3862361, "longitude": 37.0824701 }, "geometry": { "type": "Point", "coordinates": [ 37.0824701, -0.3862361 ] } },
{ "type": "Feature", "properties": { "id": "c13724a6-dba8-40a5-b2c1-c3510447d0a1", "accountNo": "27539", "name": "MARGARET WANJUKU NGATIA", "phone": "254718309256", "meterNo": "24014806", "accountStatus": "SEALED", "accountType": "Domestic", "institution": null, "meterStatus": "METERED", "brand": "YUONSO", "material": "Plastic", "meterClass": "B", "schemeName": "Rural", "zone": "012 83", "route": "013- KIAMARIGA TOWN (Upper Side)", "dma": "N/A", "location": "near the gate", "parcelNo": "KIAMARIGA/141", "meterSize": "0.5", "remarks": "new connection", "userId": null, "latitude": -0.3872083, "longitude": 37.0738467 }, "geometry": { "type": "Point", "coordinates": [ 37.0738467, -0.3872083 ] } },
{ "type": "Feature", "properties": { "id": "1394c1b4-0a04-4f00-8609-59b89876b0bc", "accountNo": "27543", "name": "ANTONY WACHIRA KAMANJA", "phone": "254710833463", "meterNo": "24016680", "accountStatus": "ACTIVE", "accountType": null, "institution": null, "meterStatus": "METERED", "brand": null, "material": null, "meterClass": null, "schemeName": null, "zone": "013 84", "route": "012 83-KANGOGORO DMA", "dma": "Kangongoro", "location": null, "parcelNo": "RUGRU/KABIRUINI/1891", "meterSize": "0.5", "remarks": null, "userId": null, "latitude": -0.39152, "longitude": 37.098005 }, "geometry": { "type": "Point", "coordinates": [ 37.098005, -0.39152 ] } },
{ "type": "Feature", "properties": { "id": "6edcc8d7-d4b7-40d6-bd02-830981748778", "accountNo": "27547", "name": "EPHRAIM MAINA NJOROGE", "phone": "254716560557", "meterNo": "24015459", "accountStatus": "SEALED", "accountType": "Domestic", "institution": null, "meterStatus": "METERED", "brand": "YUONSO", "material": "Plastic", "meterClass": "B", "schemeName": "Rural", "zone": "013 84", "route": "187 MUTIINI", "dma": "N/A", "location": "near the gate", "parcelNo": null, "meterSize": "0.5", "remarks": "mapped", "userId": null, "latitude": -0.407015, "longitude": 37.0833983 }, "geometry": { "type": "Point", "coordinates": [ 37.0833983, -0.407015 ] } },
{ "type": "Feature", "properties": { "id": "676d213b-0574-4507-be08-bca3bded23cc", "accountNo": "27645", "name": "ROBERT WAMBURI MURIUKI", "phone": "254716316681", "meterNo": "24041349", "accountStatus": "ACTIVE", "accountType": "Domestic", "institution": null, "meterStatus": "METERED", "brand": "YUONSO", "material": "Plastic", "meterClass": "C", "schemeName": "Rural", "zone": "012 83", "route": "076 KIAMARIGA", "dma": "N/A", "location": "Opposite Factory lane junction from Kagati", "parcelNo": "1157", "meterSize": "0.5", "remarks": "Installed ", "userId": null, "latitude": -0.39027, "longitude": 37.0720967 }, "geometry": { "type": "Point", "coordinates": [ 37.0720967, -0.39027 ] } },
{ "type": "Feature", "properties": { "id": "cc5c7fb7-43cf-4613-a946-eca4285a8082", "accountNo": "27654", "name": "JAMES MURIITHI WANGU", "phone": "254715827320", "meterNo": "24014804", "accountStatus": "ACTIVE", "accountType": "Domestic", "institution": null, "meterStatus": "METERED", "brand": "YUONSO", "material": "Plastic", "meterClass": "C", "schemeName": "Rural", "zone": "012 83", "route": "076 KIAMARIGA", "dma": "Factory Line", "location": "Near Kagiris resident ", "parcelNo": "1033", "meterSize": "0.5", "remarks": "Installed ", "userId": null, "latitude": -0.385492, "longitude": 37.0833511 }, "geometry": { "type": "Point", "coordinates": [ 37.0833511, -0.385492 ] } },
{ "type": "Feature", "properties": { "id": "05479665-56af-44d8-a330-afe1785cd1fe", "accountNo": "08235", "name": "NGATIA  IKUA", "phone": "254721645465", "meterNo": "160400186", "accountStatus": "SEALED", "accountType": "Domestic", "institution": "N/A", "meterStatus": "METERED", "brand": "YUONSO", "material": "PLASTIC", "meterClass": "B", "schemeName": "Rural", "zone": "012 83", "route": "013- BELOW HEALTH CENTRE", "dma": "N/A", "location": "along Kagati road ", "parcelNo": null, "meterSize": "0.5", "remarks": null, "userId": null, "latitude": -0.385771667, "longitude": 37.07702 }, "geometry": { "type": "Point", "coordinates": [ 37.07702, -0.385771666666667 ] } },
{ "type": "Feature", "properties": { "id": "f5c0e458-6a28-460b-9b16-c397c6fbc294", "accountNo": "00092", "name": "GERALD  NDIRITU-commercial plot", "phone": "254723680193", "meterNo": "9033021", "accountStatus": "SEALED", "accountType": "Domestic", "institution": null, "meterStatus": "METERED", "brand": "younso", "material": "plastic", "meterClass": "b", "schemeName": "Rural", "zone": "012 83", "route": "012 83-KIAMARIGA LOWER DMA", "dma": "N/A", "location": "inside the plot", "parcelNo": null, "meterSize": "0.5", "remarks": "OK", "userId": null, "latitude": -0.3854283, "longitude": 37.0839192 }, "geometry": { "type": "Point", "coordinates": [ 37.0839192, -0.3854283 ] } },
{ "type": "Feature", "properties": { "id": "5995a788-7c95-4699-9ef5-5b696be1b2b2", "accountNo": "07017", "name": "JOSPHAT K. NDUHU", "phone": "254724992650", "meterNo": "1307017", "accountStatus": "SEALED", "accountType": "Domestic", "institution": null, "meterStatus": "METERED", "brand": "YUONSO", "material": "PLASTIC", "meterClass": "B", "schemeName": null, "zone": "012 83", "route": "012 83-KIAMARIGA LOWER DMA", "dma": "Kiamariga Lower", "location": null, "parcelNo": null, "meterSize": "0.5", "remarks": null, "userId": null, "latitude": -0.3866272, "longitude": 37.0824198 }, "geometry": { "type": "Point", "coordinates": [ 37.0824198, -0.3866272 ] } },
{ "type": "Feature", "properties": { "id": "f5c0e458-6a28-460b-9b16-c397c1fbc077", "accountNo": "08401", "name": "MARION MUTUNDU", "phone": "254723221837", "meterNo": "17013781", "accountStatus": "DORMANT", "accountType": "Institutional", "institution": null, "meterStatus": "METERED", "brand": "YUONSO", "material": "Plastic", "meterClass": "B", "schemeName": "Rural", "zone": "012 83", "route": "131 RANGI", "dma": "N/A", "location": null, "parcelNo": "0", "meterSize": "0.5", "remarks": null, "userId": null, "latitude": -0.3759329, "longitude": 37.094742 }, "geometry": { "type": "Point", "coordinates": [ 37.094742, -0.3759329 ] } },
{ "type": "Feature", "properties": { "id": "f5c0e458-6a28-460b-9b16-c397c1fbc128", "accountNo": "00074", "name": "MAINA GICHUKI", "phone": "254724472531", "meterNo": "21068010", "accountStatus": "DORMANT", "accountType": "Domestic", "institution": null, "meterStatus": "METERED", "brand": "Yuonso", "material": null, "meterClass": null, "schemeName": "Rural", "zone": "012 83", "route": "KIAIHURU DMA", "dma": "N/A", "location": null, "parcelNo": "0", "meterSize": "0.5", "remarks": null, "userId": null, "latitude": -0.3685305, "longitude": 37.095078 }, "geometry": { "type": "Point", "coordinates": [ 37.095078, -0.3685305 ] } },
{ "type": "Feature", "properties": { "id": "f2ef0439-9707-45cb-ade5-d5c7f381227c", "accountNo": "00119", "name": "KAHOI  MURIITHI", "phone": "254724409996", "meterNo": "15035018", "accountStatus": "SEALED", "accountType": "Domestic", "institution": "N/A", "meterStatus": "METERED", "brand": "YUONSO", "material": "PLASTIC", "meterClass": "B", "schemeName": "Rural", "zone": "012 83", "route": "074 NYANA", "dma": "N/A", "location": "along nyana road ", "parcelNo": null, "meterSize": "0.5", "remarks": null, "userId": null, "latitude": -0.3725442, "longitude": 37.0995779 }, "geometry": { "type": "Point", "coordinates": [ 37.0995779, -0.3725442 ] } },
{ "type": "Feature", "properties": { "id": "57d865f7-5d5b-4cad-99a5-39dd308cfb9a", "accountNo": "08352", "name": "STEPHEN MIANO", "phone": "254722378001", "meterNo": "15900385", "accountStatus": "SEALED", "accountType": "Domestic", "institution": null, "meterStatus": "METERED", "brand": "YUONSO", "material": "PLASTIC", "meterClass": "B", "schemeName": null, "zone": "012 83", "route": "078 GITHAMBIRO", "dma": "Factory Line", "location": null, "parcelNo": null, "meterSize": "0.5", "remarks": null, "userId": null, "latitude": -0.3751141, "longitude": 37.0918486 }, "geometry": { "type": "Point", "coordinates": [ 37.0918486, -0.3751141 ] } },
{ "type": "Feature", "properties": { "id": "9a61a15c-a3f4-4e21-83b1-7691e962ea0f", "accountNo": "00142", "name": "HARON  MWANGI", "phone": "254720529629", "meterNo": "20140084", "accountStatus": "SEALED", "accountType": "Domestic", "institution": null, "meterStatus": "METERED", "brand": "YUONSO", "material": "PLASTIC", "meterClass": "B", "schemeName": null, "zone": "012 83", "route": "078 GITHAMBIRO", "dma": "N/A", "location": null, "parcelNo": "0", "meterSize": "0.8", "remarks": null, "userId": null, "latitude": -0.3796631, "longitude": 37.0891525 }, "geometry": { "type": "Point", "coordinates": [ 37.089110957381727, -0.37959751946374 ] } },
{ "type": "Feature", "properties": { "id": "002ef758-edf0-42dc-bd4e-aad3d5d0c2cb", "accountNo": "00143", "name": "MUNYIRI RUIRU", "phone": "254725582900", "meterNo": "16031474", "accountStatus": "SEALED", "accountType": "Institutional", "institution": null, "meterStatus": "METERED", "brand": "YUONSO", "material": "PLASTIC", "meterClass": "B", "schemeName": null, "zone": "012 83", "route": "075 KIANJAU", "dma": "N/A", "location": null, "parcelNo": null, "meterSize": "0.5", "remarks": null, "userId": null, "latitude": -0.3854851, "longitude": 37.0986631 }, "geometry": { "type": "Point", "coordinates": [ 37.0986631, -0.3854851 ] } },
{ "type": "Feature", "properties": { "id": "9541a01d-c580-49d0-85c8-8cee2723c453", "accountNo": "00167", "name": "WAIRIMU WANJAMA", "phone": "254799563808", "meterNo": "1501338517", "accountStatus": "CUT-OFF", "accountType": "Domestic", "institution": null, "meterStatus": "METERED", "brand": "YUONSO", "material": "PLASTIC", "meterClass": "B", "schemeName": null, "zone": "012 83", "route": "075 KIANJAU", "dma": "N/A", "location": null, "parcelNo": null, "meterSize": "0.5", "remarks": null, "userId": null, "latitude": -0.3846483, "longitude": 37.0995133 }, "geometry": { "type": "Point", "coordinates": [ 37.0995133, -0.3846483 ] } },
{ "type": "Feature", "properties": { "id": "3fd5d6ca-a0f9-4bee-8f13-e4387c7ae9d5", "accountNo": "00146", "name": "ROBERT MAINA", "phone": "254728459730", "meterNo": "21110065", "accountStatus": "SEALED", "accountType": "Domestic", "institution": null, "meterStatus": "METERED", "brand": "YUONSO", "material": "PLASTIC", "meterClass": "B", "schemeName": null, "zone": "012 83", "route": "074 NYANA", "dma": "N/A", "location": "along rangi road ", "parcelNo": "0", "meterSize": "0.5", "remarks": null, "userId": null, "latitude": -0.3785613, "longitude": 37.0983487 }, "geometry": { "type": "Point", "coordinates": [ 37.0983487, -0.3785613 ] } },
{ "type": "Feature", "properties": { "id": "57daf9a5-76b5-44f4-b525-cdd61fdf25d2", "accountNo": "00148", "name": "NJEGE KIMENYI", "phone": "254718237766", "meterNo": "15021618", "accountStatus": "SEALED", "accountType": "Domestic", "institution": null, "meterStatus": "METERED", "brand": "YUONSO", "material": "PLASTIC", "meterClass": "B", "schemeName": null, "zone": "012 83", "route": "074 NYANA", "dma": "N/A", "location": "along rangi road ", "parcelNo": "0", "meterSize": "0.5", "remarks": null, "userId": null, "latitude": -0.3800718, "longitude": 37.0993133 }, "geometry": { "type": "Point", "coordinates": [ 37.0993133, -0.3800718 ] } },
{ "type": "Feature", "properties": { "id": "6357be7a-2903-4967-a194-1e98da03c623", "accountNo": "27747", "name": "PATRICK NDEGWA NGATIA", "phone": "254726742769", "meterNo": "23179506", "accountStatus": "ACTIVE", "accountType": "Domestic", "institution": null, "meterStatus": "METERED", "brand": "YUONSO", "material": "Plastic", "meterClass": "C", "schemeName": null, "zone": "012 83", "route": "KIAIHURU DMA", "dma": "N/A", "location": null, "parcelNo": null, "meterSize": "0.5", "remarks": null, "userId": null, "latitude": -0.3730633, "longitude": 37.1046517 }, "geometry": { "type": "Point", "coordinates": [ 37.1046517, -0.3730633 ] } },
{ "type": "Feature", "properties": { "id": "e2266464-ed2e-423d-9744-eaf660bd2b17", "accountNo": "27748", "name": "BEATRICE WANINI MURAGURI", "phone": "254711642985", "meterNo": "24014513", "accountStatus": "ACTIVE", "accountType": "Domestic", "institution": null, "meterStatus": "METERED", "brand": "YUONSO", "material": "Plastic", "meterClass": "C", "schemeName": "Rural", "zone": "013 84", "route": "086 RUGURU", "dma": "N/A", "location": "Near Mioro tea buying center ", "parcelNo": "440", "meterSize": "0.5", "remarks": "Installed ", "userId": null, "latitude": -0.3946717, "longitude": 37.109235 }, "geometry": { "type": "Point", "coordinates": [ 37.109235, -0.3946717 ] } },
{ "type": "Feature", "properties": { "id": "592bf2a8-9e8d-4992-9693-32e73617bb98", "accountNo": "08404", "name": "JOSEPH  MUCHEMI  NJOROGE", "phone": "254700520773", "meterNo": "15035019", "accountStatus": "SEALED", "accountType": "Domestic", "institution": null, "meterStatus": "METERED", "brand": "YUONSO", "material": "PLASTIC", "meterClass": "B", "schemeName": null, "zone": "012 83", "route": "131 RANGI", "dma": "N/A", "location": "past Dunjos Academy, green wooden gate ", "parcelNo": null, "meterSize": "0.5", "remarks": null, "userId": null, "latitude": -0.3825282, "longitude": 37.0909279 }, "geometry": { "type": "Point", "coordinates": [ 37.0909279, -0.3825282 ] } },
{ "type": "Feature", "properties": { "id": "6db8084f-54f8-4cb3-851c-83f2c5dbfeb8", "accountNo": "08411", "name": "WAMAI  KIHIA", "phone": "254729050935", "meterNo": "18077673", "accountStatus": "SEALED", "accountType": "Domestic", "institution": null, "meterStatus": "METERED", "brand": "YUONSO", "material": "PLASTIC", "meterClass": "B", "schemeName": null, "zone": "012 83", "route": "075 KIANJAU", "dma": "N/A", "location": null, "parcelNo": "0", "meterSize": "0.5", "remarks": null, "userId": null, "latitude": -0.3876304, "longitude": 37.0938369 }, "geometry": { "type": "Point", "coordinates": [ 37.0938369, -0.3876304 ] } },
{ "type": "Feature", "properties": { "id": "3f65b375-5de0-4b86-8610-bf46dfa8f857", "accountNo": "00180", "name": "JAMES NDIRANGU NGANGA", "phone": "254722907260", "meterNo": "1500728617", "accountStatus": "SEALED", "accountType": "Domestic", "institution": "N/A", "meterStatus": "METERED", "brand": "YUONSO", "material": "PLASTIC", "meterClass": "B", "schemeName": "Rural", "zone": "012 83", "route": "KIAIHURU DMA", "dma": "N/A", "location": "along nyana road ", "parcelNo": "683", "meterSize": "0.5", "remarks": null, "userId": null, "latitude": -0.3733833, "longitude": 37.1033117 }, "geometry": { "type": "Point", "coordinates": [ 37.1033117, -0.3733833 ] } },
{ "type": "Feature", "properties": { "id": "f5c0e458-6a28-460b-9b16-c397c3fbc081", "accountNo": "00222", "name": "ESTHER WANJUGU MACHARIA", "phone": "254720215856", "meterNo": "23036587", "accountStatus": "SEALED", "accountType": "Domestic", "institution": null, "meterStatus": "METERED", "brand": "YUONSO", "material": "Plastic", "meterClass": "C", "schemeName": "Rural", "zone": "012 83", "route": "075 KIANJAU", "dma": "N/A", "location": "near kianjau primary school ", "parcelNo": "0", "meterSize": "0.5", "remarks": "connected ", "userId": null, "latitude": -0.3816904, "longitude": 37.1000259 }, "geometry": { "type": "Point", "coordinates": [ 37.1000259, -0.3816904 ] } },
{ "type": "Feature", "properties": { "id": "c71b9810-4abf-46fe-a993-aef28cbbb21c", "accountNo": "00247", "name": "JAMES MACHARIA NJOROGE", "phone": "254713912750", "meterNo": "1501370117", "accountStatus": "ACTIVE", "accountType": "Domestic", "institution": "N/A", "meterStatus": "METERED", "brand": "YUONSO", "material": "PLASTIC", "meterClass": "B", "schemeName": "Rural", "zone": "012 83", "route": "074 NYANA", "dma": "N/A", "location": "along nyana road ", "parcelNo": "0", "meterSize": "0.5", "remarks": null, "userId": null, "latitude": -0.372426, "longitude": 37.0970861 }, "geometry": { "type": "Point", "coordinates": [ 37.0970861, -0.372426 ] } },
{ "type": "Feature", "properties": { "id": "73688dd2-6899-4418-acec-aee78d3af9fc", "accountNo": "00258", "name": "STEPHEN  MACHARIA  MWARARI", "phone": "254729225391", "meterNo": "15002894", "accountStatus": "SEALED", "accountType": "Domestic", "institution": null, "meterStatus": "METERED", "brand": "YUONSO", "material": "PLASTIC", "meterClass": "B", "schemeName": null, "zone": "012 83", "route": "KIAIHURU DMA", "dma": "N/A", "location": null, "parcelNo": null, "meterSize": "0.5", "remarks": null, "userId": null, "latitude": -0.3673426, "longitude": 37.0980252 }, "geometry": { "type": "Point", "coordinates": [ 37.0980252, -0.3673426 ] } },
{ "type": "Feature", "properties": { "id": "f5c0e458-6a28-460b-9b16-c397c4fbc258", "accountNo": "00268", "name": "PATRICK MWANGI KAIRU", "phone": "254712016707", "meterNo": "21069126", "accountStatus": "SEALED", "accountType": "Domestic", "institution": null, "meterStatus": "METERED", "brand": "Yuonso", "material": null, "meterClass": null, "schemeName": "Rural", "zone": "012 83", "route": "KIAIHURU DMA", "dma": "N/A", "location": null, "parcelNo": "37", "meterSize": "0.5", "remarks": null, "userId": null, "latitude": -0.37073633, "longitude": 37.090446 }, "geometry": { "type": "Point", "coordinates": [ 37.090446, -0.37073633 ] } },
{ "type": "Feature", "properties": { "id": "0bb9f656-9b27-4d9c-8e00-0539714c264a", "accountNo": "00284", "name": "EPHRAIM WARUTERE MWANGI", "phone": "254799563662", "meterNo": "17012415", "accountStatus": "SEALED", "accountType": "Domestic", "institution": "N/A", "meterStatus": "METERED", "brand": "YUONSO", "material": "PLASTIC", "meterClass": "B", "schemeName": "Rural", "zone": "012 83", "route": "074 NYANA", "dma": "N/A", "location": "along nyana road ", "parcelNo": null, "meterSize": "0.5", "remarks": null, "userId": null, "latitude": -0.3724279, "longitude": 37.0979155 }, "geometry": { "type": "Point", "coordinates": [ 37.0979155, -0.3724279 ] } },
{ "type": "Feature", "properties": { "id": "1e1e9cc7-4c70-4fc6-8f0f-8c5db45c0bc9", "accountNo": "00316", "name": "MARY WANJUGU GATURUKU", "phone": "254720265282", "meterNo": "9015941", "accountStatus": "SEALED", "accountType": "Domestic", "institution": null, "meterStatus": "METERED", "brand": "YUONSO", "material": "Plastic", "meterClass": "C", "schemeName": "Rural", "zone": "012 83", "route": "074 NYANA", "dma": "N/A", "location": "in the farm ", "parcelNo": null, "meterSize": "0.5", "remarks": null, "userId": null, "latitude": -0.3726891, "longitude": 37.0996662 }, "geometry": { "type": "Point", "coordinates": [ 37.0996662, -0.3726891 ] } },
{ "type": "Feature", "properties": { "id": "fe031502-e41b-4ef7-a0fe-676c3f4b2d4d", "accountNo": "00334", "name": "SIMON KARUMBA", "phone": "254724009062", "meterNo": "150900105", "accountStatus": "CUT-OFF", "accountType": "Domestic", "institution": "N/A", "meterStatus": "METERED", "brand": "YUONSO", "material": "PLASTIC", "meterClass": "B", "schemeName": "Rural", "zone": "012 83", "route": "183 GICHORU", "dma": "N/A", "location": "along Gichoru road ", "parcelNo": "1", "meterSize": "0.5", "remarks": null, "userId": null, "latitude": -0.3835818, "longitude": 37.1034314 }, "geometry": { "type": "Point", "coordinates": [ 37.1034314, -0.3835818 ] } },
{ "type": "Feature", "properties": { "id": "f5c0e458-6a28-460b-9b16-c397c6fbc495", "accountNo": "00370", "name": "CATHERINE WANJERA GICHUIRE", "phone": "254720261627", "meterNo": null, "accountStatus": "DORMANT", "accountType": "Domestic", "institution": null, "meterStatus": "UNMETERED", "brand": "YUONSO", "material": "Polymer", "meterClass": "A", "schemeName": "Rural", "zone": "012 83", "route": "131 RANGI", "dma": "N/A", "location": null, "parcelNo": null, "meterSize": "0.5", "remarks": "dormant", "userId": null, "latitude": -0.3862955, "longitude": 37.0890217 }, "geometry": { "type": "Point", "coordinates": [ 37.0890217, -0.3862955 ] } },
{ "type": "Feature", "properties": { "id": "3501b0f6-2db0-4f42-97d0-f7208e9b287b", "accountNo": "00397", "name": "CHARLES MAINA MATHENGE", "phone": "254724201770", "meterNo": "1500848317", "accountStatus": "SEALED", "accountType": "Domestic", "institution": null, "meterStatus": "METERED", "brand": "YUONSO", "material": "PLASTIC", "meterClass": "B", "schemeName": null, "zone": "012 83", "route": "012 83-KIAMARIGA LOWER DMA", "dma": "Kiamariga Lower", "location": null, "parcelNo": "51", "meterSize": "0.5", "remarks": null, "userId": null, "latitude": -0.385933, "longitude": 37.0818688 }, "geometry": { "type": "Point", "coordinates": [ 37.0818688, -0.385933 ] } },
{ "type": "Feature", "properties": { "id": "78e4a9bf-4874-4dde-9ee9-4e50facd82ea", "accountNo": "27754", "name": "SAMUEL MACHARIA MWANGI", "phone": "254711157689", "meterNo": "23177372", "accountStatus": "ACTIVE", "accountType": "Domestic", "institution": null, "meterStatus": "METERED", "brand": "YUONSO", "material": "Plastic", "meterClass": "C", "schemeName": "Rural", "zone": "012 83", "route": "076 KIAMARIGA", "dma": "N/A", "location": "next to council cess station", "parcelNo": "23", "meterSize": "0.5", "remarks": "Installed ", "userId": null, "latitude": -0.3839417, "longitude": 37.08346 }, "geometry": { "type": "Point", "coordinates": [ 37.08346, -0.3839417 ] } },
{ "type": "Feature", "properties": { "id": "f5c0e458-6a28-460b-9b16-c397c4fbc259", "accountNo": "00399", "name": "CECILIA WANGU MAINA", "phone": "254727399711", "meterNo": "17083730", "accountStatus": "SEALED", "accountType": "Domestic", "institution": null, "meterStatus": "METERED", "brand": "younso", "material": "plastic", "meterClass": "b", "schemeName": "Rural", "zone": "012 83", "route": "012 83-KIAMARIGA LOWER DMA", "dma": "N/A", "location": "behind the plot", "parcelNo": "99", "meterSize": "0.5", "remarks": "OK", "userId": null, "latitude": -0.3851752, "longitude": 37.0836768 }, "geometry": { "type": "Point", "coordinates": [ 37.0836768, -0.3851752 ] } },
{ "type": "Feature", "properties": { "id": "aac64c01-b22a-410c-8a50-373c44707df9", "accountNo": "00211", "name": "JAMES NJOGU MAINA", "phone": "254722918353", "meterNo": "19069951", "accountStatus": "ACTIVE", "accountType": "Domestic", "institution": "N/A", "meterStatus": "METERED", "brand": "YUONSO", "material": "PLASTIC", "meterClass": "B", "schemeName": "Rural", "zone": "012 83", "route": "074 NYANA", "dma": "N/A", "location": "along nyana road ", "parcelNo": "0", "meterSize": "0.5", "remarks": null, "userId": null, "latitude": -0.3743408, "longitude": 37.0992936 }, "geometry": { "type": "Point", "coordinates": [ 37.0992936, -0.3743408 ] } },
{ "type": "Feature", "properties": { "id": "0c7664e3-983e-4d40-8c59-58d671896da0", "accountNo": "00405", "name": "SIMON KIRUNYU GITHAIGA", "phone": "254723316249", "meterNo": "21068009", "accountStatus": "SEALED", "accountType": "Domestic", "institution": "N/A", "meterStatus": "METERED", "brand": "YUONSO", "material": "PLASTIC", "meterClass": "B", "schemeName": "Rural", "zone": "012 83", "route": "074 NYANA", "dma": "N/A", "location": "along nyana road ", "parcelNo": "708", "meterSize": "0.5", "remarks": null, "userId": null, "latitude": -0.3769559, "longitude": 37.0997741 }, "geometry": { "type": "Point", "coordinates": [ 37.0997741, -0.3769559 ] } },
{ "type": "Feature", "properties": { "id": "97f13483-ce93-4aba-9fe6-678827a45b37", "accountNo": "00407", "name": "ISAAC MAINA MURIUKI", "phone": "254729784624", "meterNo": "19013190", "accountStatus": "ACTIVE", "accountType": "Domestic", "institution": "N/A", "meterStatus": "METERED", "brand": "YUONSO", "material": "PLASTIC", "meterClass": "B", "schemeName": "Rural", "zone": "012 83", "route": "KIAIHURU DMA", "dma": "N/A", "location": "along Lela road ", "parcelNo": null, "meterSize": "0.5", "remarks": null, "userId": null, "latitude": -0.3731283, "longitude": 37.0897404 }, "geometry": { "type": "Point", "coordinates": [ 37.0897404, -0.3731283 ] } },
{ "type": "Feature", "properties": { "id": "cbdab217-73b6-4609-b1c9-55dd49673ec5", "accountNo": "00420", "name": "SAMUEL MBURU KAROBIA", "phone": "254722797098", "meterNo": "21110343", "accountStatus": "SEALED", "accountType": "Domestic", "institution": "N/A", "meterStatus": "METERED", "brand": "YUONSO", "material": "PLASTIC", "meterClass": "B", "schemeName": "Rural", "zone": "012 83", "route": "075 KIANJAU", "dma": "N/A", "location": "along Gichoru road ", "parcelNo": "1353", "meterSize": "0.5", "remarks": null, "userId": null, "latitude": -0.3823643, "longitude": 37.1036329 }, "geometry": { "type": "Point", "coordinates": [ 37.1036329, -0.3823643 ] } },
{ "type": "Feature", "properties": { "id": "a7b6a19f-d707-4707-9d47-10bddc374a6b", "accountNo": "00426", "name": "ELIUD MAINA WAHOME", "phone": "254721976933", "meterNo": "19096520", "accountStatus": "CUT-OFF", "accountType": "Domestic", "institution": null, "meterStatus": "METERED", "brand": "YUONSO", "material": "PLASTIC", "meterClass": "B", "schemeName": null, "zone": "012 83", "route": "075 KIANJAU", "dma": "N/A", "location": null, "parcelNo": "918", "meterSize": "0.5", "remarks": null, "userId": null, "latitude": -0.3857365, "longitude": 37.0929734 }, "geometry": { "type": "Point", "coordinates": [ 37.0929734, -0.3857365 ] } },
{ "type": "Feature", "properties": { "id": "446f6301-6ace-4f7f-b03c-9cc975b889b5", "accountNo": "00429", "name": "WASHINGTON MAINA GATHITHA", "phone": "254727215772", "meterNo": "14004241", "accountStatus": "SEALED", "accountType": "Domestic", "institution": "N/A", "meterStatus": "METERED", "brand": "YUONSO", "material": "PLASTIC", "meterClass": "B", "schemeName": "Rural", "zone": "012 83", "route": "074 NYANA", "dma": "N/A", "location": "along nyana road ", "parcelNo": "0", "meterSize": "0.5", "remarks": null, "userId": null, "latitude": -0.372845, "longitude": 37.0986733 }, "geometry": { "type": "Point", "coordinates": [ 37.0986733, -0.372845 ] } },
{ "type": "Feature", "properties": { "id": "f5c0e458-6a28-460b-9b16-c397c7fbc781", "accountNo": "00442", "name": "RICHARD MAINA  WAMUGUNDA", "phone": "254721106233", "meterNo": "21110881", "accountStatus": "SEALED", "accountType": "Domestic", "institution": null, "meterStatus": "METERED", "brand": "Yuonso", "material": null, "meterClass": null, "schemeName": "Rural", "zone": "013 84", "route": "082 KABIRUINI", "dma": "N/A", "location": null, "parcelNo": "0", "meterSize": "0.5", "remarks": null, "userId": null, "latitude": -0.39161217, "longitude": 37.091095 }, "geometry": { "type": "Point", "coordinates": [ 37.091095, -0.39161217 ] } },
{ "type": "Feature", "properties": { "id": "92af8fc3-caa8-4bc4-8863-37eb8f3d2666", "accountNo": "00473", "name": "ANTHONY MWANGI GIKUNJU", "phone": "254722938585", "meterNo": "17132342", "accountStatus": "ACTIVE", "accountType": "Domestic", "institution": null, "meterStatus": "METERED", "brand": "YUONSO", "material": "Plastic", "meterClass": "C", "schemeName": "Rural", "zone": "013 84", "route": "07- MARIA SECOND LANE", "dma": "N/A", "location": "Along the fence in the house compound", "parcelNo": null, "meterSize": "0.5", "remarks": null, "userId": null, "latitude": -0.4000583, "longitude": 37.0812817 }, "geometry": { "type": "Point", "coordinates": [ 37.0812817, -0.4000583 ] } },
{ "type": "Feature", "properties": { "id": "f5c0e458-6a28-460b-9b16-c397c3fbc547", "accountNo": "00447", "name": "BENSON  MUTHEE KARIO", "phone": "254721354639", "meterNo": "17013425", "accountStatus": "ACTIVE", "accountType": "Domestic", "institution": null, "meterStatus": "METERED", "brand": "yuonso", "material": "plastic", "meterClass": "b", "schemeName": "Rural", "zone": "013 84", "route": "082 KABIRUINI", "dma": "N/A", "location": "kabiruini along njathaini road", "parcelNo": "0", "meterSize": "0.5", "remarks": "OK", "userId": null, "latitude": -0.3929016, "longitude": 37.0900151 }, "geometry": { "type": "Point", "coordinates": [ 37.0900151, -0.3929016 ] } },
{ "type": "Feature", "properties": { "id": "df6ab149-43d5-4875-b899-7b879cf786f0", "accountNo": "00465", "name": "WILFRED M KAGOMO", "phone": "254729540750", "meterNo": "19096985", "accountStatus": "ACTIVE", "accountType": "Domestic", "institution": null, "meterStatus": "METERED", "brand": "YUONSO", "material": "Plastic", "meterClass": "C", "schemeName": "Rural", "zone": "013 84", "route": "082 KABIRUINI", "dma": "N/A", "location": "In the farm next to the fence", "parcelNo": null, "meterSize": "0.5", "remarks": null, "userId": null, "latitude": -0.4011985, "longitude": 37.0806106 }, "geometry": { "type": "Point", "coordinates": [ 37.0806106, -0.4011985 ] } },
{ "type": "Feature", "properties": { "id": "f5c0e458-6a28-460b-9b16-c397c5fbc098", "accountNo": "07911", "name": "STEPHEN MUIRI", "phone": "254714227645", "meterNo": "1501370717", "accountStatus": "SEALED", "accountType": "Domestic", "institution": null, "meterStatus": "METERED", "brand": "Aimei", "material": "Polymer", "meterClass": "C", "schemeName": "Rural", "zone": "013 84", "route": "07- MARIA SECOND LANE", "dma": "N/A", "location": "Inside", "parcelNo": "0", "meterSize": "0.5", "remarks": null, "userId": null, "latitude": -0.3985325, "longitude": 37.0768404 }, "geometry": { "type": "Point", "coordinates": [ 37.0768404, -0.3985325 ] } },
{ "type": "Feature", "properties": { "id": "a80a20a9-d31c-4d9f-af8d-c9f6e78eea0d", "accountNo": "00490", "name": "PETER M.  TURU", "phone": "254720764410", "meterNo": "160400263", "accountStatus": "SEALED", "accountType": "Domestic", "institution": null, "meterStatus": "METERED", "brand": "YUONSO", "material": "Plastic", "meterClass": "C", "schemeName": "Rural", "zone": "013 84", "route": "KANGOGORO DMA", "dma": "N/A", "location": "Along the fence", "parcelNo": null, "meterSize": "0.5", "remarks": null, "userId": null, "latitude": -0.3896833, "longitude": 37.1102333 }, "geometry": { "type": "Point", "coordinates": [ 37.1102333, -0.3896833 ] } },
{ "type": "Feature", "properties": { "id": "4a5e417c-3d4a-4d2d-a131-ad750f58eb5a", "accountNo": "00481", "name": "F. MWANGI KAMAU", "phone": "254729412847", "meterNo": "16030964", "accountStatus": "SEALED", "accountType": "Domestic", "institution": null, "meterStatus": "METERED", "brand": "YUONSO", "material": "Plastic", "meterClass": "C", "schemeName": "Rural", "zone": "013 84", "route": "012 83-KANGOGORO DMA", "dma": "Kangongoro", "location": "Along the road", "parcelNo": null, "meterSize": "0.5", "remarks": null, "userId": null, "latitude": -0.3901933, "longitude": 37.1026783 }, "geometry": { "type": "Point", "coordinates": [ 37.1026783, -0.3901933 ] } },
{ "type": "Feature", "properties": { "id": "f5c0e458-6a28-460b-9b16-c397c2fbc707", "accountNo": "09273", "name": "FREDRICK  MAINA  WARUI", "phone": "254728073363", "meterNo": "150900083", "accountStatus": "SEALED", "accountType": "Domestic", "institution": null, "meterStatus": "METERED", "brand": "Younio", "material": "Polymer", "meterClass": null, "schemeName": "Rural", "zone": "013 84", "route": "082 KABIRUINI", "dma": "N/A", "location": null, "parcelNo": null, "meterSize": "0.5", "remarks": null, "userId": null, "latitude": -0.3912055, "longitude": 37.091093 }, "geometry": { "type": "Point", "coordinates": [ 37.091093, -0.3912055 ] } },
{ "type": "Feature", "properties": { "id": "f5c0e458-6a28-460b-9b16-c397c9fbc061", "accountNo": "07595", "name": "MAINA KARANJA", "phone": "254700145705", "meterNo": "1500261517", "accountStatus": "ACTIVE", "accountType": "Domestic", "institution": null, "meterStatus": "METERED", "brand": "Aimei", "material": "Polymer", "meterClass": null, "schemeName": "Rural", "zone": "013 84", "route": "082 KABIRUINI", "dma": "N/A", "location": null, "parcelNo": "0", "meterSize": "0.5", "remarks": null, "userId": null, "latitude": -0.395798, "longitude": 37.0844005 }, "geometry": { "type": "Point", "coordinates": [ 37.0844005, -0.395798 ] } },
{ "type": "Feature", "properties": { "id": "f5c0e458-6a28-460b-9b16-c397c4fbc412", "accountNo": "00496", "name": "PETER NJOGU KAMAU", "phone": "254721529681", "meterNo": "1501098317", "accountStatus": "ACTIVE", "accountType": "Domestic", "institution": null, "meterStatus": "METERED", "brand": null, "material": null, "meterClass": null, "schemeName": "Rural", "zone": "013 84", "route": "012 83-KANGOGORO DMA", "dma": "Kangongoro", "location": null, "parcelNo": "0", "meterSize": "0.5", "remarks": null, "userId": null, "latitude": -0.3906134, "longitude": 37.1021155 }, "geometry": { "type": "Point", "coordinates": [ 37.1021155, -0.3906134 ] } },
{ "type": "Feature", "properties": { "id": "f5c0e458-6a28-460b-9b16-c397c1fbc085", "accountNo": "00509", "name": "DANIEL KIGONDU MAINA", "phone": "254714670037", "meterNo": "150214818", "accountStatus": "ACTIVE", "accountType": "Domestic", "institution": null, "meterStatus": "METERED", "brand": "Dunwells", "material": "Polymer", "meterClass": null, "schemeName": "Rural", "zone": "013 84", "route": "082 KABIRUINI", "dma": "N/A", "location": null, "parcelNo": "596", "meterSize": "0.5", "remarks": null, "userId": null, "latitude": -0.3933922, "longitude": 37.0875964 }, "geometry": { "type": "Point", "coordinates": [ 37.0875964, -0.3933922 ] } },
{ "type": "Feature", "properties": { "id": "59a93ea9-9c11-4e14-8a03-16d7e008c0f3", "accountNo": "00486", "name": "MUKABURU MWAI", "phone": "254727564966", "meterNo": "16034676", "accountStatus": "SEALED", "accountType": "Domestic", "institution": null, "meterStatus": "METERED", "brand": "YUONSO", "material": "Plastic", "meterClass": "C", "schemeName": "Rural", "zone": "013 84", "route": "012 83-KANGOGORO DMA", "dma": "Kangongoro", "location": "Near the house", "parcelNo": null, "meterSize": "0.5", "remarks": null, "userId": null, "latitude": -0.3893952, "longitude": 37.1029083 }, "geometry": { "type": "Point", "coordinates": [ 37.1029083, -0.3893952 ] } },
{ "type": "Feature", "properties": { "id": "f5c0e458-6a28-460b-9b16-c37c9fbc5854", "accountNo": "08007", "name": "JAMES MAINA MUIRI", "phone": "254713645037", "meterNo": "15035481", "accountStatus": "SEALED", "accountType": "Domestic", "institution": null, "meterStatus": "METERED", "brand": "Younio", "material": "Polymer", "meterClass": "C", "schemeName": "Rural", "zone": "013 84", "route": "07- MARIA SECOND LANE", "dma": "N/A", "location": "Inside", "parcelNo": "0", "meterSize": "0.5", "remarks": null, "userId": null, "latitude": -0.3988808, "longitude": 37.0766537 }, "geometry": { "type": "Point", "coordinates": [ 37.0766537, -0.3988808 ] } },
{ "type": "Feature", "properties": { "id": "78b9d460-eb47-41b6-8b1a-adfd7fecc21d", "accountNo": "09368", "name": "CLEMENT MAINA KAGWANJA", "phone": "254722476436", "meterNo": "1501112017", "accountStatus": "SEALED", "accountType": "Domestic", "institution": null, "meterStatus": "METERED", "brand": "YUONSO", "material": "Plastic", "meterClass": "C", "schemeName": "Rural", "zone": "013 84", "route": "082 KABIRUINI", "dma": "N/A", "location": "In the farm ", "parcelNo": null, "meterSize": "0.5", "remarks": null, "userId": null, "latitude": -0.3950317, "longitude": 37.08417 }, "geometry": { "type": "Point", "coordinates": [ 37.08417, -0.3950317 ] } },
{ "type": "Feature", "properties": { "id": "4e4a6ca2-6d9b-4227-afe1-5672d2c1acfd", "accountNo": "00511", "name": "PAUL MURIITHI RUICHIRIA", "phone": "254724461415", "meterNo": "190900093", "accountStatus": "SEALED", "accountType": "Domestic", "institution": null, "meterStatus": "METERED", "brand": "YUONSO", "material": "Plastic", "meterClass": "C", "schemeName": "Rural", "zone": "013 84", "route": "089 NJATHEINI", "dma": "N/A", "location": "Along the fence", "parcelNo": null, "meterSize": "0.5", "remarks": null, "userId": null, "latitude": -0.3886571, "longitude": 37.1079232 }, "geometry": { "type": "Point", "coordinates": [ 37.1079232, -0.3886571 ] } },
{ "type": "Feature", "properties": { "id": "d38df480-3ef0-4ae8-81b4-94224d31a34d", "accountNo": "00515", "name": "JACKSON MUYA MURIUKI", "phone": "254725270870", "meterNo": "1500801417", "accountStatus": "SEALED", "accountType": "Domestic", "institution": null, "meterStatus": "METERED", "brand": "YUONSO", "material": "Plastic", "meterClass": "C", "schemeName": "Rural", "zone": "013 84", "route": "082 KABIRUINI", "dma": "N/A", "location": "Near the iron fence ", "parcelNo": null, "meterSize": "0.5", "remarks": null, "userId": null, "latitude": -0.3938332, "longitude": 37.0896325 }, "geometry": { "type": "Point", "coordinates": [ 37.0896325, -0.3938332 ] } },
{ "type": "Feature", "properties": { "id": "29668809-1f17-4bc3-9646-3fe990a78881", "accountNo": "00534", "name": "JOSEPH MACHARIA MUKABURU", "phone": "254720009113", "meterNo": "17133893", "accountStatus": "SEALED", "accountType": "Domestic", "institution": null, "meterStatus": "METERED", "brand": "YUONSO", "material": "Plastic", "meterClass": "C", "schemeName": "Rural", "zone": "013 84", "route": "082 KABIRUINI", "dma": "N/A", "location": "In the farm ", "parcelNo": null, "meterSize": "0.5", "remarks": null, "userId": null, "latitude": -0.3925449, "longitude": 37.0897678 }, "geometry": { "type": "Point", "coordinates": [ 37.0897678, -0.3925449 ] } },
{ "type": "Feature", "properties": { "id": "2efc1179-d332-4cd4-98a5-cbf1945e08f4", "accountNo": "00527", "name": "JAMES  MUNYIRI  KARAYA", "phone": "254722671140", "meterNo": "1500297117", "accountStatus": "SEALED", "accountType": "Domestic", "institution": null, "meterStatus": "METERED", "brand": "YUONSO", "material": "Plastic", "meterClass": "C", "schemeName": "Rural", "zone": "013 84", "route": "KANGOGORO DMA", "dma": "Kangongoro", "location": "In the coffee farm", "parcelNo": null, "meterSize": "0.5", "remarks": null, "userId": null, "latitude": -0.3895383, "longitude": 37.1037433 }, "geometry": { "type": "Point", "coordinates": [ 37.1037433, -0.3895383 ] } },
{ "type": "Feature", "properties": { "id": "988f633b-16bf-49ee-a82c-ac68059a04a2", "accountNo": "07359", "name": "WAMAE SILAS WAMBEU", "phone": "254720082688", "meterNo": "19094539", "accountStatus": "SEALED", "accountType": "Domestic", "institution": null, "meterStatus": "METERED", "brand": "YUONSO", "material": "Plastic", "meterClass": "C", "schemeName": "Rural", "zone": "013 84", "route": "217 MIORO", "dma": "N/A", "location": "Near the house", "parcelNo": null, "meterSize": "0.5", "remarks": null, "userId": null, "latitude": -0.395525, "longitude": 37.1052133 }, "geometry": { "type": "Point", "coordinates": [ 37.1052133, -0.395525 ] } },
{ "type": "Feature", "properties": { "id": "610d403b-e362-4ee4-9789-659e29bad670", "accountNo": "07360", "name": "JAMES MURAGURI KIBII", "phone": "254712217681", "meterNo": "19094321", "accountStatus": "SEALED", "accountType": "Domestic", "institution": null, "meterStatus": "METERED", "brand": "YUONSO", "material": "Plastic", "meterClass": "C", "schemeName": "Rural", "zone": "013 84", "route": "217 MIORO", "dma": "N/A", "location": "Near the gate", "parcelNo": null, "meterSize": "0.5", "remarks": null, "userId": null, "latitude": -0.3938017, "longitude": 37.109245 }, "geometry": { "type": "Point", "coordinates": [ 37.109245, -0.3938017 ] } },
{ "type": "Feature", "properties": { "id": "3277acce-b946-45a4-aca0-44ae4393e9ac", "accountNo": "00548", "name": "CHARLES MWANGI MUKABURU", "phone": "254700013949", "meterNo": "14003874", "accountStatus": "SEALED", "accountType": "Domestic", "institution": null, "meterStatus": "METERED", "brand": "YUONSO", "material": "Plastic", "meterClass": "C", "schemeName": "Rural", "zone": "013 84", "route": "012 83-KANGOGORO DMA", "dma": "Kangongoro", "location": "Near the house", "parcelNo": null, "meterSize": "0.5", "remarks": null, "userId": null, "latitude": -0.3899033, "longitude": 37.103005 }, "geometry": { "type": "Point", "coordinates": [ 37.103005, -0.3899033 ] } },
{ "type": "Feature", "properties": { "id": "f5c0e458-6a28-460b-9b16-c397c4fbc420", "accountNo": "07317", "name": "MARY WANJIRU MUTHEE", "phone": "254721354639", "meterNo": "19096716", "accountStatus": "ACTIVE", "accountType": "Domestic", "institution": null, "meterStatus": "METERED", "brand": "Younio", "material": "Polymer", "meterClass": "B", "schemeName": "Rural", "zone": "013 84", "route": "082 KABIRUINI", "dma": "N/A", "location": "Inside", "parcelNo": "0", "meterSize": "0.5", "remarks": null, "userId": null, "latitude": -0.3938538, "longitude": 37.0893187 }, "geometry": { "type": "Point", "coordinates": [ 37.0893187, -0.3938538 ] } },
{ "type": "Feature", "properties": { "id": "a54eb361-d758-4188-9afb-53335f350215", "accountNo": "07358", "name": "JAMES MAGURU KAROBIA", "phone": "254719374485", "meterNo": "21067321", "accountStatus": "SEALED", "accountType": "Domestic", "institution": null, "meterStatus": "METERED", "brand": "YUONSO", "material": "Plastic", "meterClass": "C", "schemeName": "Rural", "zone": "013 84", "route": "217 MIORO", "dma": "N/A", "location": "Near the gate", "parcelNo": null, "meterSize": "0.5", "remarks": null, "userId": null, "latitude": -0.394715, "longitude": 37.1085717 }, "geometry": { "type": "Point", "coordinates": [ 37.1085717, -0.394715 ] } },
{ "type": "Feature", "properties": { "id": "f5c0e458-6a28-460b-9b16-c3f7c8fba727", "accountNo": "07670", "name": "RUARE PRIMARY SCHOOL", "phone": "254721324095", "meterNo": "140085", "accountStatus": "ACTIVE", "accountType": "Domestic", "institution": null, "meterStatus": "METERED", "brand": "YUONSO", "material": "Plastic", "meterClass": "B", "schemeName": "Rural", "zone": "023 82", "route": "0021- INST. 83", "dma": "N/A", "location": "next ruare p.c.e.a", "parcelNo": "0", "meterSize": "0.8", "remarks": "OK", "userId": null, "latitude": -0.3819905, "longitude": 37.0860467 }, "geometry": { "type": "Point", "coordinates": [ 37.0860467, -0.3819905 ] } },
{ "type": "Feature", "properties": { "id": "423f301d-037a-4975-9928-6bbee0f6721f", "accountNo": "00115", "name": "DAVID MWANGI ISAIAH", "phone": "254724670867", "meterNo": "1500209917", "accountStatus": "ACTIVE", "accountType": "Domestic", "institution": null, "meterStatus": "METERED", "brand": "YUONSO", "material": "PLASTIC", "meterClass": "B", "schemeName": null, "zone": "012 83", "route": "075 KIANJAU", "dma": "N/A", "location": null, "parcelNo": "RUGURU/KIMARIGA 939", "meterSize": "0.5", "remarks": null, "userId": null, "latitude": -0.386515, "longitude": 37.096384 }, "geometry": { "type": "Point", "coordinates": [ 37.096384, -0.386515 ] } },
{ "type": "Feature", "properties": { "id": "1003a7e7-0562-40e7-8bad-803088f65eba", "accountNo": "00138", "name": "NDIRA KIHIURIA", "phone": "254713325418", "meterNo": "14048202", "accountStatus": "ACTIVE", "accountType": "Domestic", "institution": null, "meterStatus": "METERED", "brand": "YUONSO", "material": "PLASTIC", "meterClass": "B", "schemeName": null, "zone": "012 83", "route": "012 83-KIAMARIGA LOWER DMA", "dma": "N/A", "location": null, "parcelNo": "0", "meterSize": "0.5", "remarks": null, "userId": null, "latitude": -0.3885197, "longitude": 37.0864999 }, "geometry": { "type": "Point", "coordinates": [ 37.0864999, -0.3885197 ] } },
{ "type": "Feature", "properties": { "id": "faca5830-45db-4b4c-9130-2cebc9d43414", "accountNo": "00174", "name": "CHRISTOPHER KARUMBA", "phone": "254722254327", "meterNo": "17014301", "accountStatus": "ACTIVE", "accountType": "Domestic", "institution": null, "meterStatus": "METERED", "brand": "YUONSO", "material": "Plastic", "meterClass": "C", "schemeName": "Rural", "zone": "013 84", "route": "012 83-KANGOGORO DMA", "dma": "Kangongoro", "location": "Along the road", "parcelNo": null, "meterSize": "0.5", "remarks": null, "userId": null, "latitude": -0.3896767, "longitude": 37.10475 }, "geometry": { "type": "Point", "coordinates": [ 37.10475, -0.3896767 ] } },
{ "type": "Feature", "properties": { "id": "c5aadd8c-7a28-411b-bbe6-684c22ae887b", "accountNo": "00295", "name": "RAPHAEL WACHIRA KANYI", "phone": "254725650391", "meterNo": "14049052", "accountStatus": "ACTIVE", "accountType": "Domestic", "institution": null, "meterStatus": "METERED", "brand": "YUONSO", "material": "PLASTIC", "meterClass": "B", "schemeName": null, "zone": "012 83", "route": "131 RANGI", "dma": "N/A", "location": null, "parcelNo": "730", "meterSize": "0.5", "remarks": null, "userId": null, "latitude": -0.3824591, "longitude": 37.0929822 }, "geometry": { "type": "Point", "coordinates": [ 37.0929822, -0.3824591 ] } },
{ "type": "Feature", "properties": { "id": "f5c0e458-6a28-460b-9b16-c397c6fbc936", "accountNo": "00310", "name": "JANIFER WANDIA WERU -commercial plot", "phone": "254715660441", "meterNo": "19096860", "accountStatus": "ACTIVE", "accountType": "Domestic", "institution": null, "meterStatus": "METERED", "brand": "YUONSO", "material": "Polymer", "meterClass": "A", "schemeName": "Rural", "zone": "012 83", "route": "013- BETWEEN HOSPITAL & MAIN ROAD", "dma": "N/A", "location": "beside the house", "parcelNo": null, "meterSize": "0.5", "remarks": "OK", "userId": null, "latitude": -0.3847945, "longitude": 37.0829483 }, "geometry": { "type": "Point", "coordinates": [ 37.0829483, -0.3847945 ] } },
{ "type": "Feature", "properties": { "id": "f5c0e458-6a28-460b-9b16-c397c1fbc508", "accountNo": "00346", "name": "NDIRA KIHIURIA", "phone": "254713325418", "meterNo": "912475", "accountStatus": "ACTIVE", "accountType": "Domestic", "institution": null, "meterStatus": "METERED", "brand": "younso", "material": "plastic", "meterClass": "b", "schemeName": "Rural", "zone": "012 83", "route": "012 83-KIAMARIGA LOWER DMA", "dma": "N/A", "location": "near the saloon door", "parcelNo": null, "meterSize": "0.5", "remarks": "OK", "userId": null, "latitude": -0.3860024, "longitude": 37.082626 }, "geometry": { "type": "Point", "coordinates": [ 37.082626, -0.3860024 ] } },
{ "type": "Feature", "properties": { "id": "f5c0e458-6a28-460b-9b16-c397c8fbb582", "accountNo": "00520", "name": "MACHUA CHIURI", "phone": "25421885260", "meterNo": "19096717", "accountStatus": "ACTIVE", "accountType": "Domestic", "institution": null, "meterStatus": "METERED", "brand": "YUONSO", "material": "Plastic", "meterClass": "B", "schemeName": "Rural", "zone": "013 84", "route": "012 83-KANGOGORO DMA", "dma": "Kangongoro", "location": "kiandaka", "parcelNo": "1822", "meterSize": "0.5", "remarks": "OK", "userId": null, "latitude": -0.3910703, "longitude": 37.0965132 }, "geometry": { "type": "Point", "coordinates": [ 37.0965132, -0.3910703 ] } },
{ "type": "Feature", "properties": { "id": "7e7aeba9-8afc-4ef5-85f3-538a85d3053e", "accountNo": "00330", "name": "PAUL MWANGI WAMUTEGI", "phone": "254722989287", "meterNo": "21069124", "accountStatus": "ACTIVE", "accountType": "Domestic", "institution": null, "meterStatus": "METERED", "brand": "YUONSO", "material": "PLASTIC", "meterClass": "B", "schemeName": null, "zone": "012 83", "route": "076 KIAMARIGA", "dma": "N/A", "location": null, "parcelNo": null, "meterSize": "0.5", "remarks": null, "userId": null, "latitude": -0.3892781, "longitude": 37.0877036 }, "geometry": { "type": "Point", "coordinates": [ 37.0877036, -0.3892781 ] } },
{ "type": "Feature", "properties": { "id": "2b895e14-fa0d-4636-86c3-ad48916862d4", "accountNo": "00428", "name": "SAMUEL WANJOHI MAINA", "phone": "254713813333", "meterNo": "14049058", "accountStatus": "ACTIVE", "accountType": "Domestic", "institution": null, "meterStatus": "METERED", "brand": "YUONSO", "material": "PLASTIC", "meterClass": "B", "schemeName": null, "zone": "012 83", "route": "013- BEHIND COFFEE FACTORY", "dma": "Factory Line", "location": null, "parcelNo": "0", "meterSize": "0.5", "remarks": null, "userId": null, "latitude": -0.389475, "longitude": 37.078685 }, "geometry": { "type": "Point", "coordinates": [ 37.078685, -0.389475 ] } },
{ "type": "Feature", "properties": { "id": "4a7d3582-5af4-4647-918b-618b359258d5", "accountNo": "19602", "name": "MICHAEL  MATHENGE  WAITHERU", "phone": "254724321118", "meterNo": "14049169", "accountStatus": "ACTIVE", "accountType": "Domestic", "institution": null, "meterStatus": "METERED", "brand": "YUONSO", "material": "PLASTIC", "meterClass": "B", "schemeName": null, "zone": "012 83", "route": "012 83-KIAMARIGA LOWER DMA", "dma": "Kiamariga Lower", "location": null, "parcelNo": null, "meterSize": "0.8", "remarks": null, "userId": null, "latitude": -0.3858857, "longitude": 37.081269 }, "geometry": { "type": "Point", "coordinates": [ 37.081269, -0.3858857 ] } },
{ "type": "Feature", "properties": { "id": "584b9705-7776-4c8b-a207-f05e15f22b01", "accountNo": "00443", "name": "MBUI MUTHUNGU", "phone": "254723228738", "meterNo": "17083173", "accountStatus": "ACTIVE", "accountType": "Domestic", "institution": null, "meterStatus": "METERED", "brand": "YUONSO", "material": "Plastic", "meterClass": "C", "schemeName": "Rural", "zone": "013 84", "route": "07- MARIA SECOND LANE", "dma": "N/A", "location": "In the farm ", "parcelNo": null, "meterSize": "0.5", "remarks": null, "userId": null, "latitude": -0.3984712, "longitude": 37.0840108 }, "geometry": { "type": "Point", "coordinates": [ 37.0840108, -0.3984712 ] } },
{ "type": "Feature", "properties": { "id": "f5c0e458-6a28-460b-9b16-c397c8fbc982", "accountNo": "09028", "name": "SAMMY M KAGWANJA", "phone": "254701044575", "meterNo": "17012299", "accountStatus": "ACTIVE", "accountType": "Domestic", "institution": null, "meterStatus": "METERED", "brand": "Younio", "material": "Polymer", "meterClass": "C", "schemeName": "Rural", "zone": "013 84", "route": "082 KABIRUINI", "dma": "N/A", "location": "Inside", "parcelNo": "0", "meterSize": "0.5", "remarks": null, "userId": null, "latitude": -0.3946393, "longitude": 37.0852066 }, "geometry": { "type": "Point", "coordinates": [ 37.0852066, -0.3946393 ] } },
{ "type": "Feature", "properties": { "id": "f5c0e458-6a28-460b-9b16-c397c2fbc862", "accountNo": "21870", "name": "JOYCE WAIRIMU MACHARIA", "phone": "254721793773", "meterNo": "17013498", "accountStatus": "ACTIVE", "accountType": "Domestic", "institution": null, "meterStatus": "METERED", "brand": "Younio", "material": "Polymer", "meterClass": "C", "schemeName": "Rural", "zone": "013 84", "route": "012 83-KANGOGORO DMA", "dma": "Kangongoro", "location": "Inside", "parcelNo": "0", "meterSize": "0.5", "remarks": null, "userId": null, "latitude": -0.3915401, "longitude": 37.0943844 }, "geometry": { "type": "Point", "coordinates": [ 37.0943844, -0.3915401 ] } },
{ "type": "Feature", "properties": { "id": "4d036d2e-e7ed-46ec-9987-194b40328914", "accountNo": "20845", "name": "JOHN MURAYA WAMBURA", "phone": "254727820179", "meterNo": "160400256", "accountStatus": "ACTIVE", "accountType": "Domestic", "institution": null, "meterStatus": "METERED", "brand": "YUONSO", "material": "PLASTIC", "meterClass": "B", "schemeName": null, "zone": "012 83", "route": "012 83-KIAMARIGA LOWER DMA", "dma": "Kiamariga Lower", "location": null, "parcelNo": null, "meterSize": "0.5", "remarks": null, "userId": null, "latitude": -0.3862072, "longitude": 37.0785538 }, "geometry": { "type": "Point", "coordinates": [ 37.0785538, -0.3862072 ] } },
{ "type": "Feature", "properties": { "id": "395fe80c-acc3-4c73-b41b-1949112ed4c0", "accountNo": "20918", "name": "JOHN NYAGAH KABOGO", "phone": "254726742792", "meterNo": "160400195", "accountStatus": "ACTIVE", "accountType": "Domestic", "institution": null, "meterStatus": "METERED", "brand": "YUONSO", "material": "PLASTIC", "meterClass": "B", "schemeName": null, "zone": "012 83", "route": "131 RANGI", "dma": "N/A", "location": "past Dunjos Academy", "parcelNo": "0", "meterSize": "0.5", "remarks": null, "userId": null, "latitude": -0.3841755, "longitude": 37.0902547 }, "geometry": { "type": "Point", "coordinates": [ 37.0902547, -0.3841755 ] } },
{ "type": "Feature", "properties": { "id": "eb9c76e5-2c9e-47db-8550-0fe01fc32758", "accountNo": "08612", "name": "SOLOMON MUNYI NDUIGA", "phone": "254721280030", "meterNo": "19096022", "accountStatus": "ACTIVE", "accountType": "Domestic", "institution": null, "meterStatus": "METERED", "brand": "YUONSO", "material": "PLASTIC", "meterClass": "B", "schemeName": null, "zone": "012 83", "route": "013- BEHIND COFFEE FACTORY", "dma": "Factory Line", "location": null, "parcelNo": null, "meterSize": "0.5", "remarks": null, "userId": null, "latitude": -0.3905432, "longitude": 37.0733267 }, "geometry": { "type": "Point", "coordinates": [ 37.0733267, -0.3905432 ] } },
{ "type": "Feature", "properties": { "id": "f5c0e458-6a28-460b-9b16-c397c4fbc599", "accountNo": "19806", "name": "MR. DAVIID MWANGI GITHINJI", "phone": "254722426792", "meterNo": "21110063", "accountStatus": "ACTIVE", "accountType": "Domestic", "institution": null, "meterStatus": "METERED", "brand": "Yuonso", "material": null, "meterClass": null, "schemeName": "Rural", "zone": "012 83", "route": "KIAIHURU DMA", "dma": "N/A", "location": null, "parcelNo": "1659", "meterSize": "0.5", "remarks": null, "userId": null, "latitude": -0.36737168, "longitude": 37.10235 }, "geometry": { "type": "Point", "coordinates": [ 37.10235, -0.36737168 ] } },
{ "type": "Feature", "properties": { "id": "71b0372a-0fe1-4da4-9ddf-2e1b2c657f00", "accountNo": "19857", "name": "MR. CYRUS GITHUI MWANGI", "phone": "254721269244", "meterNo": "15002564", "accountStatus": "SEALED", "accountType": "Domestic", "institution": null, "meterStatus": "METERED", "brand": "YUONSO", "material": "Plastic", "meterClass": "C", "schemeName": "Rural", "zone": "012 83", "route": "013- KANYOTA", "dma": "N/A", "location": "Behind the house", "parcelNo": null, "meterSize": "0.5", "remarks": null, "userId": null, "latitude": -0.3815306, "longitude": 37.0817708 }, "geometry": { "type": "Point", "coordinates": [ 37.0817708, -0.3815306 ] } },
{ "type": "Feature", "properties": { "id": "e9d24053-f019-4da9-a192-7b18dfe9b8a7", "accountNo": "19817", "name": "MR. CHARLES MURIUKI KAROBIA", "phone": "254728310350", "meterNo": "15000910", "accountStatus": "SEALED", "accountType": "Domestic", "institution": null, "meterStatus": "METERED", "brand": "YUONSO", "material": "PLASTIC", "meterClass": "B", "schemeName": null, "zone": "012 83", "route": "075 KIANJAU", "dma": "N/A", "location": null, "parcelNo": "0", "meterSize": "0.5", "remarks": null, "userId": null, "latitude": -0.3874883, "longitude": 37.0976583 }, "geometry": { "type": "Point", "coordinates": [ 37.0976583, -0.3874883 ] } },
{ "type": "Feature", "properties": { "id": "c53775a3-90b8-4001-8e1e-32d01ccb9d56", "accountNo": "20169", "name": "MILLICENT WANJUKU MARIGA", "phone": "254718797779", "meterNo": "15035548", "accountStatus": "CUT-OFF", "accountType": "Domestic", "institution": null, "meterStatus": "METERED", "brand": "YUONSO", "material": "PLASTIC", "meterClass": "B", "schemeName": null, "zone": "012 83", "route": "075 KIANJAU", "dma": "N/A", "location": null, "parcelNo": "0", "meterSize": "0.5", "remarks": null, "userId": null, "latitude": -0.3838737, "longitude": 37.0950471 }, "geometry": { "type": "Point", "coordinates": [ 37.0950471, -0.3838737 ] } },
{ "type": "Feature", "properties": { "id": "253826c3-fc56-42cc-9bab-79734fce11c4", "accountNo": "20308", "name": "MOSES MWANGI MAINA", "phone": "254721534649", "meterNo": "150900335", "accountStatus": "CUT-OFF", "accountType": "Domestic", "institution": null, "meterStatus": "METERED", "brand": "YUONSO", "material": "PLASTIC", "meterClass": "B", "schemeName": null, "zone": "012 83", "route": "075 KIANJAU", "dma": "N/A", "location": null, "parcelNo": null, "meterSize": "0.5", "remarks": null, "userId": null, "latitude": -0.3870133, "longitude": 37.0920467 }, "geometry": { "type": "Point", "coordinates": [ 37.0920467, -0.3870133 ] } },
{ "type": "Feature", "properties": { "id": "f5c0e458-6a28-460b-9b16-c397c3fbc334", "accountNo": "19894", "name": "JOSEPH KIMONDO WAHOME", "phone": "254727626644", "meterNo": "1349951", "accountStatus": "CUT-OFF", "accountType": "Domestic", "institution": null, "meterStatus": "METERED", "brand": "Younso ", "material": "Brass", "meterClass": "B", "schemeName": "Rural", "zone": "012 83", "route": "105 GITHIRINGO", "dma": "Kangongoro", "location": "Githiringo road ", "parcelNo": "0", "meterSize": "0.5", "remarks": null, "userId": null, "latitude": -0.3754366, "longitude": 37.1091012 }, "geometry": { "type": "Point", "coordinates": [ 37.1091012, -0.3754366 ] } },
{ "type": "Feature", "properties": { "id": "068371f2-212d-4641-bf65-2ee788e82e7c", "accountNo": "22668", "name": "JAMES NDIRANGU MBOGO", "phone": "254721358281", "meterNo": "1905944", "accountStatus": "ACTIVE", "accountType": "Domestic", "institution": null, "meterStatus": "METERED", "brand": "YUONSO", "material": "Plastic", "meterClass": "C", "schemeName": "Rural", "zone": "012 83", "route": "013- KIAMARIGA TOWN (Upper Side)", "dma": "N/A", "location": "Near the gate ", "parcelNo": null, "meterSize": "0.5", "remarks": null, "userId": null, "latitude": -0.3859618, "longitude": 37.084439 }, "geometry": { "type": "Point", "coordinates": [ 37.084439, -0.3859618 ] } },
{ "type": "Feature", "properties": { "id": "8957b223-ed9c-4b0a-b207-a0e8e57ab682", "accountNo": "09021", "name": "WILLIAM KAGWANJA", "phone": "254720823905", "meterNo": null, "accountStatus": "ACTIVE", "accountType": "Domestic", "institution": null, "meterStatus": "METERED", "brand": "YUONSO", "material": "POLYMER", "meterClass": "A", "schemeName": null, "zone": "013 84", "route": "186 MARIA", "dma": "N/A", "location": "along Maria road", "parcelNo": null, "meterSize": "0.5", "remarks": null, "userId": null, "latitude": -0.3964986, "longitude": 37.0810554 }, "geometry": { "type": "Point", "coordinates": [ 37.0810554, -0.3964986 ] } },
{ "type": "Feature", "properties": { "id": "921c5d79-0a63-4988-91b2-8fc54b11ead4", "accountNo": "21417", "name": "JAMES MAINA MWANIKI", "phone": "254716447980", "meterNo": "16031979", "accountStatus": "ACTIVE", "accountType": "Domestic", "institution": "N/A", "meterStatus": "METERED", "brand": "YUONSO", "material": "PLASTIC", "meterClass": "B", "schemeName": "Rural", "zone": "012 83", "route": "077 KAGATI", "dma": "N/A", "location": "along Kagati road ", "parcelNo": "0", "meterSize": "0.5", "remarks": null, "userId": null, "latitude": -0.3872161, "longitude": 37.0751231 }, "geometry": { "type": "Point", "coordinates": [ 37.0751231, -0.3872161 ] } },
{ "type": "Feature", "properties": { "id": "f5c0e458-6a28-460b-9b16-c397c4fbc703", "accountNo": "21389", "name": "EUNICE MUMBI KINJA", "phone": "254702148807", "meterNo": "16034225", "accountStatus": "SEALED", "accountType": "Domestic", "institution": null, "meterStatus": "METERED", "brand": "Younio", "material": "Polymer", "meterClass": "C", "schemeName": "Rural", "zone": "013 84", "route": "012 83-KANGOGORO DMA", "dma": "Kangongoro", "location": "Inside", "parcelNo": "0", "meterSize": "0.5", "remarks": null, "userId": null, "latitude": -0.391174, "longitude": 37.0968406 }, "geometry": { "type": "Point", "coordinates": [ 37.0968406, -0.391174 ] } },
{ "type": "Feature", "properties": { "id": "fdeff040-7de3-4552-a7bb-6b62771bd678", "accountNo": "21657", "name": "CHARITY GATHONI GACHAGO", "phone": "254720730795", "meterNo": "16032387", "accountStatus": "SEALED", "accountType": "Domestic", "institution": null, "meterStatus": "METERED", "brand": "YUONSO", "material": "Plastic", "meterClass": "C", "schemeName": "Rural", "zone": "012 83", "route": "074 NYANA", "dma": "N/A", "location": "Near the house ", "parcelNo": null, "meterSize": "0.5", "remarks": null, "userId": null, "latitude": -0.3741114, "longitude": 37.096784 }, "geometry": { "type": "Point", "coordinates": [ 37.096784, -0.3741114 ] } },
{ "type": "Feature", "properties": { "id": "ea7321d6-fece-4c0f-9d54-c0031aa51a05", "accountNo": "22991", "name": "SABINA  WANJIRU MURIUKI", "phone": "254712664306", "meterNo": "1500321017", "accountStatus": "SEALED", "accountType": "Domestic", "institution": null, "meterStatus": "METERED", "brand": "YUONSO", "material": "PLASTIC", "meterClass": "B", "schemeName": null, "zone": "012 83", "route": "131 RANGI", "dma": "N/A", "location": "along Rangi road ", "parcelNo": "0", "meterSize": "0.5", "remarks": null, "userId": null, "latitude": -0.3769841, "longitude": 37.0953601 }, "geometry": { "type": "Point", "coordinates": [ 37.0953601, -0.3769841 ] } },
{ "type": "Feature", "properties": { "id": "f5c0e458-6a28-460b-9b16-c397c8fbc081", "accountNo": "23080", "name": "JENNIFFER WAIRIMU MUNYUA", "phone": "254702664787", "meterNo": "18056617", "accountStatus": "SEALED", "accountType": "Domestic", "institution": null, "meterStatus": "METERED", "brand": "Younio", "material": "Polymer", "meterClass": "B", "schemeName": "Rural", "zone": "013 84", "route": "KANGOGORO DMA", "dma": "N/A", "location": "Inside", "parcelNo": "0", "meterSize": "0.5", "remarks": null, "userId": null, "latitude": -0.3896787, "longitude": 37.1102017 }, "geometry": { "type": "Point", "coordinates": [ 37.1102017, -0.3896787 ] } },
{ "type": "Feature", "properties": { "id": "f5c0e458-6a28-460b-9b16-c397c2fbc480", "accountNo": "20715", "name": "HENRY GITONGA NJOGU", "phone": "254701188411", "meterNo": "150900409", "accountStatus": "SEALED", "accountType": "Domestic", "institution": null, "meterStatus": "METERED", "brand": "YUONSO", "material": "Plastic", "meterClass": "B", "schemeName": "Rural", "zone": "012 83", "route": "131 RANGI", "dma": "N/A", "location": "along rangi road", "parcelNo": null, "meterSize": "0.5", "remarks": null, "userId": null, "latitude": -0.3868892, "longitude": 37.0879261 }, "geometry": { "type": "Point", "coordinates": [ 37.0879261, -0.3868892 ] } },
{ "type": "Feature", "properties": { "id": "f5c0e458-6a28-460b-9b16-c397c1fbc765", "accountNo": "22313", "name": "PETER MWANGI MWIHU", "phone": "254729295269", "meterNo": "1501219117", "accountStatus": "SEALED", "accountType": "Domestic", "institution": null, "meterStatus": "METERED", "brand": "YUONSO", "material": "Plastic", "meterClass": "B", "schemeName": "Rural", "zone": "013 84", "route": "012 83-KANGOGORO DMA", "dma": "Kangongoro", "location": "along njathaini main road", "parcelNo": null, "meterSize": "0.5", "remarks": "OK", "userId": null, "latitude": -0.3911033, "longitude": 37.1016856 }, "geometry": { "type": "Point", "coordinates": [ 37.1016856, -0.3911033 ] } },
{ "type": "Feature", "properties": { "id": "3ffff9b0-360b-4ef8-8d1a-95533820831b", "accountNo": "07893", "name": "JULIAH WAKARINDI WAHOME", "phone": "254701649025", "meterNo": "9035323", "accountStatus": "SEALED", "accountType": "Domestic", "institution": null, "meterStatus": "METERED", "brand": "YUONSO", "material": "Plastic", "meterClass": "B", "schemeName": "Rural", "zone": "013 84", "route": "082 KABIRUINI", "dma": "N/A", "location": "near the gate", "parcelNo": null, "meterSize": "0.5", "remarks": "active", "userId": null, "latitude": -0.3959133, "longitude": 37.0921267 }, "geometry": { "type": "Point", "coordinates": [ 37.0921267, -0.3959133 ] } },
{ "type": "Feature", "properties": { "id": "349d2647-aeb3-4c1b-b134-50c3a2e44bc7", "accountNo": "07898", "name": "ANTHONY MAINA MUNYU", "phone": "254727601638", "meterNo": "22034929", "accountStatus": "ACTIVE", "accountType": "Domestic", "institution": null, "meterStatus": "METERED", "brand": "YUONSO", "material": "Plastic", "meterClass": "C", "schemeName": "Rural", "zone": "013 84", "route": "082 KABIRUINI", "dma": "N/A", "location": "Near the gate ", "parcelNo": null, "meterSize": "0.5", "remarks": null, "userId": null, "latitude": -0.3945894, "longitude": 37.0956808 }, "geometry": { "type": "Point", "coordinates": [ 37.0956808, -0.3945894 ] } },
{ "type": "Feature", "properties": { "id": "060a8ed7-47b6-4064-afd0-9efda8d9d193", "accountNo": "00425", "name": "JAMES WARUTERE WANDETO", "phone": "254727070701", "meterNo": "14002593", "accountStatus": "SEALED", "accountType": "Domestic", "institution": null, "meterStatus": "METERED", "brand": "YUONSO", "material": "Plastic", "meterClass": "C", "schemeName": "Rural", "zone": "012 83", "route": "076 KIAMARIGA", "dma": "N/A", "location": "in the farm ", "parcelNo": null, "meterSize": "0.5", "remarks": null, "userId": null, "latitude": -0.3817038, "longitude": 37.0837672 }, "geometry": { "type": "Point", "coordinates": [ 37.0837672, -0.3817038 ] } },
{ "type": "Feature", "properties": { "id": "f5c0e458-6a28-460b-9b16-c397c8fbb097", "accountNo": "00306", "name": "MARY WAMBUI WACHIENI", "phone": "254725277491", "meterNo": "19057936", "accountStatus": "SEALED", "accountType": "Domestic", "institution": null, "meterStatus": "METERED", "brand": "younso", "material": "plastic", "meterClass": "b", "schemeName": "Rural", "zone": "012 83", "route": "012 83-KIAMARIGA LOWER DMA", "dma": "N/A", "location": "near the saloon", "parcelNo": "56A", "meterSize": "0.5", "remarks": "OK", "userId": null, "latitude": -0.385175, "longitude": 37.0836757 }, "geometry": { "type": "Point", "coordinates": [ 37.0836757, -0.385175 ] } },
{ "type": "Feature", "properties": { "id": "f5c0e458-6a28-460b-9b16-c397c6fbc355", "accountNo": "21831", "name": "BEATRICE MURUGI WACHIRA", "phone": "254724989286", "meterNo": "150900307", "accountStatus": "SEALED", "accountType": "Domestic", "institution": null, "meterStatus": "METERED", "brand": "YUONSO", "material": "Plastic", "meterClass": "B", "schemeName": "Rural", "zone": "012 83", "route": "076 KIAMARIGA", "dma": "N/A", "location": "along the main road", "parcelNo": "0", "meterSize": "0.5", "remarks": "by pass", "userId": null, "latitude": -0.3880069, "longitude": 37.0857757 }, "geometry": { "type": "Point", "coordinates": [ 37.0857757, -0.3880069 ] } },
{ "type": "Feature", "properties": { "id": "16ad7672-95d6-4bae-af81-042ac892111b", "accountNo": "22658", "name": "JOTHAM MURIITHI WAHOME", "phone": "254706880803", "meterNo": "1500746917", "accountStatus": "ACTIVE", "accountType": "Domestic", "institution": null, "meterStatus": "METERED", "brand": "YUONSO", "material": "PLASTIC", "meterClass": "B", "schemeName": null, "zone": "012 83", "route": "131 RANGI", "dma": "N/A", "location": "along Rangi road ", "parcelNo": "0", "meterSize": "0.5", "remarks": null, "userId": null, "latitude": -0.3762553, "longitude": 37.0951875 }, "geometry": { "type": "Point", "coordinates": [ 37.095285207809766, -0.376210226147643 ] } },
{ "type": "Feature", "properties": { "id": "f5c0e458-6a28-460b-9b16-c397c8fbb793", "accountNo": "07758", "name": "CHARLES KAGWANJA  KARIUKI", "phone": "254780571913", "meterNo": "19096557", "accountStatus": "SEALED", "accountType": "Domestic", "institution": null, "meterStatus": "METERED", "brand": "Younio", "material": "Polymer", "meterClass": "B", "schemeName": "Rural", "zone": "013 84", "route": "082 KABIRUINI", "dma": "N/A", "location": "Inside", "parcelNo": null, "meterSize": "0.5", "remarks": null, "userId": null, "latitude": -0.3933409, "longitude": 37.0960423 }, "geometry": { "type": "Point", "coordinates": [ 37.0960423, -0.3933409 ] } },
{ "type": "Feature", "properties": { "id": "586fd8e0-ebc3-4a55-b9b5-e4d6cdcf5c99", "accountNo": "19715", "name": "JOHN NDUNGU MARIGA", "phone": "254713634620", "meterNo": "19096469", "accountStatus": "CUT-OFF", "accountType": "Institutional", "institution": null, "meterStatus": "METERED", "brand": "YUONSO", "material": "PLASTIC", "meterClass": "B", "schemeName": null, "zone": "012 83", "route": "075 KIANJAU", "dma": "N/A", "location": null, "parcelNo": null, "meterSize": "0.8", "remarks": null, "userId": null, "latitude": -0.38416, "longitude": 37.09499 }, "geometry": { "type": "Point", "coordinates": [ 37.09499, -0.38416 ] } },
{ "type": "Feature", "properties": { "id": "d647bf89-a3c0-4f7c-b776-493b989ec686", "accountNo": "09341", "name": "DANIEL  K.  KIONI", "phone": "254701491883", "meterNo": "19094326", "accountStatus": "SEALED", "accountType": "Domestic", "institution": null, "meterStatus": "METERED", "brand": "YUONSO", "material": "Plastic", "meterClass": "C", "schemeName": "Rural", "zone": "013 84", "route": "217 MIORO", "dma": "N/A", "location": "Near the house", "parcelNo": null, "meterSize": "0.5", "remarks": null, "userId": null, "latitude": -0.3937575, "longitude": 37.1105938 }, "geometry": { "type": "Point", "coordinates": [ 37.1105938, -0.3937575 ] } },
{ "type": "Feature", "properties": { "id": "d446a790-3b1b-427f-b1fb-ebfe5015d3c5", "accountNo": "00073", "name": "PETER MUNENE SOLOMON", "phone": "254705279450", "meterNo": "2109316", "accountStatus": "SEALED", "accountType": "Domestic", "institution": "N/A", "meterStatus": "METERED", "brand": "YUONSO", "material": "PLASTIC", "meterClass": "B", "schemeName": "Rural", "zone": "012 83", "route": "KIAIHURU DMA", "dma": "N/A", "location": "along Lela road ", "parcelNo": "0", "meterSize": "0.5", "remarks": null, "userId": null, "latitude": -0.3725369, "longitude": 37.0897904 }, "geometry": { "type": "Point", "coordinates": [ 37.0897904, -0.3725369 ] } },
{ "type": "Feature", "properties": { "id": "182c5e5f-8b0d-4dc4-91ff-20448d5da381", "accountNo": "00067", "name": "JOHN MAINA  BURI.", "phone": "254722602318", "meterNo": "21068002", "accountStatus": "SEALED", "accountType": "Domestic", "institution": "N/A", "meterStatus": "METERED", "brand": "YUONSO", "material": "PLASTIC", "meterClass": "B", "schemeName": "Rural", "zone": "012 83", "route": "KIAIHURU DMA", "dma": "N/A", "location": "along Lela road ", "parcelNo": "0", "meterSize": "0.5", "remarks": null, "userId": null, "latitude": -0.3743416, "longitude": 37.0875774 }, "geometry": { "type": "Point", "coordinates": [ 37.0875774, -0.3743416 ] } },
{ "type": "Feature", "properties": { "id": "ce02a5b2-492e-45ca-93ac-3763a6d30b41", "accountNo": "20312", "name": "CHARLES GITHAIGA KARUE", "phone": "254722323380", "meterNo": "150900200", "accountStatus": "SEALED", "accountType": "Domestic", "institution": "N/A", "meterStatus": "METERED", "brand": "YUONSO", "material": "PLASTIC", "meterClass": "B", "schemeName": "Rural", "zone": "012 83", "route": "077 KAGATI", "dma": "N/A", "location": "along hiriga road ", "parcelNo": "0", "meterSize": "0.5", "remarks": null, "userId": null, "latitude": -0.398395, "longitude": 37.0675483 }, "geometry": { "type": "Point", "coordinates": [ 37.0675483, -0.398395 ] } },
{ "type": "Feature", "properties": { "id": "b5c07191-c85d-4b72-973f-00c2ed254a08", "accountNo": "09466", "name": "FREDRICK   GACHARI  NGARI", "phone": "254724388323", "meterNo": "19094322", "accountStatus": "SEALED", "accountType": "Domestic", "institution": null, "meterStatus": "METERED", "brand": "YUONSO", "material": "Plastic", "meterClass": "C", "schemeName": "Rural", "zone": "013 84", "route": "217 MIORO", "dma": "N/A", "location": "Along the fence", "parcelNo": null, "meterSize": "0.5", "remarks": null, "userId": null, "latitude": -0.39146, "longitude": 37.1124717 }, "geometry": { "type": "Point", "coordinates": [ 37.1124717, -0.39146 ] } },
{ "type": "Feature", "properties": { "id": "f5c0e458-6a28-460b-9b16-c397c1fbc220", "accountNo": "09383", "name": "MAINA MURAGE", "phone": "254708569585", "meterNo": "181502081", "accountStatus": "SEALED", "accountType": "Domestic", "institution": null, "meterStatus": "METERED", "brand": "Aimei", "material": "Polymer", "meterClass": null, "schemeName": "Rural", "zone": "013 84", "route": "089 NJATHEINI", "dma": "N/A", "location": null, "parcelNo": null, "meterSize": "0.5", "remarks": null, "userId": null, "latitude": -0.3916276, "longitude": 37.1078977 }, "geometry": { "type": "Point", "coordinates": [ 37.1078977, -0.3916276 ] } },
{ "type": "Feature", "properties": { "id": "e6c860dc-135d-4e67-b76b-23586d9db615", "accountNo": "00488", "name": "JOSEPH  NJOROGE KIBARABARA", "phone": "254725457954", "meterNo": "21110073", "accountStatus": "SEALED", "accountType": "Domestic", "institution": null, "meterStatus": "METERED", "brand": "YUONSO", "material": "Plastic", "meterClass": "C", "schemeName": "Rural", "zone": "013 84", "route": "012 83-KANGOGORO DMA", "dma": "Kangongoro", "location": "Along the road", "parcelNo": null, "meterSize": "0.5", "remarks": null, "userId": null, "latitude": -0.3861417, "longitude": 37.1077083 }, "geometry": { "type": "Point", "coordinates": [ 37.1077083, -0.3861417 ] } },
{ "type": "Feature", "properties": { "id": "c98aab81-0895-4683-9172-74265076dbb2", "accountNo": "00494", "name": "JOSHUA Z K KIHARA", "phone": "254713142541", "meterNo": "181500412", "accountStatus": "ACTIVE", "accountType": "Domestic", "institution": null, "meterStatus": "METERED", "brand": "YUONSO", "material": "Plastic", "meterClass": "C", "schemeName": "Rural", "zone": "013 84", "route": "089 NJATHEINI", "dma": "N/A", "location": "in the compound", "parcelNo": null, "meterSize": "0.5", "remarks": null, "userId": null, "latitude": -0.3918625, "longitude": 37.1076165 }, "geometry": { "type": "Point", "coordinates": [ 37.1076165, -0.3918625 ] } },
{ "type": "Feature", "properties": { "id": "346a9cfd-0c4d-4aa2-83d3-3429e7edd1bd", "accountNo": "09292", "name": "MWIHU WAHOME", "phone": "254700000000", "meterNo": "181502374", "accountStatus": "SEALED", "accountType": "Domestic", "institution": null, "meterStatus": "METERED", "brand": "YUONSO", "material": "Plastic", "meterClass": "C", "schemeName": "Rural", "zone": "013 84", "route": "017- BEHIND NJATHEINI PRIMARY SCHOOL", "dma": "N/A", "location": "In the farm", "parcelNo": null, "meterSize": "0.5", "remarks": null, "userId": null, "latitude": -0.3934105, "longitude": 37.1027694 }, "geometry": { "type": "Point", "coordinates": [ 37.1027694, -0.3934105 ] } },
{ "type": "Feature", "properties": { "id": "6861b43c-8faf-46e0-8be4-d44f36711593", "accountNo": "07916", "name": "GATIMU  KIONI", "phone": "254725838502", "meterNo": "19095881", "accountStatus": "SEALED", "accountType": "Domestic", "institution": null, "meterStatus": "METERED", "brand": "YUONSO", "material": "Plastic", "meterClass": "C", "schemeName": "Rural", "zone": "013 84", "route": "217 MIORO", "dma": "N/A", "location": "Near electric post", "parcelNo": null, "meterSize": "0.5", "remarks": null, "userId": null, "latitude": -0.3943883, "longitude": 37.1092067 }, "geometry": { "type": "Point", "coordinates": [ 37.1092067, -0.3943883 ] } },
{ "type": "Feature", "properties": { "id": "c8f0ae20-f00c-470b-a052-590ee97889e7", "accountNo": "21520", "name": "ISAAC MURIUKI MITHAMO", "phone": "254727485055", "meterNo": "16033325", "accountStatus": "SEALED", "accountType": "Domestic", "institution": "N/A", "meterStatus": "METERED", "brand": "YUONSO", "material": "PLASTIC", "meterClass": "B", "schemeName": "Rural", "zone": "012 83", "route": "013- BELOW HEALTH CENTRE", "dma": "N/A", "location": "along Kagati road ", "parcelNo": "0", "meterSize": "0.5", "remarks": null, "userId": null, "latitude": -0.3864209, "longitude": 37.0759517 }, "geometry": { "type": "Point", "coordinates": [ 37.0759517, -0.3864209 ] } },
{ "type": "Feature", "properties": { "id": "d8bcddd1-f8f8-4be4-945e-462db8d54c64", "accountNo": "00078", "name": "NGATIA  NGETHA(LELA ACADEMY)", "phone": "254722262332", "meterNo": "10830149", "accountStatus": "DORMANT", "accountType": "Domestic", "institution": "N/A", "meterStatus": "METERED", "brand": "YUONSO", "material": "PLASTIC", "meterClass": "B", "schemeName": "Rural", "zone": "012 83", "route": "KIAIHURU DMA", "dma": "N/A", "location": "along Lela road ", "parcelNo": "1", "meterSize": "0.5", "remarks": null, "userId": null, "latitude": -0.3765008, "longitude": 37.0835517 }, "geometry": { "type": "Point", "coordinates": [ 37.0835517, -0.3765008 ] } },
{ "type": "Feature", "properties": { "id": "5267c7f8-ac47-4281-9df1-9274a1b2aa63", "accountNo": "00089", "name": "JOSPHAT  K.  RUBUA", "phone": "254700000000", "meterNo": null, "accountStatus": "SEALED", "accountType": "Domestic", "institution": null, "meterStatus": "UNMETERED", "brand": "--Select--", "material": null, "meterClass": null, "schemeName": "Rural", "zone": "012 83", "route": "012 83-KIAMARIGA LOWER DMA", "dma": "N/A", "location": "N/A", "parcelNo": null, "meterSize": null, "remarks": "No meter", "userId": null, "latitude": -0.3861133, "longitude": 37.0824139 }, "geometry": { "type": "Point", "coordinates": [ 37.0824139, -0.3861133 ] } },
{ "type": "Feature", "properties": { "id": "f5c0e458-6a28-460b-9b16-c397c8fbc979", "accountNo": "00095", "name": "MUGA  KARUNDI", "phone": "254720943378", "meterNo": "1501407017", "accountStatus": "SEALED", "accountType": "Domestic", "institution": null, "meterStatus": "METERED", "brand": "Aimei", "material": "Plastic", "meterClass": "B", "schemeName": "Rural", "zone": "012 83", "route": "012 83-KIAMARIGA LOWER DMA", "dma": "N/A", "location": null, "parcelNo": "0", "meterSize": "0.5", "remarks": null, "userId": null, "latitude": -0.384768, "longitude": 37.084485 }, "geometry": { "type": "Point", "coordinates": [ 37.084485, -0.384768 ] } },
{ "type": "Feature", "properties": { "id": "2cc895b5-6520-44db-96f6-3f9dcedc78fe", "accountNo": "08397", "name": "JOSPHAT GITONGA", "phone": "254720049426", "meterNo": "18077667", "accountStatus": "SEALED", "accountType": "Domestic", "institution": null, "meterStatus": "METERED", "brand": "YUONSO", "material": "Plastic", "meterClass": "C", "schemeName": "Rural", "zone": "012 83", "route": "075 KIANJAU", "dma": "N/A", "location": "Lost", "parcelNo": null, "meterSize": "0.5", "remarks": null, "userId": null, "latitude": -0.3874951, "longitude": 37.0983375 }, "geometry": { "type": "Point", "coordinates": [ 37.0983375, -0.3874951 ] } },
{ "type": "Feature", "properties": { "id": "4200608b-18bf-40d5-ace3-34d1d294c3b8", "accountNo": "07809", "name": "ISAACK KIRUNGARU", "phone": "254720268165", "meterNo": "21110884", "accountStatus": "SEALED", "accountType": "Domestic", "institution": "N/A", "meterStatus": "METERED", "brand": "YUONSO", "material": "PLASTIC", "meterClass": "B", "schemeName": "Rural", "zone": "012 83", "route": "074 NYANA", "dma": "N/A", "location": "along nyana road ", "parcelNo": null, "meterSize": "0.5", "remarks": null, "userId": null, "latitude": -0.37545, "longitude": 37.0987667 }, "geometry": { "type": "Point", "coordinates": [ 37.0987667, -0.37545 ] } },
{ "type": "Feature", "properties": { "id": "3a6d42e8-f2a5-42a6-914d-deb1a7b3dfee", "accountNo": "00237", "name": "MICHAEL MIANO NDAMBURI", "phone": "254728919396", "meterNo": "21110062", "accountStatus": "SEALED", "accountType": "Domestic", "institution": "N/A", "meterStatus": "METERED", "brand": "YUONSO", "material": "PLASTIC", "meterClass": "B", "schemeName": "Rural", "zone": "013 84", "route": "012 83-KANGOGORO DMA", "dma": "Kangongoro", "location": "along nyana road ", "parcelNo": "0", "meterSize": "0.5", "remarks": null, "userId": null, "latitude": -0.3746567, "longitude": 37.1082133 }, "geometry": { "type": "Point", "coordinates": [ 37.1082133, -0.3746567 ] } },
{ "type": "Feature", "properties": { "id": "898a62da-f31a-4c49-8a06-4c92ddae008c", "accountNo": "00263", "name": "JOSEPH MURIUKI GITHUI", "phone": "254722280186", "meterNo": "21065754", "accountStatus": "SEALED", "accountType": "Domestic", "institution": "N/A", "meterStatus": "METERED", "brand": "YUONSO", "material": "PLASTIC", "meterClass": "B", "schemeName": "Rural", "zone": "012 83", "route": "074 NYANA", "dma": "N/A", "location": "along nyana road ", "parcelNo": "2294", "meterSize": "0.5", "remarks": null, "userId": null, "latitude": -0.3766817, "longitude": 37.10268 }, "geometry": { "type": "Point", "coordinates": [ 37.10268, -0.3766817 ] } },
{ "type": "Feature", "properties": { "id": "b4eb65a8-a566-44f0-8081-5f471f703aae", "accountNo": "00360", "name": "JOHNSON MURIUKI MWANIKI", "phone": "254723476768", "meterNo": "10008115", "accountStatus": "SEALED", "accountType": "Domestic", "institution": null, "meterStatus": "METERED", "brand": "YUONSO", "material": "Plastic", "meterClass": "C", "schemeName": "Rural", "zone": "012 83", "route": "013- BETWEEN HOSPITAL & MAIN ROAD", "dma": "N/A", "location": "In the compound ", "parcelNo": null, "meterSize": "0.5", "remarks": null, "userId": null, "latitude": -0.3850583, "longitude": 37.0817219 }, "geometry": { "type": "Point", "coordinates": [ 37.0817219, -0.3850583 ] } },
{ "type": "Feature", "properties": { "id": "93635650-b109-4b52-bcbb-b6a975850838", "accountNo": "00386", "name": "CHARLES MURIITHI KINYUA", "phone": "254724762383", "meterNo": "21113377", "accountStatus": "SEALED", "accountType": "Domestic", "institution": "N/A", "meterStatus": "METERED", "brand": "YUONSO", "material": "PLASTIC", "meterClass": "B", "schemeName": "Rural", "zone": "012 83", "route": "074 NYANA", "dma": "N/A", "location": "along nyana road ", "parcelNo": "695", "meterSize": "0.5", "remarks": null, "userId": null, "latitude": -0.372502, "longitude": 37.0978417 }, "geometry": { "type": "Point", "coordinates": [ 37.0978417, -0.372502 ] } },
{ "type": "Feature", "properties": { "id": "341dc207-b824-4607-b878-8b53cd26c981", "accountNo": "00408", "name": "MARITHA WANGUI NGIRIGACA", "phone": "254725587930", "meterNo": "110003976", "accountStatus": "SEALED", "accountType": "Domestic", "institution": null, "meterStatus": "METERED", "brand": "YUONSO", "material": "Plastic", "meterClass": "C", "schemeName": "Rural", "zone": "012 83", "route": "074 NYANA", "dma": "N/A", "location": "near the entrance", "parcelNo": null, "meterSize": "0.5", "remarks": null, "userId": null, "latitude": -0.3741348, "longitude": 37.0993823 }, "geometry": { "type": "Point", "coordinates": [ 37.0993823, -0.3741348 ] } },
{ "type": "Feature", "properties": { "id": "3f076b96-ff60-4ead-99e0-98849a052783", "accountNo": "00550", "name": "CHARLES MAINA MURIUKI", "phone": "254723451514", "meterNo": "14048760", "accountStatus": "SEALED", "accountType": "Domestic", "institution": null, "meterStatus": "METERED", "brand": "YUONSO", "material": "Plastic", "meterClass": "C", "schemeName": "Rural", "zone": "013 84", "route": "07- MARIA SECOND LANE", "dma": "N/A", "location": "In the farm", "parcelNo": null, "meterSize": "0.5", "remarks": null, "userId": null, "latitude": -0.3983009, "longitude": 37.0823169 }, "geometry": { "type": "Point", "coordinates": [ 37.0823169, -0.3983009 ] } },
{ "type": "Feature", "properties": { "id": "8966a476-1719-4c05-8ef9-0ac462270f64", "accountNo": "21043", "name": "GODWIN GACHAGUA GITHUI", "phone": "254722890385", "meterNo": "16034839", "accountStatus": "SEALED", "accountType": "Domestic", "institution": "N/A", "meterStatus": "METERED", "brand": "YUONSO", "material": "PLASTIC", "meterClass": "B", "schemeName": "Rural", "zone": "012 83", "route": "HIRIGA (83)", "dma": "N/A", "location": "along hiriga road ", "parcelNo": "0", "meterSize": "0.5", "remarks": null, "userId": null, "latitude": -0.39769, "longitude": 37.0681017 }, "geometry": { "type": "Point", "coordinates": [ 37.0681017, -0.39769 ] } },
{ "type": "Feature", "properties": { "id": "ba98cc97-eb8a-45e2-934a-42f2fc10d3ae", "accountNo": "21305", "name": "LEAH NYAKINYUA NGINI", "phone": "254722751172", "meterNo": "16034832", "accountStatus": "SEALED", "accountType": "Domestic", "institution": null, "meterStatus": "METERED", "brand": "YUONSO", "material": "Plastic", "meterClass": "C", "schemeName": "Rural", "zone": "012 83", "route": "077 KAGATI", "dma": "N/A", "location": "In the compound ", "parcelNo": null, "meterSize": "0.5", "remarks": null, "userId": null, "latitude": -0.3961191, "longitude": 37.06915 }, "geometry": { "type": "Point", "coordinates": [ 37.06915, -0.3961191 ] } },
{ "type": "Feature", "properties": { "id": "6b6b090d-77f1-40b3-8de4-fc87ed8e3d3b", "accountNo": "20675", "name": "GRACE NYOKABI MURIITHI", "phone": "254727701069", "meterNo": "16002151", "accountStatus": "SEALED", "accountType": "Domestic", "institution": null, "meterStatus": "METERED", "brand": "YUONSO", "material": "PLASTIC", "meterClass": "B", "schemeName": null, "zone": "012 83", "route": "013- BEHIND COFFEE FACTORY", "dma": "Factory Line", "location": null, "parcelNo": null, "meterSize": "0.5", "remarks": null, "userId": null, "latitude": -0.3885616, "longitude": 37.0813075 }, "geometry": { "type": "Point", "coordinates": [ 37.0813075, -0.3885616 ] } },
{ "type": "Feature", "properties": { "id": "f5c0e458-6a28-460b-9b16-c397c9fbc299", "accountNo": "20388", "name": "STEPHEN MWANGI GATHONI", "phone": "254716386704", "meterNo": "150900232", "accountStatus": "ACTIVE", "accountType": "Domestic", "institution": null, "meterStatus": "METERED", "brand": "Younio", "material": "Polymer", "meterClass": "B", "schemeName": "Rural", "zone": "013 84", "route": "186 MARIA", "dma": "N/A", "location": "Inside", "parcelNo": "0", "meterSize": "0.5", "remarks": null, "userId": null, "latitude": -0.3941053, "longitude": 37.0796152 }, "geometry": { "type": "Point", "coordinates": [ 37.0796152, -0.3941053 ] } },
{ "type": "Feature", "properties": { "id": "265b9e1f-1edc-4eb2-9407-8fd9f5aefa12", "accountNo": "22034", "name": "JOYCE MUTHONI MURIITHI", "phone": "254721975294", "meterNo": "1501406917", "accountStatus": "SEALED", "accountType": "Domestic", "institution": null, "meterStatus": "METERED", "brand": "YUONSO", "material": "PLASTIC", "meterClass": "B", "schemeName": null, "zone": "012 83", "route": "078 GITHAMBIRO", "dma": "N/A", "location": null, "parcelNo": "0", "meterSize": "0.5", "remarks": null, "userId": null, "latitude": -0.380665, "longitude": 37.0853397 }, "geometry": { "type": "Point", "coordinates": [ 37.0853397, -0.380665 ] } },
{ "type": "Feature", "properties": { "id": "f5c0e458-6a28-460b-9b16-c397c2fbc381", "accountNo": "22520", "name": "SOLOMON MUREITHI KANJA", "phone": "254711887269", "meterNo": "17176418", "accountStatus": "CUT-OFF", "accountType": "Domestic", "institution": null, "meterStatus": "METERED", "brand": "Younio", "material": "Polymer", "meterClass": "C", "schemeName": "Rural", "zone": "013 84", "route": "079 KIRIKO", "dma": "N/A", "location": "Inside", "parcelNo": "0", "meterSize": "0.5", "remarks": null, "userId": null, "latitude": -0.3988319, "longitude": 37.1022661 }, "geometry": { "type": "Point", "coordinates": [ 37.1022661, -0.3988319 ] } },
{ "type": "Feature", "properties": { "id": "63b11360-287f-4e0f-8d64-0019e5535cf0", "accountNo": "23132", "name": "ISAAC MBUCHU JOTHAM", "phone": "254713559329", "meterNo": "18054658", "accountStatus": "SEALED", "accountType": "Domestic", "institution": null, "meterStatus": "METERED", "brand": "YUONSO", "material": "PLASTIC", "meterClass": "B", "schemeName": null, "zone": "012 83", "route": "131 RANGI", "dma": "N/A", "location": "along rangi road ", "parcelNo": "0", "meterSize": "0.5", "remarks": null, "userId": null, "latitude": -0.3790104, "longitude": 37.0959343 }, "geometry": { "type": "Point", "coordinates": [ 37.0959343, -0.3790104 ] } },
{ "type": "Feature", "properties": { "id": "368e7e1d-262d-48f7-b8fc-5939ca0c2e85", "accountNo": "22172", "name": "JAMES MAINA MUGWE", "phone": "254720012006", "meterNo": "1500081317", "accountStatus": "SEALED", "accountType": "Domestic", "institution": null, "meterStatus": "METERED", "brand": "YUONSO", "material": "PLASTIC", "meterClass": "B", "schemeName": null, "zone": "012 83", "route": "075 KIANJAU", "dma": "N/A", "location": "along rangi road ", "parcelNo": "0", "meterSize": "0.5", "remarks": null, "userId": null, "latitude": -0.3805284, "longitude": 37.0979767 }, "geometry": { "type": "Point", "coordinates": [ 37.0979767, -0.3805284 ] } },
{ "type": "Feature", "properties": { "id": "f5c0e458-6a28-460b-9b16-c397c1fbc424", "accountNo": "22763", "name": "STANSELOUS MWANGI GITHIRO", "phone": "254724430711", "meterNo": "1501339017", "accountStatus": "SEALED", "accountType": "Domestic", "institution": null, "meterStatus": "METERED", "brand": "Aimei", "material": "Polymer", "meterClass": "C", "schemeName": "Rural", "zone": "013 84", "route": "012 83-KANGOGORO DMA", "dma": "Kangongoro", "location": "Inside", "parcelNo": "0", "meterSize": "0.5", "remarks": null, "userId": null, "latitude": -0.3914436, "longitude": 37.0988023 }, "geometry": { "type": "Point", "coordinates": [ 37.0988023, -0.3914436 ] } },
{ "type": "Feature", "properties": { "id": "246b9654-92ce-4ca9-aa98-3b524adad105", "accountNo": "23173", "name": "ANAH NYAMBURA KINYUA", "phone": "254716232966", "meterNo": "14050523", "accountStatus": "SEALED", "accountType": "Domestic", "institution": null, "meterStatus": "METERED", "brand": "YUONSO", "material": "PLASTIC", "meterClass": "B", "schemeName": null, "zone": "012 83", "route": "075 KIANJAU", "dma": "N/A", "location": null, "parcelNo": "0", "meterSize": "0.5", "remarks": null, "userId": null, "latitude": -0.3868557, "longitude": 37.0949794 }, "geometry": { "type": "Point", "coordinates": [ 37.0949794, -0.3868557 ] } },
{ "type": "Feature", "properties": { "id": "8d263e10-e7fa-445e-ae45-85a65b3bf5b8", "accountNo": "23402", "name": "DAVID GICHUHI MWAI", "phone": "254721415306", "meterNo": "181502083", "accountStatus": "SEALED", "accountType": "Domestic", "institution": "N/A", "meterStatus": "METERED", "brand": "YUONSO", "material": "PLASTIC", "meterClass": "B", "schemeName": "Rural", "zone": "012 83", "route": "077 KAGATI", "dma": "N/A", "location": "Along hiriga road ", "parcelNo": null, "meterSize": "0.5", "remarks": null, "userId": null, "latitude": -0.4019733, "longitude": 37.0655417 }, "geometry": { "type": "Point", "coordinates": [ 37.0655417, -0.4019733 ] } },
{ "type": "Feature", "properties": { "id": "0681b775-69e7-4c90-83ae-6a172909cc31", "accountNo": "23436", "name": "GICHUKI KABUGU", "phone": "254720845029", "meterNo": "181501323", "accountStatus": "SEALED", "accountType": "Domestic", "institution": null, "meterStatus": "METERED", "brand": "YUONSO", "material": "PLASTIC", "meterClass": "B", "schemeName": null, "zone": "012 83", "route": "013- BEHIND COFFEE FACTORY", "dma": "Factory Line", "location": null, "parcelNo": null, "meterSize": "0.5", "remarks": null, "userId": null, "latitude": -0.3893208, "longitude": 37.0790484 }, "geometry": { "type": "Point", "coordinates": [ 37.0790484, -0.3893208 ] } },
{ "type": "Feature", "properties": { "id": "f5c0e458-6a28-460b-9b16-c397c4fbc779", "accountNo": "23455", "name": "PERMINUS MACHARIA NGUNJIRI", "phone": "254727512150", "meterNo": "181501329", "accountStatus": "SEALED", "accountType": "Domestic", "institution": null, "meterStatus": "METERED", "brand": "Aimei", "material": "Polymer", "meterClass": "B", "schemeName": "Rural", "zone": "013 84", "route": "07- MARIA SECOND LANE", "dma": "N/A", "location": "Inside", "parcelNo": "271", "meterSize": "0.5", "remarks": null, "userId": null, "latitude": -0.4017313, "longitude": 37.0788765 }, "geometry": { "type": "Point", "coordinates": [ 37.0788765, -0.4017313 ] } },
{ "type": "Feature", "properties": { "id": "a869ddb2-2595-4e2d-b2b4-47590c6d708a", "accountNo": "23549", "name": "NELSON  NGARUA  MAINA", "phone": "254704711147", "meterNo": "19011702", "accountStatus": "SEALED", "accountType": "Domestic", "institution": "N/A", "meterStatus": "METERED", "brand": "YUONSO", "material": "PLASTIC", "meterClass": "B", "schemeName": "Rural", "zone": "012 83", "route": "HIRIGA (83)", "dma": "N/A", "location": "Alon MCA road", "parcelNo": "1186", "meterSize": "0.5", "remarks": null, "userId": null, "latitude": -0.4026321, "longitude": 37.0660665 }, "geometry": { "type": "Point", "coordinates": [ 37.0660665, -0.4026321 ] } },
{ "type": "Feature", "properties": { "id": "f5c0e458-6a28-460b-9b16-c397c7fbc649", "accountNo": "23582", "name": "WINSTON MURAGURI MATU", "phone": "254725582408", "meterNo": "150211718", "accountStatus": "SEALED", "accountType": "Domestic", "institution": null, "meterStatus": "METERED", "brand": "YUONSO", "material": "Plastic", "meterClass": "B", "schemeName": "Rural", "zone": "012 83", "route": "070 RUGURU", "dma": "N/A", "location": "near tank", "parcelNo": null, "meterSize": null, "remarks": "sealed", "userId": null, "latitude": -0.3836308, "longitude": 37.0877993 }, "geometry": { "type": "Point", "coordinates": [ 37.0877993, -0.3836308 ] } },
{ "type": "Feature", "properties": { "id": "5fa04238-4fda-4a4e-8095-e87250ab82a7", "accountNo": "24084", "name": "LYDIAH WANJIRU MURAGURI", "phone": "254704515782", "meterNo": "19056980", "accountStatus": "SEALED", "accountType": "Domestic", "institution": "N/A", "meterStatus": "METERED", "brand": "YUONSO", "material": "PLASTIC", "meterClass": "B", "schemeName": "Rural", "zone": "012 83", "route": "077 KAGATI", "dma": "N/A", "location": "near Kagati field ", "parcelNo": null, "meterSize": "0.5", "remarks": null, "userId": null, "latitude": -0.3882941, "longitude": 37.0672958 }, "geometry": { "type": "Point", "coordinates": [ 37.0672958, -0.3882941 ] } },
{ "type": "Feature", "properties": { "id": "c05cd2e9-a4ea-4baf-a0ee-650f9af00b67", "accountNo": "24098", "name": "SAMUEL MWANGI MUCHIRI", "phone": "254725999527", "meterNo": "19061092", "accountStatus": "SEALED", "accountType": "Domestic", "institution": null, "meterStatus": "METERED", "brand": "YUONSO", "material": "Plastic", "meterClass": "C", "schemeName": "Rural", "zone": "013 84", "route": "089 NJATHEINI", "dma": "N/A", "location": "Next to the gate", "parcelNo": null, "meterSize": "0.5", "remarks": null, "userId": null, "latitude": -0.3916917, "longitude": 37.107655 }, "geometry": { "type": "Point", "coordinates": [ 37.107655, -0.3916917 ] } },
{ "type": "Feature", "properties": { "id": "8bcf4253-cd1a-4f67-bfe4-1c0e75678d8d", "accountNo": "24112", "name": "JOHN KAMWETI GACHANJA", "phone": "254728500416", "meterNo": null, "accountStatus": "SEALED", "accountType": "Domestic", "institution": null, "meterStatus": "METERED", "brand": "YUONSO", "material": "POLYMER", "meterClass": "A", "schemeName": null, "zone": "012 83", "route": "KIAIHURU DMA", "dma": "N/A", "location": null, "parcelNo": null, "meterSize": "0.5", "remarks": null, "userId": null, "latitude": -0.3678634, "longitude": 37.0972034 }, "geometry": { "type": "Point", "coordinates": [ 37.0972034, -0.3678634 ] } },
{ "type": "Feature", "properties": { "id": "974c15a4-bfd8-4fcb-8130-13834ed2ab67", "accountNo": "24223", "name": "STEPHEN MACHARIA GATHO", "phone": "254721398335", "meterNo": "19058476", "accountStatus": "DORMANT", "accountType": "Domestic", "institution": null, "meterStatus": "METERED", "brand": "YUONSO", "material": "Plastic", "meterClass": "C", "schemeName": "Rural", "zone": "012 83", "route": "131 RANGI", "dma": "N/A", "location": "Near tea plantation ", "parcelNo": null, "meterSize": "0.5", "remarks": null, "userId": null, "latitude": -0.379435, "longitude": 37.0971693 }, "geometry": { "type": "Point", "coordinates": [ 37.0971693, -0.379435 ] } },
{ "type": "Feature", "properties": { "id": "949512fb-6012-4cdf-acd6-7dc787aef925", "accountNo": "24241", "name": "SAMUEL MWANIKI KARIRI", "phone": "254724844948", "meterNo": "19059265", "accountStatus": "SEALED", "accountType": "Domestic", "institution": "N/A", "meterStatus": "METERED", "brand": "YUONSO", "material": "PLASTIC", "meterClass": "B", "schemeName": "Rural", "zone": "012 83", "route": "KIAIHURU DMA", "dma": "N/A", "location": "along Lela road ", "parcelNo": null, "meterSize": "0.5", "remarks": null, "userId": null, "latitude": -0.3724204, "longitude": 37.0897585 }, "geometry": { "type": "Point", "coordinates": [ 37.0897585, -0.3724204 ] } },
{ "type": "Feature", "properties": { "id": "1f895c6d-7f58-4342-b864-491e4a121ebd", "accountNo": "24307", "name": "VICTOR NJOGU WANDETO", "phone": "254711359583", "meterNo": "19057754", "accountStatus": "SEALED", "accountType": "Domestic", "institution": null, "meterStatus": "METERED", "brand": "YUONSO", "material": "PLASTIC", "meterClass": "B", "schemeName": null, "zone": "012 83", "route": "012 83-KIAMARIGA LOWER DMA", "dma": "Kiamariga Lower", "location": null, "parcelNo": null, "meterSize": "0.5", "remarks": null, "userId": null, "latitude": -0.3862041, "longitude": 37.0784779 }, "geometry": { "type": "Point", "coordinates": [ 37.0784779, -0.3862041 ] } },
{ "type": "Feature", "properties": { "id": "f5c0e458-6a28-460b-9b16-c397c7fbc628", "accountNo": "24309", "name": "ROBERTSON CHEGE", "phone": "254720976317", "meterNo": "19056983", "accountStatus": "SEALED", "accountType": "Domestic", "institution": null, "meterStatus": "METERED", "brand": "Younio", "material": "Polymer", "meterClass": "B", "schemeName": "Rural", "zone": "013 84", "route": "07- MARIA SECOND LANE", "dma": "N/A", "location": "Inside", "parcelNo": null, "meterSize": "0.5", "remarks": null, "userId": null, "latitude": -0.4022845, "longitude": 37.0840039 }, "geometry": { "type": "Point", "coordinates": [ 37.0840039, -0.4022845 ] } },
{ "type": "Feature", "properties": { "id": "e4de6c6a-5edc-438a-b695-a7c7ba1865a6", "accountNo": "24360", "name": "JANE NJERI KARANJA", "phone": "254713560122", "meterNo": "19056453", "accountStatus": "SEALED", "accountType": "Domestic", "institution": "N/A", "meterStatus": "METERED", "brand": "YUONSO", "material": "PLASTIC", "meterClass": "B", "schemeName": "Rural", "zone": "012 83", "route": "KIAIHURU DMA", "dma": "N/A", "location": "along Lela road", "parcelNo": null, "meterSize": "0.5", "remarks": null, "userId": null, "latitude": -0.3722769, "longitude": 37.0902616 }, "geometry": { "type": "Point", "coordinates": [ 37.0902616, -0.3722769 ] } },
{ "type": "Feature", "properties": { "id": "9b6e362c-009d-43d1-88a9-ce7cdd359753", "accountNo": "24425", "name": "PETER MWANGI MURIUKI", "phone": "254727503591", "meterNo": "19095166", "accountStatus": "ACTIVE", "accountType": "Domestic", "institution": "N/A", "meterStatus": "METERED", "brand": "YUONSO", "material": "PLASTIC", "meterClass": "B", "schemeName": "Rural", "zone": "012 83", "route": "183 GICHORU", "dma": "N/A", "location": "along Gichoru road ", "parcelNo": null, "meterSize": "0.5", "remarks": null, "userId": null, "latitude": -0.3812257, "longitude": 37.10207 }, "geometry": { "type": "Point", "coordinates": [ 37.10207, -0.3812257 ] } },
{ "type": "Feature", "properties": { "id": "f5c0e458-6a28-460b-9b16-c397c2fbc457", "accountNo": "24501", "name": "MICHAEL MUGO MWAI", "phone": "254729098717", "meterNo": "19096608", "accountStatus": "SEALED", "accountType": "Domestic", "institution": null, "meterStatus": "METERED", "brand": "YUONSO", "material": "Plastic", "meterClass": "B", "schemeName": "Rural", "zone": "012 83", "route": "076 KIAMARIGA", "dma": "N/A", "location": "rangi", "parcelNo": null, "meterSize": "0.5", "remarks": null, "userId": null, "latitude": -0.3864324, "longitude": 37.0886745 }, "geometry": { "type": "Point", "coordinates": [ 37.0886745, -0.3864324 ] } },
{ "type": "Feature", "properties": { "id": "f5c0e458-6a28-460b-9b16-c397c2fbc005", "accountNo": "00096", "name": "EPHANTUS  KINYARI -commercial plot", "phone": "254710205154", "meterNo": "9033000", "accountStatus": "ACTIVE", "accountType": "Domestic", "institution": null, "meterStatus": "METERED", "brand": "younsi", "material": "plastic", "meterClass": "b", "schemeName": "Rural", "zone": "012 83", "route": "013- KIAMARIGA TOWN (Upper Side)", "dma": "N/A", "location": "behind the plot near the gate", "parcelNo": null, "meterSize": "0.5", "remarks": "OK", "userId": null, "latitude": -0.3854833, "longitude": 37.0835399 }, "geometry": { "type": "Point", "coordinates": [ 37.0835399, -0.3854833 ] } },
{ "type": "Feature", "properties": { "id": "f5c0e458-6a28-460b-9b16-c397c1fbc670", "accountNo": "24535", "name": "MERCY WAMBUI MURAGE", "phone": "254722653121", "meterNo": "19095163", "accountStatus": "SEALED", "accountType": "Domestic", "institution": null, "meterStatus": "METERED", "brand": "Younio", "material": "Polymer", "meterClass": "B", "schemeName": "Rural", "zone": "013 84", "route": "087 KIANDAKA", "dma": "N/A", "location": "Inside", "parcelNo": null, "meterSize": "0.5", "remarks": null, "userId": null, "latitude": -0.39336, "longitude": 37.0970244 }, "geometry": { "type": "Point", "coordinates": [ 37.0970244, -0.39336 ] } },
{ "type": "Feature", "properties": { "id": "16245654-c366-4f32-bc78-88925fb847f8", "accountNo": "24578", "name": "ANNAH WAMBUI KABA", "phone": "254729220061", "meterNo": "19094767", "accountStatus": "SEALED", "accountType": "Domestic", "institution": null, "meterStatus": "METERED", "brand": "YUONSO", "material": "Plastic", "meterClass": "B", "schemeName": "Rural", "zone": "013 84", "route": "186 MARIA", "dma": "N/A", "location": "at the entrance", "parcelNo": null, "meterSize": "0.5", "remarks": "sealed", "userId": null, "latitude": -0.3948333, "longitude": 37.0775151 }, "geometry": { "type": "Point", "coordinates": [ 37.0775151, -0.3948333 ] } },
{ "type": "Feature", "properties": { "id": "d2177cfd-75c7-41c8-afaf-ef9da7db846f", "accountNo": "24617", "name": "DAVID NGATIA WANGUI", "phone": "254725176222", "meterNo": "19094435", "accountStatus": "CUT-OFF", "accountType": "Domestic", "institution": "N/A", "meterStatus": "METERED", "brand": "YUONSO", "material": "PLASTIC", "meterClass": "B", "schemeName": "Rural", "zone": "012 83", "route": "KIAIHURU DMA", "dma": "N/A", "location": "along Lela road, near highway ", "parcelNo": null, "meterSize": "0.5", "remarks": null, "userId": null, "latitude": -0.3782841, "longitude": 37.0821244 }, "geometry": { "type": "Point", "coordinates": [ 37.0821244, -0.3782841 ] } },
{ "type": "Feature", "properties": { "id": "f5c0e458-6a28-460b-9b16-c397c5fbc068", "accountNo": "24639", "name": "MIRIAM MATHENGE", "phone": "254722405563", "meterNo": "19095195", "accountStatus": "SEALED", "accountType": "Domestic", "institution": null, "meterStatus": "METERED", "brand": "Younio", "material": "Polymer", "meterClass": "B", "schemeName": "Rural", "zone": "013 84", "route": "187 MUTIINI", "dma": "N/A", "location": "Inside", "parcelNo": null, "meterSize": "0.5", "remarks": null, "userId": null, "latitude": -0.399142, "longitude": 37.0854409 }, "geometry": { "type": "Point", "coordinates": [ 37.0854409, -0.399142 ] } },
{ "type": "Feature", "properties": { "id": "6ede66df-61fa-4264-8ab6-f4341b2bde0b", "accountNo": "00236", "name": "KARAYA  MAINGI", "phone": "254721336497", "meterNo": "21111960", "accountStatus": "ACTIVE", "accountType": "Domestic", "institution": "N/A", "meterStatus": "METERED", "brand": "YUONSO", "material": "PLASTIC", "meterClass": "B", "schemeName": "Rural", "zone": "012 83", "route": "183 GICHORU", "dma": "N/A", "location": "along Gichoru road ", "parcelNo": null, "meterSize": "0.5", "remarks": "gichoru dma ", "userId": null, "latitude": -0.3846941, "longitude": 37.1050057 }, "geometry": { "type": "Point", "coordinates": [ 37.1050057, -0.3846941 ] } },
{ "type": "Feature", "properties": { "id": "f637b4c3-e820-41fd-b094-f084f92c55ed", "accountNo": "24662", "name": "FULL GOSPEL RUGURU", "phone": "254720242905", "meterNo": "19095750", "accountStatus": "CUT-OFF", "accountType": "Institutional", "institution": null, "meterStatus": "METERED", "brand": "YUONSO", "material": "PLASTIC", "meterClass": "B", "schemeName": null, "zone": "012 83", "route": "075 KIANJAU", "dma": "N/A", "location": null, "parcelNo": null, "meterSize": "0.5", "remarks": null, "userId": null, "latitude": -0.383635, "longitude": 37.0970783 }, "geometry": { "type": "Point", "coordinates": [ 37.0970783, -0.383635 ] } },
{ "type": "Feature", "properties": { "id": "f5c0e458-6a28-460b-9b16-c397c8fbb501", "accountNo": "07601", "name": "KABIRUINI   SECONDARY  SCHOOL", "phone": "254700000000", "meterNo": "2000101417", "accountStatus": "ACTIVE", "accountType": "Institutional", "institution": null, "meterStatus": "METERED", "brand": "Aimei", "material": "Polymer", "meterClass": null, "schemeName": "Rural", "zone": "023 82", "route": "0021- INST. 84", "dma": "N/A", "location": null, "parcelNo": "0", "meterSize": "0.8", "remarks": null, "userId": null, "latitude": -0.3935494, "longitude": 37.0898793 }, "geometry": { "type": "Point", "coordinates": [ 37.0898793, -0.3935494 ] } },
{ "type": "Feature", "properties": { "id": "f5c0e458-6a28-460b-9b16-c397c6fbc604", "accountNo": "00012", "name": "KIANJAU  PRIMARY SCHOOL", "phone": "254723854226", "meterNo": "17012302", "accountStatus": "ACTIVE", "accountType": "Domestic", "institution": null, "meterStatus": "METERED", "brand": "YUONSO", "material": "Plastic", "meterClass": "B", "schemeName": "Rural", "zone": "023 82", "route": "0021- INST. 83", "dma": "N/A", "location": "Along Kianjau Road ", "parcelNo": "0", "meterSize": "0.5", "remarks": null, "userId": null, "latitude": -0.3844666, "longitude": 37.0975619 }, "geometry": { "type": "Point", "coordinates": [ 37.09755369155161, -0.384517345208263 ] } },
{ "type": "Feature", "properties": { "id": "f5c0e458-6a28-460b-9b16-c397c4fbc821", "accountNo": "25010", "name": "LOISE NJOKI KAWANJA", "phone": "254723482397", "meterNo": "19096027", "accountStatus": "SEALED", "accountType": "Domestic", "institution": null, "meterStatus": "METERED", "brand": "YUONSO", "material": "Plastic", "meterClass": "B", "schemeName": "Rural", "zone": "013 84", "route": "012 83-KANGOGORO DMA", "dma": "Kangongoro", "location": "kiandaka", "parcelNo": null, "meterSize": "0.5", "remarks": "OK", "userId": null, "latitude": -0.3910921, "longitude": 37.0958181 }, "geometry": { "type": "Point", "coordinates": [ 37.0958181, -0.3910921 ] } },
{ "type": "Feature", "properties": { "id": "130e5e0b-f807-43aa-baae-063798c9b291", "accountNo": "25041", "name": "ALFRED MURAGURI NDIRITU", "phone": "254725529096", "meterNo": "19095465", "accountStatus": "ACTIVE", "accountType": "Domestic", "institution": "N/A", "meterStatus": "METERED", "brand": "YUONSO", "material": "PLASTIC", "meterClass": "B", "schemeName": "Rural", "zone": "012 83", "route": "HIRIGA (83)", "dma": "N/A", "location": "Along hiriga road ", "parcelNo": null, "meterSize": "0.5", "remarks": null, "userId": null, "latitude": -0.3991456, "longitude": 37.0673234 }, "geometry": { "type": "Point", "coordinates": [ 37.0673234, -0.3991456 ] } },
{ "type": "Feature", "properties": { "id": "8bdfb74a-0e6f-4958-bf47-e63c354fce00", "accountNo": "25149", "name": "ISAAC JAMES MURUGU MUCHUCHA", "phone": "254714561425", "meterNo": "19094747", "accountStatus": "DORMANT", "accountType": "Domestic", "institution": null, "meterStatus": "METERED", "brand": "YUONSO", "material": "PLASTIC", "meterClass": "B", "schemeName": null, "zone": "014 85", "route": "230 MAGUTU", "dma": "N/A", "location": null, "parcelNo": null, "meterSize": "0.5", "remarks": null, "userId": null, "latitude": -0.3810046, "longitude": 37.0936576 }, "geometry": { "type": "Point", "coordinates": [ 37.0936576, -0.3810046 ] } },
{ "type": "Feature", "properties": { "id": "b60b8ef1-be02-4509-9eb8-8b3aea590473", "accountNo": "25217", "name": "SUSANA WAMBUI NGURE", "phone": "254721178403", "meterNo": "19096712", "accountStatus": "SEALED", "accountType": "Domestic", "institution": "N/A", "meterStatus": "METERED", "brand": "YUONSO", "material": "PLASTIC", "meterClass": "B", "schemeName": "Rural", "zone": "012 83", "route": "012 83-KIAIHURU DMA", "dma": "N/A", "location": "along Lela road ", "parcelNo": null, "meterSize": "0.5", "remarks": "update meter number for previous mapped ", "userId": null, "latitude": -0.3729224, "longitude": 37.08937 }, "geometry": { "type": "Point", "coordinates": [ 37.08937, -0.3729224 ] } },
{ "type": "Feature", "properties": { "id": "f5c0e458-6a28-460b-9b16-c397c6fbc708", "accountNo": "25218", "name": "JACKSON KIRERU KAHIA", "phone": "254705805591", "meterNo": "19096714", "accountStatus": "ACTIVE", "accountType": "Domestic", "institution": null, "meterStatus": "METERED", "brand": "YUONSO", "material": "Polymer", "meterClass": "A", "schemeName": "Rural", "zone": "012 83", "route": "012 83-KIAMARIGA LOWER DMA", "dma": "N/A", "location": "next the back gate", "parcelNo": null, "meterSize": "0.5", "remarks": "OK", "userId": null, "latitude": -0.3865166, "longitude": 37.0829272 }, "geometry": { "type": "Point", "coordinates": [ 37.0829272, -0.3865166 ] } },
{ "type": "Feature", "properties": { "id": "951e0582-f173-4e51-a81c-c86749a95500", "accountNo": "25229", "name": "BERNARD MWERI MUNYIRI", "phone": "254721300817", "meterNo": "19095334", "accountStatus": "SEALED", "accountType": "Domestic", "institution": null, "meterStatus": "METERED", "brand": "YUONSO", "material": "POLYMER", "meterClass": "A", "schemeName": null, "zone": "012 83", "route": "KIAIHURU DMA", "dma": "N/A", "location": null, "parcelNo": null, "meterSize": "0.5", "remarks": null, "userId": null, "latitude": -0.3731933, "longitude": 37.0848233 }, "geometry": { "type": "Point", "coordinates": [ 37.0848233, -0.3731933 ] } },
{ "type": "Feature", "properties": { "id": "8738c172-5a8a-496e-8c8b-f367587971e3", "accountNo": "25279", "name": "ESTHER WAMBUI KIMANI", "phone": "254723958795", "meterNo": "19095561", "accountStatus": "SEALED", "accountType": "Domestic", "institution": null, "meterStatus": "METERED", "brand": "YUONSO", "material": "PLASTIC", "meterClass": "B", "schemeName": null, "zone": "012 83", "route": "013- BEHIND COFFEE FACTORY", "dma": "Factory Line", "location": null, "parcelNo": null, "meterSize": "0.5", "remarks": null, "userId": null, "latitude": -0.3887722, "longitude": 37.0804276 }, "geometry": { "type": "Point", "coordinates": [ 37.0804276, -0.3887722 ] } },
{ "type": "Feature", "properties": { "id": "45375c15-0966-4c74-af0c-324001554b86", "accountNo": "25280", "name": "MARGARET WAKONYU THEURI", "phone": "254717615871", "meterNo": "19095568", "accountStatus": "DORMANT", "accountType": "Domestic", "institution": "N/A", "meterStatus": "METERED", "brand": "YUONSO", "material": "PLASTIC", "meterClass": "B", "schemeName": "Rural", "zone": "012 83", "route": "HIRIGA (83)", "dma": "N/A", "location": "Along hiriga road ", "parcelNo": null, "meterSize": "0.5", "remarks": null, "userId": null, "latitude": -0.3984877, "longitude": 37.0676448 }, "geometry": { "type": "Point", "coordinates": [ 37.0676448, -0.3984877 ] } },
{ "type": "Feature", "properties": { "id": "fbaf4504-50a2-49ea-b025-3bb3e2a330f2", "accountNo": "25290", "name": "BONIFACE MWAI WANJOHI", "phone": "254703187434", "meterNo": "19095175", "accountStatus": "SEALED", "accountType": "Domestic", "institution": null, "meterStatus": "METERED", "brand": "YUONSO", "material": "Plastic", "meterClass": "C", "schemeName": "Rural", "zone": "013 84", "route": "187 MUTIINI", "dma": "N/A", "location": "Near the gate", "parcelNo": null, "meterSize": "0.5", "remarks": null, "userId": null, "latitude": -0.397952, "longitude": 37.0830585 }, "geometry": { "type": "Point", "coordinates": [ 37.0830585, -0.397952 ] } },
{ "type": "Feature", "properties": { "id": "489695d7-e01c-43c7-9e21-373d6bce0cc5", "accountNo": "25339", "name": "ISAAC NDEGWA MURIUKI", "phone": "254790108473", "meterNo": "19094873", "accountStatus": "SEALED", "accountType": "Domestic", "institution": null, "meterStatus": "METERED", "brand": "YUONSO", "material": "Plastic", "meterClass": "C", "schemeName": "Rural", "zone": "013 84", "route": "012 83-KANGOGORO DMA", "dma": "Kangongoro", "location": "In the farm", "parcelNo": null, "meterSize": "0.5", "remarks": null, "userId": null, "latitude": -0.39, "longitude": 37.1037433 }, "geometry": { "type": "Point", "coordinates": [ 37.1037433, -0.39 ] } },
{ "type": "Feature", "properties": { "id": "ec9a7212-bf51-4698-a04d-8447f040ea9f", "accountNo": "25356", "name": "JACKSON MUCHOKI MWANGI", "phone": "254718283836", "meterNo": "19096365", "accountStatus": "SEALED", "accountType": "Domestic", "institution": null, "meterStatus": "METERED", "brand": "YUONSO", "material": "PLASTIC", "meterClass": "B", "schemeName": null, "zone": "012 83", "route": "012 83-KIAMARIGA LOWER DMA", "dma": "Kiamariga Lower", "location": null, "parcelNo": null, "meterSize": "0.5", "remarks": null, "userId": null, "latitude": -0.3863821, "longitude": 37.0793504 }, "geometry": { "type": "Point", "coordinates": [ 37.0793504, -0.3863821 ] } },
{ "type": "Feature", "properties": { "id": "feda344d-a79e-4c57-be2a-ef0df20be3b9", "accountNo": "25551", "name": "MERCY KANANU PETER", "phone": "254705801125", "meterNo": "19095889", "accountStatus": "SEALED", "accountType": "Domestic", "institution": null, "meterStatus": "METERED", "brand": "YUONSO", "material": "Plastic", "meterClass": "C", "schemeName": "Rural", "zone": "013 84", "route": "217 MIORO", "dma": "N/A", "location": "Along the fence", "parcelNo": null, "meterSize": "0.5", "remarks": null, "userId": null, "latitude": -0.3953467, "longitude": 37.1083 }, "geometry": { "type": "Point", "coordinates": [ 37.1083, -0.3953467 ] } },
{ "type": "Feature", "properties": { "id": "9cb50ceb-663c-44b9-8531-15d9515cc5a6", "accountNo": "25556", "name": "MICHECK GACHINGIRI GITHOGORI", "phone": "254725236827", "meterNo": "19094860", "accountStatus": "SEALED", "accountType": "Domestic", "institution": null, "meterStatus": "METERED", "brand": "YUONSO", "material": "Plastic", "meterClass": "C", "schemeName": "Rural", "zone": "013 84", "route": "217 MIORO", "dma": "N/A", "location": "Along the fence", "parcelNo": null, "meterSize": "0.5", "remarks": null, "userId": null, "latitude": -0.39443, "longitude": 37.108915 }, "geometry": { "type": "Point", "coordinates": [ 37.108915, -0.39443 ] } },
{ "type": "Feature", "properties": { "id": "a9fcf5e3-be02-4ea1-a4f8-cae79840c5cb", "accountNo": "25579", "name": "MARGARET NYAMBURA KARENGO", "phone": "254721455788", "meterNo": "19094534", "accountStatus": "SEALED", "accountType": "Domestic", "institution": null, "meterStatus": "METERED", "brand": "YUONSO", "material": "PLASTIC", "meterClass": "B", "schemeName": null, "zone": "012 83", "route": "012 83-KIAMARIGA LOWER DMA", "dma": "Kiamariga Lower", "location": null, "parcelNo": null, "meterSize": "0.5", "remarks": null, "userId": null, "latitude": -0.3868364, "longitude": 37.0792592 }, "geometry": { "type": "Point", "coordinates": [ 37.0792592, -0.3868364 ] } },
{ "type": "Feature", "properties": { "id": "93c70a43-08e1-432b-ab13-c8bfeb50e9c0", "accountNo": "25582", "name": "MICHEAL WAIGURU KARIUKI", "phone": "254742839909", "meterNo": "19094537", "accountStatus": "SEALED", "accountType": "Domestic", "institution": null, "meterStatus": "METERED", "brand": "YUONSO", "material": "Plastic", "meterClass": "C", "schemeName": "Rural", "zone": "013 84", "route": "187 MUTIINI", "dma": "N/A", "location": "Near the entrance", "parcelNo": null, "meterSize": "0.5", "remarks": null, "userId": null, "latitude": -0.399045, "longitude": 37.0821469 }, "geometry": { "type": "Point", "coordinates": [ 37.0821469, -0.399045 ] } },
{ "type": "Feature", "properties": { "id": "bffde939-e110-4da3-a97a-4b4f12c2bfab", "accountNo": "25764", "name": "STEPHEN MUHINDI KANANDA", "phone": "254705042976", "meterNo": "22034907", "accountStatus": "SEALED", "accountType": "Domestic", "institution": "N/A", "meterStatus": "METERED", "brand": "YUONSO", "material": "PLASTIC", "meterClass": "B", "schemeName": "Rural", "zone": "012 83", "route": "077 KAGATI", "dma": "N/A", "location": "near Kagati field ", "parcelNo": null, "meterSize": "0.5", "remarks": null, "userId": null, "latitude": -0.3888721, "longitude": 37.0696382 }, "geometry": { "type": "Point", "coordinates": [ 37.0696382, -0.3888721 ] } },
{ "type": "Feature", "properties": { "id": "f5c0e458-6a28-460b-9b16-c397c3fbc734", "accountNo": "25788", "name": "ANNAH WAIRIMU MWANGI", "phone": "254726230514", "meterNo": "21068134", "accountStatus": "SEALED", "accountType": "Domestic", "institution": null, "meterStatus": "METERED", "brand": "YUONSO", "material": "Plastic", "meterClass": "B", "schemeName": "Rural", "zone": "012 83", "route": "131 RANGI", "dma": "N/A", "location": "towards nyana", "parcelNo": null, "meterSize": "0.5", "remarks": "sealed", "userId": null, "latitude": -0.3785776, "longitude": 37.0973934 }, "geometry": { "type": "Point", "coordinates": [ 37.097373212523713, -0.378576849396827 ] } },
{ "type": "Feature", "properties": { "id": "d7de16fd-7ab6-4a7f-ace5-0dac34f83793", "accountNo": "25847", "name": "CHARLES MARIGA GICURU", "phone": "254727070445", "meterNo": "21065199", "accountStatus": "ACTIVE", "accountType": "Domestic", "institution": null, "meterStatus": "METERED", "brand": "YUONSO", "material": "Plastic", "meterClass": "C", "schemeName": "Rural", "zone": "013 84", "route": "012 83-KANGOGORO DMA", "dma": "Kangongoro", "location": "Near the Gate", "parcelNo": null, "meterSize": "0.5", "remarks": null, "userId": null, "latitude": -0.3902017, "longitude": 37.1028 }, "geometry": { "type": "Point", "coordinates": [ 37.1028, -0.3902017 ] } },
{ "type": "Feature", "properties": { "id": "343abd0e-d4b3-455f-92c9-1758402452fa", "accountNo": "25890", "name": "SUSAN WANJIKU NJUGUNA", "phone": "254704196742", "meterNo": "21110951", "accountStatus": "SEALED", "accountType": "Domestic", "institution": null, "meterStatus": "METERED", "brand": "YUONSO", "material": "PLASTIC", "meterClass": "B", "schemeName": null, "zone": "012 83", "route": "131 RANGI", "dma": "N/A", "location": "along Rangi road ", "parcelNo": null, "meterSize": "0.5", "remarks": null, "userId": null, "latitude": -0.3772235, "longitude": 37.0954377 }, "geometry": { "type": "Point", "coordinates": [ 37.0954377, -0.3772235 ] } },
{ "type": "Feature", "properties": { "id": "12e0caff-66fa-410f-a0fd-96c0c1e52dfd", "accountNo": "25954", "name": "MICHECK GACHINGIRI KAROBIA", "phone": "254703185710", "meterNo": "21109036", "accountStatus": "SEALED", "accountType": "Domestic", "institution": null, "meterStatus": "METERED", "brand": "YUONSO", "material": "Plastic", "meterClass": "C", "schemeName": "Rural", "zone": "013 84", "route": "217 MIORO", "dma": "N/A", "location": "Near the gate", "parcelNo": null, "meterSize": "0.5", "remarks": null, "userId": null, "latitude": -0.3948366, "longitude": 37.1086217 }, "geometry": { "type": "Point", "coordinates": [ 37.1086217, -0.3948366 ] } },
{ "type": "Feature", "properties": { "id": "840334f4-f907-4b51-89d8-05fc3e24c2b3", "accountNo": "26029", "name": "CHARLES MUTITU MATHENGE", "phone": "254726353236", "meterNo": "21112811", "accountStatus": "SEALED", "accountType": "Domestic", "institution": null, "meterStatus": "METERED", "brand": "YUONSO", "material": "Plastic", "meterClass": "C", "schemeName": "Rural", "zone": "013 84", "route": "082 KABIRUINI", "dma": "N/A", "location": "Along the fence", "parcelNo": null, "meterSize": "0.5", "remarks": null, "userId": null, "latitude": -0.3950108, "longitude": 37.0844775 }, "geometry": { "type": "Point", "coordinates": [ 37.0844775, -0.3950108 ] } },
{ "type": "Feature", "properties": { "id": "a0ab0f79-1404-452a-a83b-9a001b2a9575", "accountNo": "26056", "name": "JANE WANGUI MURIITHI", "phone": "254723847819", "meterNo": "22037427", "accountStatus": "SEALED", "accountType": "Domestic", "institution": "N/A", "meterStatus": "METERED", "brand": null, "material": null, "meterClass": null, "schemeName": "Rural", "zone": "012 83", "route": "HIRIGA (83)", "dma": "N/A", "location": "along hiriga road ", "parcelNo": null, "meterSize": "0.5", "remarks": null, "userId": null, "latitude": -0.393538, "longitude": 37.0655834 }, "geometry": { "type": "Point", "coordinates": [ 37.0655834, -0.393538 ] } },
{ "type": "Feature", "properties": { "id": "f5c0e458-6a28-460b-9b16-c397c2fbc149", "accountNo": "26065", "name": "STEPHEN MWANIKI MUGO", "phone": "254726317400", "meterNo": "21111672", "accountStatus": "CLOSED", "accountType": "Domestic", "institution": null, "meterStatus": "METERED", "brand": "Younso", "material": "Plastic", "meterClass": "B", "schemeName": "Rural", "zone": "013 84", "route": "013 84-KINGUKIRO", "dma": "N/A", "location": "kabiruini", "parcelNo": null, "meterSize": "0.5", "remarks": null, "userId": null, "latitude": -0.3982783, "longitude": 37.0902985 }, "geometry": { "type": "Point", "coordinates": [ 37.0902985, -0.3982783 ] } },
{ "type": "Feature", "properties": { "id": "f5c0e458-6a28-460b-9b16-c397c2fbc263", "accountNo": "26069", "name": "CHARLES NJAU KING'ECHA", "phone": "254727815578", "meterNo": "21113256", "accountStatus": "ACTIVE", "accountType": "Domestic", "institution": null, "meterStatus": "METERED", "brand": "YUONSO", "material": "Plastic", "meterClass": "B", "schemeName": "Rural", "zone": "013 84", "route": "013 84-KINGUKIRO", "dma": "N/A", "location": "king'ukiro", "parcelNo": null, "meterSize": "0.5", "remarks": "OK", "userId": null, "latitude": -0.39805, "longitude": 37.094625 }, "geometry": { "type": "Point", "coordinates": [ 37.094625, -0.39805 ] } },
{ "type": "Feature", "properties": { "id": "f5c0e458-6a28-460b-9b16-c397c8fbb676", "accountNo": "26084", "name": "DICKSON RUNYORA MUKABURU", "phone": "254724118039", "meterNo": "21112976", "accountStatus": "CUT-OFF", "accountType": "Domestic", "institution": null, "meterStatus": "METERED", "brand": "YUONSO", "material": "Plastic", "meterClass": "B", "schemeName": "Rural", "zone": "013 84", "route": "013 84-KINGUKIRO", "dma": "N/A", "location": "king'ukiro towards kihuri", "parcelNo": null, "meterSize": "0.5", "remarks": "OK", "userId": null, "latitude": -0.3939382, "longitude": 37.0983892 }, "geometry": { "type": "Point", "coordinates": [ 37.0983892, -0.3939382 ] } },
{ "type": "Feature", "properties": { "id": "f5c0e458-6a28-460b-9b16-c397c4fbc863", "accountNo": "26086", "name": "NANCY MUTHONI MWANGI", "phone": "254720534802", "meterNo": "21112919", "accountStatus": "ACTIVE", "accountType": "Domestic", "institution": null, "meterStatus": "METERED", "brand": "YUONSO", "material": "Plastic", "meterClass": "B", "schemeName": "Rural", "zone": "013 84", "route": "013 84-KINGUKIRO", "dma": "N/A", "location": "king'ukiro", "parcelNo": null, "meterSize": "0.5", "remarks": "OK", "userId": null, "latitude": -0.3967371, "longitude": 37.0963831 }, "geometry": { "type": "Point", "coordinates": [ 37.0963831, -0.3967371 ] } },
{ "type": "Feature", "properties": { "id": "003e7b47-3a01-49e2-bc44-94f686e0fa84", "accountNo": "26087", "name": "NANCY NYARUAI KOGI", "phone": "254710826864", "meterNo": "25039153", "accountStatus": "NEW", "accountType": "Domestic", "institution": "", "meterStatus": "Metered", "brand": "YUONSO", "material": "Plastic", "meterClass": "C", "schemeName": "Rural", "zone": "013 84", "route": "013 84-KINGUKIRO", "dma": "King'ukiro", "location": "Neighbors Gachariras home ", "parcelNo": "1470", "meterSize": "0.5", "remarks": "Installed ", "userId": "31b2fb3c-f8a3-475a-8c2f-518f33fe8576", "latitude": -0.3981367, "longitude": 37.0946683 }, "geometry": { "type": "Point", "coordinates": [ 37.0946683, -0.3981367 ] } },
{ "type": "Feature", "properties": { "id": "f5c0e458-6a28-460b-9b16-c397c8fbb702", "accountNo": "26095", "name": "RICHARD MAINA MWAGO", "phone": "254720226717", "meterNo": "21109435", "accountStatus": "SEALED", "accountType": "Domestic", "institution": null, "meterStatus": "METERED", "brand": "YUONSO", "material": "Plastic", "meterClass": "B", "schemeName": "Rural", "zone": "013 84", "route": "013 84-KINGUKIRO", "dma": "N/A", "location": "king'ukiro", "parcelNo": null, "meterSize": "0.5", "remarks": "OK", "userId": null, "latitude": -0.39809, "longitude": 37.0942166 }, "geometry": { "type": "Point", "coordinates": [ 37.0942166, -0.39809 ] } },
{ "type": "Feature", "properties": { "id": "f5c0e458-6a28-460b-9b16-c397c1fbc643", "accountNo": "26155", "name": "BEATRICE  NYARUI KIREMBU", "phone": "254710481519", "meterNo": "21109161", "accountStatus": "SEALED", "accountType": "Domestic", "institution": null, "meterStatus": "METERED", "brand": "younso", "material": "plastic", "meterClass": "b", "schemeName": "Rural", "zone": "013 84", "route": "082 KABIRUINI", "dma": "N/A", "location": "along njathaini road", "parcelNo": null, "meterSize": "0.5", "remarks": "OK", "userId": null, "latitude": -0.3933379, "longitude": 37.0939382 }, "geometry": { "type": "Point", "coordinates": [ 37.0939382, -0.3933379 ] } },
{ "type": "Feature", "properties": { "id": "f5c0e458-6a28-460b-9b16-c397c8fbb685", "accountNo": "26162", "name": "JOHN MAINA NJERU", "phone": "254722511246", "meterNo": "21109163", "accountStatus": "SEALED", "accountType": "Domestic", "institution": null, "meterStatus": "METERED", "brand": "Younso", "material": "plastic", "meterClass": "B", "schemeName": "Rural", "zone": "013 84", "route": "082 KABIRUINI", "dma": "N/A", "location": "along njathaini road", "parcelNo": null, "meterSize": "0.5", "remarks": "OK", "userId": null, "latitude": -0.3933033, "longitude": 37.094185 }, "geometry": { "type": "Point", "coordinates": [ 37.094185, -0.3933033 ] } },
{ "type": "Feature", "properties": { "id": "b2e8b39b-c659-4cde-8629-3867a2473f12", "accountNo": "26175", "name": "DAVID NDIRITU MURIITHI", "phone": "254722706690", "meterNo": "21109165", "accountStatus": "SEALED", "accountType": "Domestic", "institution": "N/A", "meterStatus": "METERED", "brand": "OTHER", "material": "PLASTIC", "meterClass": "B", "schemeName": "Rural", "zone": "012 83", "route": "183 GICHORU", "dma": "N/A", "location": "along Gichoru road ", "parcelNo": null, "meterSize": "0.5", "remarks": null, "userId": null, "latitude": -0.3809336, "longitude": 37.1018782 }, "geometry": { "type": "Point", "coordinates": [ 37.1018782, -0.3809336 ] } },
{ "type": "Feature", "properties": { "id": "d5c7439a-b71d-4595-a4f2-2831d62f025a", "accountNo": "26234", "name": "JOHN IRIMU KABAGE", "phone": "254723336682", "meterNo": "2113164", "accountStatus": "ACTIVE", "accountType": "Domestic", "institution": null, "meterStatus": "METERED", "brand": "YUONSO", "material": "Plastic", "meterClass": "C", "schemeName": "Rural", "zone": "012 83", "route": "183 GICHORU", "dma": "N/A", "location": "Near the house", "parcelNo": null, "meterSize": "0.5", "remarks": null, "userId": null, "latitude": -0.3799037, "longitude": 37.1012067 }, "geometry": { "type": "Point", "coordinates": [ 37.1012067, -0.3799037 ] } },
{ "type": "Feature", "properties": { "id": "f5c0e458-6a28-460b-9b16-c397c2fbc163", "accountNo": "26311", "name": "TERESIA WANGECHI WANYAGA", "phone": "254719165903", "meterNo": "21113206", "accountStatus": "CLOSED", "accountType": "Domestic", "institution": null, "meterStatus": "METERED", "brand": "Younso", "material": "Plastic", "meterClass": "B", "schemeName": "Rural", "zone": "012 83", "route": "NGORANO", "dma": "N/A", "location": "ngorano dispensary", "parcelNo": null, "meterSize": "0.5", "remarks": null, "userId": null, "latitude": -0.41339, "longitude": 37.0645834 }, "geometry": { "type": "Point", "coordinates": [ 37.0645834, -0.41339 ] } },
{ "type": "Feature", "properties": { "id": "f5c0e458-6a28-460b-9b16-c397c6fbc965", "accountNo": "26312", "name": "JERUSHA WANJIKU WARUGURU", "phone": "254723087080", "meterNo": "21113202", "accountStatus": "CLOSED", "accountType": "Domestic", "institution": null, "meterStatus": "METERED", "brand": "Younso", "material": "Plastic", "meterClass": "B", "schemeName": "Rural", "zone": "012 83", "route": "NGORANO", "dma": "N/A", "location": "ngorano dispensary", "parcelNo": null, "meterSize": "0.5", "remarks": null, "userId": null, "latitude": -0.4134246, "longitude": 37.0649112 }, "geometry": { "type": "Point", "coordinates": [ 37.0649112, -0.4134246 ] } },
{ "type": "Feature", "properties": { "id": "f5c0e458-6a28-460b-9b16-c397c8fbb548", "accountNo": "26339", "name": "MARY WANGUI MWANIKI", "phone": "254713590008", "meterNo": "21111905", "accountStatus": "CLOSED", "accountType": "Domestic", "institution": null, "meterStatus": "METERED", "brand": "Younso", "material": "Plastic ", "meterClass": "B", "schemeName": "Rural", "zone": "013 84", "route": "082 KABIRUINI", "dma": "N/A", "location": "neighbors kabiruini cattle dip", "parcelNo": null, "meterSize": "0.5", "remarks": null, "userId": null, "latitude": -0.3980067, "longitude": 37.09015 }, "geometry": { "type": "Point", "coordinates": [ 37.09015, -0.3980067 ] } },
{ "type": "Feature", "properties": { "id": "f5c0e458-6a28-460b-9b16-c397c8fbb544", "accountNo": "26354", "name": "JOHNSTONE MUTHANGA KANYEKI", "phone": "254721429482", "meterNo": "21110143", "accountStatus": "ACTIVE", "accountType": "Domestic", "institution": null, "meterStatus": "METERED", "brand": "Younso ", "material": "plastic ", "meterClass": "b", "schemeName": "Rural", "zone": "013 84", "route": "187 MUTIINI", "dma": "N/A", "location": "Near Main road Krt Kabiru-ini ", "parcelNo": null, "meterSize": "0.5", "remarks": null, "userId": null, "latitude": -0.3976933, "longitude": 37.0874483 }, "geometry": { "type": "Point", "coordinates": [ 37.0874483, -0.3976933 ] } },
{ "type": "Feature", "properties": { "id": "f5c0e458-6a28-460b-9b16-c397c8fbb551", "accountNo": "26358", "name": "PURITY KANANU NKANACI", "phone": "254729136869", "meterNo": "21110148", "accountStatus": "SEALED", "accountType": "Domestic", "institution": null, "meterStatus": "METERED", "brand": "younso ", "material": " plastic ", "meterClass": "b", "schemeName": "Rural", "zone": "013 84", "route": "013 84-KINGUKIRO", "dma": "N/A", "location": "Near Kabiru-ini Krt junction 150m", "parcelNo": null, "meterSize": "0.5", "remarks": null, "userId": null, "latitude": -0.3986957, "longitude": 37.092159 }, "geometry": { "type": "Point", "coordinates": [ 37.092159, -0.3986957 ] } },
{ "type": "Feature", "properties": { "id": "b845b40a-ede7-42ee-af3d-68a105a4add0", "accountNo": "26414", "name": "FESTUS KARURI MWANGI", "phone": "254704390699", "meterNo": "2111902", "accountStatus": "CLOSED", "accountType": "Domestic", "institution": null, "meterStatus": "METERED", "brand": null, "material": "Plastic", "meterClass": "C", "schemeName": "Rural", "zone": "018 TUMUTUMU - 87", "route": "286 MBOGOINI B", "dma": "N/A", "location": "Near the gate", "parcelNo": null, "meterSize": "0.5", "remarks": null, "userId": null, "latitude": -0.3984711, "longitude": 37.0897337 }, "geometry": { "type": "Point", "coordinates": [ 37.0897337, -0.3984711 ] } },
{ "type": "Feature", "properties": { "id": "f5c0e458-6a28-460b-9b16-c397c8fbb847", "accountNo": "26429", "name": "LUCY WANGARI KAMAU", "phone": "254700104965", "meterNo": "9034040", "accountStatus": "SEALED", "accountType": "Domestic", "institution": null, "meterStatus": "METERED", "brand": "younso", "material": "plastic", "meterClass": "B", "schemeName": "Rural", "zone": "012 83", "route": "012 83-KIAMARIGA LOWER DMA", "dma": "N/A", "location": "kiamariga", "parcelNo": null, "meterSize": "0.5", "remarks": "new connection", "userId": null, "latitude": -0.3846081, "longitude": 37.0815928 }, "geometry": { "type": "Point", "coordinates": [ 37.0815928, -0.3846081 ] } },
{ "type": "Feature", "properties": { "id": "01c56c4e-e6e0-43b5-9676-cef788421321", "accountNo": "26836", "name": "JORAM NDERITU MUGO", "phone": "254705461363", "meterNo": "23178560", "accountStatus": "SEALED", "accountType": "Domestic", "institution": "ACTIVE", "meterStatus": "METERED", "brand": "YUONSO", "material": "PLASTIC", "meterClass": "B", "schemeName": null, "zone": "013 84", "route": "082 KABIRUINI", "dma": "N/A", "location": "behind Gms", "parcelNo": "3035", "meterSize": "0.5", "remarks": "installed ", "userId": null, "latitude": -0.3976324, "longitude": 37.0889852 }, "geometry": { "type": "Point", "coordinates": [ 37.0889852, -0.3976324 ] } },
{ "type": "Feature", "properties": { "id": "f5c0e458-6a28-460b-9b16-c397c9fbc358", "accountNo": "26945", "name": "DAVID NDIRITU MWANGI", "phone": "254712773915", "meterNo": "23039210", "accountStatus": "SEALED", "accountType": "Domestic", "institution": null, "meterStatus": "METERED", "brand": "YUONSO", "material": "POLYMER", "meterClass": "A", "schemeName": null, "zone": "013 84", "route": "187 MUTIINI", "dma": "N/A", "location": "kabiruini ", "parcelNo": "342", "meterSize": "0.5", "remarks": null, "userId": null, "latitude": -0.4080385, "longitude": 37.0830264 }, "geometry": { "type": "Point", "coordinates": [ 37.0830264, -0.4080385 ] } },
{ "type": "Feature", "properties": { "id": "047dd435-b988-46b9-bc31-346501826c7c", "accountNo": "26954", "name": "RICHARD KINYUA GITHUI", "phone": "254722491905", "meterNo": "23 039407", "accountStatus": "SEALED", "accountType": "Domestic", "institution": null, "meterStatus": "METERED", "brand": "YUONSO", "material": "Plastic", "meterClass": "B", "schemeName": "Rural", "zone": "013 84", "route": "187 MUTIINI", "dma": "N/A", "location": "mutiini village", "parcelNo": null, "meterSize": "0.5", "remarks": "installed", "userId": null, "latitude": -0.4037523, "longitude": 37.0861891 }, "geometry": { "type": "Point", "coordinates": [ 37.0861891, -0.4037523 ] } },
{ "type": "Feature", "properties": { "id": "f5c0e458-6a28-460b-9b16-c397c9fbc364", "accountNo": "26957", "name": "GEOFFREY JUMA MURIUKI", "phone": "254722688405", "meterNo": "23039207", "accountStatus": "SEALED", "accountType": "Domestic", "institution": null, "meterStatus": "METERED", "brand": "YUONSO", "material": "POLYMER", "meterClass": "A", "schemeName": null, "zone": "013 84", "route": "187 MUTIINI", "dma": "N/A", "location": "kabiruini ", "parcelNo": "3042", "meterSize": "0.5", "remarks": null, "userId": null, "latitude": -0.4051998, "longitude": 37.0844605 }, "geometry": { "type": "Point", "coordinates": [ 37.0844605, -0.4051998 ] } },
{ "type": "Feature", "properties": { "id": "61f45a9e-bba5-4855-ad8a-fc765854f77e", "accountNo": "26962", "name": "STANELY NGUNU KEHARA", "phone": "254723163829", "meterNo": "23041243", "accountStatus": "DORMANT", "accountType": "Domestic", "institution": null, "meterStatus": "METERED", "brand": "YUONSO", "material": "Plastic", "meterClass": "C", "schemeName": "Rural", "zone": "013 84", "route": "187 MUTIINI", "dma": "N/A", "location": "Near the gate ", "parcelNo": null, "meterSize": "0.5", "remarks": null, "userId": null, "latitude": -0.3987494, "longitude": 37.0883012 }, "geometry": { "type": "Point", "coordinates": [ 37.0883012, -0.3987494 ] } },
{ "type": "Feature", "properties": { "id": "93d95318-145c-4adb-b678-dae98a89abf2", "accountNo": "27005", "name": "STANLEY MAINA MWANIKI", "phone": "254726213989", "meterNo": "23041245", "accountStatus": "CLOSED", "accountType": "Domestic", "institution": null, "meterStatus": "METERED", "brand": "YUONSO", "material": "Plastic", "meterClass": "C", "schemeName": "Rural", "zone": "013 84", "route": "187 MUTIINI", "dma": "N/A", "location": "In the farm", "parcelNo": null, "meterSize": "0.5", "remarks": null, "userId": null, "latitude": -0.3976636, "longitude": 37.0881268 }, "geometry": { "type": "Point", "coordinates": [ 37.0881268, -0.3976636 ] } },
{ "type": "Feature", "properties": { "id": "f5c0e458-6a28-460b-9b16-c397c9fbc366", "accountNo": "27019", "name": "MILICENT WARIGIA WACHIRA", "phone": "254720823799", "meterNo": "23040901", "accountStatus": "SEALED", "accountType": "Domestic", "institution": null, "meterStatus": "METERED", "brand": "YUONSO", "material": "POLYMER", "meterClass": "A", "schemeName": null, "zone": "013 84", "route": "187 MUTIINI", "dma": "N/A", "location": "kabiruini ", "parcelNo": "415", "meterSize": "0.5", "remarks": null, "userId": null, "latitude": -0.4028579, "longitude": 37.0871399 }, "geometry": { "type": "Point", "coordinates": [ 37.0871399, -0.4028579 ] } },
{ "type": "Feature", "properties": { "id": "067f2a0f-aa8c-4853-ad5a-4adc65e1b487", "accountNo": "27045", "name": "JOHN MAINA GATHOGO", "phone": "254714020058", "meterNo": "23037623", "accountStatus": "CLOSED", "accountType": "Domestic", "institution": null, "meterStatus": "METERED", "brand": "YUONSO", "material": "Plastic", "meterClass": "C", "schemeName": "Rural", "zone": "013 84", "route": "089 NJATHEINI", "dma": "N/A", "location": "Along the fence", "parcelNo": null, "meterSize": "0.5", "remarks": null, "userId": null, "latitude": -0.396145, "longitude": 37.1038317 }, "geometry": { "type": "Point", "coordinates": [ 37.1038317, -0.396145 ] } },
{ "type": "Feature", "properties": { "id": "510bf68a-d6ee-42bf-81c0-aceae767a798", "accountNo": "27050", "name": "CHARITY WANGARI KIBARA", "phone": "254729430069", "meterNo": "23037624", "accountStatus": "ACTIVE", "accountType": "Domestic", "institution": null, "meterStatus": "METERED", "brand": "YUONSO", "material": "PLASTIC", "meterClass": "B", "schemeName": null, "zone": "012 83", "route": "076 KIAMARIGA", "dma": "Factory Line", "location": null, "parcelNo": null, "meterSize": "0.5", "remarks": null, "userId": null, "latitude": -0.3874995, "longitude": 37.0846124 }, "geometry": { "type": "Point", "coordinates": [ 37.0846124, -0.3874995 ] } },
{ "type": "Feature", "properties": { "id": "8d50598e-582d-4f0f-855b-552eb67e3cd7", "accountNo": "27079", "name": "AGNES WANJA MWANGI", "phone": "254722830568", "meterNo": "23041056", "accountStatus": "SEALED", "accountType": "Domestic", "institution": null, "meterStatus": "METERED", "brand": "YUONSO", "material": "Plastic", "meterClass": "C", "schemeName": "Rural", "zone": "013 84", "route": "187 MUTIINI", "dma": "N/A", "location": "Near the house ", "parcelNo": null, "meterSize": "0.5", "remarks": null, "userId": null, "latitude": -0.4025774, "longitude": 37.086982 }, "geometry": { "type": "Point", "coordinates": [ 37.086982, -0.4025774 ] } },
{ "type": "Feature", "properties": { "id": "da6de275-3add-48bb-8f96-a841088edd65", "accountNo": "27139", "name": "NANCY NYAGUTHI KAGUAMBA", "phone": "254728459639", "meterNo": "23039595", "accountStatus": "ACTIVE", "accountType": "Domestic", "institution": null, "meterStatus": "METERED", "brand": "YUONSO", "material": "Plastic", "meterClass": "C", "schemeName": "Rural", "zone": "013 84", "route": "012 83-KANGOGORO DMA", "dma": "Kangongoro", "location": "Near the gate", "parcelNo": null, "meterSize": "0.5", "remarks": null, "userId": null, "latitude": -0.3900982, "longitude": 37.1027853 }, "geometry": { "type": "Point", "coordinates": [ 37.1027853, -0.3900982 ] } },
{ "type": "Feature", "properties": { "id": "35a2a122-38b9-4625-b055-64ff76ab27c8", "accountNo": "27168", "name": "BENSON MATHENGE MWAI", "phone": "254707145813", "meterNo": "22231059", "accountStatus": "CLOSED", "accountType": "Domestic", "institution": null, "meterStatus": "METERED", "brand": "YUONSO", "material": "PLASTIC", "meterClass": "B", "schemeName": null, "zone": "012 83", "route": "076 KIAMARIGA", "dma": "N/A", "location": "behind factory ", "parcelNo": "RUGURU/KIAMARIGA/3006", "meterSize": "0.5", "remarks": "Installed ", "userId": null, "latitude": -0.3880502, "longitude": 37.0830385 }, "geometry": { "type": "Point", "coordinates": [ 37.0830385, -0.3880502 ] } },
{ "type": "Feature", "properties": { "id": "6ad8ba1b-8c0d-4365-a0fc-0b0d9afb83a7", "accountNo": "27191", "name": "JACKSON MAINA NJOGU", "phone": "254743932535", "meterNo": "23 039233", "accountStatus": "ACTIVE", "accountType": "Domestic", "institution": null, "meterStatus": "METERED", "brand": "YUONSO", "material": "PLASTIC", "meterClass": "B", "schemeName": null, "zone": "012 83", "route": "075 KIANJAU", "dma": "N/A", "location": "near kianjau primary school", "parcelNo": "N/A", "meterSize": "0.5", "remarks": "installed", "userId": null, "latitude": -0.384544, "longitude": 37.0985903 }, "geometry": { "type": "Point", "coordinates": [ 37.0985903, -0.384544 ] } },
{ "type": "Feature", "properties": { "id": "bc137f21-d428-49a2-9db5-9c0b0ff0def0", "accountNo": "27295", "name": "JOHN NJOGU KINAITI", "phone": "254721578008", "meterNo": "23181093", "accountStatus": "ACTIVE", "accountType": "Domestic", "institution": null, "meterStatus": "METERED", "brand": "YUONSO", "material": "PLASTIC", "meterClass": "B", "schemeName": null, "zone": "012 83", "route": "075 KIANJAU", "dma": "N/A", "location": "Near mains", "parcelNo": "420", "meterSize": "0.5", "remarks": "Installed ", "userId": null, "latitude": -0.3867683, "longitude": 37.0995283 }, "geometry": { "type": "Point", "coordinates": [ 37.0995283, -0.3867683 ] } },
{ "type": "Feature", "properties": { "id": "52eba945-3afb-469c-9304-b4eb7e2f34ee", "accountNo": "27451", "name": "ROSEMARY WANJIKU GATHANDI", "phone": "254723480084", "meterNo": "23180138", "accountStatus": "SEALED", "accountType": "Domestic", "institution": "ACTIVE", "meterStatus": "METERED", "brand": "YUONSO", "material": "PLASTIC", "meterClass": "B", "schemeName": null, "zone": "012 83", "route": "076 KIAMARIGA", "dma": "Factory Line", "location": "Near Kagiris meter ", "parcelNo": "1033", "meterSize": "0.5", "remarks": "Installed ", "userId": null, "latitude": -0.3890367, "longitude": 37.079655 }, "geometry": { "type": "Point", "coordinates": [ 37.079655, -0.3890367 ] } },
{ "type": "Feature", "properties": { "id": "f3e5c7f2-f86d-44ec-adbb-a13ace8f12d3", "accountNo": "27483", "name": "WILSON NDEGWA KIMENYI", "phone": "254718236432", "meterNo": "23180551", "accountStatus": "ACTIVE", "accountType": "Domestic", "institution": "ACTIVE", "meterStatus": "METERED", "brand": "YUONSO", "material": "PLASTIC", "meterClass": "B", "schemeName": null, "zone": "012 83", "route": "075 KIANJAU", "dma": "N/A", "location": "Kianjau upper lane 2nd gate on your left ", "parcelNo": "876", "meterSize": "0.5", "remarks": "Installed ", "userId": null, "latitude": -0.3812097, "longitude": 37.0995658 }, "geometry": { "type": "Point", "coordinates": [ 37.0995658, -0.3812097 ] } },
{ "type": "Feature", "properties": { "id": "00d21e8d-e3f9-4d82-a58e-93740d1db83d", "accountNo": "27485", "name": "MARGARET WANGUI GATHUTHI", "phone": "254713232969", "meterNo": "23177141", "accountStatus": "ACTIVE", "accountType": "Domestic", "institution": "ACTIVE", "meterStatus": "METERED", "brand": "YUONSO", "material": "PLASTIC", "meterClass": "B", "schemeName": null, "zone": "013 84", "route": "082 KABIRUINI", "dma": "N/A", "location": "Kabiruini junction heading to Ngorano 300m on your right ", "parcelNo": "657", "meterSize": "0.5", "remarks": "Installed ", "userId": null, "latitude": -0.3946329, "longitude": 37.0845411 }, "geometry": { "type": "Point", "coordinates": [ 37.0845411, -0.3946329 ] } },
{ "type": "Feature", "properties": { "id": "d8d041b8-4e5a-4254-a306-7c992f72522a", "accountNo": "27506", "name": "DAVID MUNG'ORA KIMUNYA", "phone": "254729095273", "meterNo": "24015500", "accountStatus": "SEALED", "accountType": "Domestic", "institution": null, "meterStatus": "METERED", "brand": "YUONSO", "material": "Plastic", "meterClass": "B", "schemeName": null, "zone": "012 83", "route": "076 KIAMARIGA", "dma": "N/A", "location": null, "parcelNo": "RUGURU/KIAMARIGA/1443", "meterSize": "0.5", "remarks": null, "userId": null, "latitude": -0.378265, "longitude": 37.0965451 }, "geometry": { "type": "Point", "coordinates": [ 37.0965451, -0.378265 ] } },
{ "type": "Feature", "properties": { "id": "82aca2f1-df5a-40e7-b4c8-4b981d12ca94", "accountNo": "27716", "name": "TERESAH NYAGUTHII WANJAU", "phone": "254725772076", "meterNo": "24 042095", "accountStatus": "ACTIVE", "accountType": "Domestic", "institution": null, "meterStatus": "METERED", "brand": "YUONSO", "material": "Plastic", "meterClass": "C", "schemeName": "Rural", "zone": "012 83", "route": "076 KIAMARIGA", "dma": "Kiamariga Lower", "location": "factory lane", "parcelNo": "3101", "meterSize": "1.5", "remarks": "installed", "userId": null, "latitude": -0.3894083, "longitude": 37.07841 }, "geometry": { "type": "Point", "coordinates": [ 37.07841, -0.3894083 ] } },
{ "type": "Feature", "properties": { "id": "f3208703-579a-4bb6-80b9-3d22155b8f47", "accountNo": "27746", "name": "JOSEPH NDORIA NDAMBURI", "phone": "254702163723", "meterNo": "23180065", "accountStatus": "ACTIVE", "accountType": "Domestic", "institution": null, "meterStatus": "METERED", "brand": "YUONSO", "material": "Polymer", "meterClass": "C", "schemeName": "Rural", "zone": "012 83", "route": "070 RUGURU", "dma": "Factory Line", "location": "Near Wakiama", "parcelNo": "3099", "meterSize": "0.5", "remarks": "Installed ", "userId": null, "latitude": -0.3888083, "longitude": 37.0780583 }, "geometry": { "type": "Point", "coordinates": [ 37.0780583, -0.3888083 ] } },
{ "type": "Feature", "properties": { "id": "78825970-f2e5-4c0c-9857-9fbf59ee0fb9", "accountNo": "27897", "name": "NAPHTALY MUGI THOITHI", "phone": "254717166909", "meterNo": "20000258517", "accountStatus": "ACTIVE", "accountType": "Domestic", "institution": null, "meterStatus": "METERED", "brand": "TWSB", "material": "Plastic", "meterClass": "C", "schemeName": "Rural", "zone": "013 84", "route": "089 NJATHEINI", "dma": "Factory Line", "location": "Njatheini ", "parcelNo": null, "meterSize": "0.75", "remarks": "metered ", "userId": null, "latitude": -0.3874683, "longitude": 37.1086283 }, "geometry": { "type": "Point", "coordinates": [ 37.1086283, -0.3874683 ] } },
{ "type": "Feature", "properties": { "id": "f71759a5-0364-4474-8650-55e462985ab5", "accountNo": "27934", "name": "JOHN GICHURU NJOGU", "phone": "254722926783", "meterNo": "2000222017", "accountStatus": "ACTIVE", "accountType": "Domestic", "institution": null, "meterStatus": "METERED", "brand": "TWSB", "material": "Plastic", "meterClass": "C", "schemeName": "Rural", "zone": "012 83", "route": "076 KIAMARIGA", "dma": "N/A", "location": "Kiamariga ", "parcelNo": null, "meterSize": "0.75", "remarks": "new", "userId": null, "latitude": -0.3870367, "longitude": 37.0851567 }, "geometry": { "type": "Point", "coordinates": [ 37.0851567, -0.3870367 ] } },
{ "type": "Feature", "properties": { "id": "8f5bf335-d37a-45c0-b1e5-5325d8863eef", "accountNo": "28040", "name": "LUCY WAMUYU KIAGO", "phone": "254721179171", "meterNo": "TWSB2000248417", "accountStatus": "ACTIVE", "accountType": "Domestic", "institution": null, "meterStatus": "METERED", "brand": "TWSB", "material": "Plastic", "meterClass": "C", "schemeName": "Rural", "zone": "012 83", "route": "258 NJATHEINI", "dma": "N/A", "location": "Inside plot", "parcelNo": "1750", "meterSize": "0.75", "remarks": "Installed ", "userId": null, "latitude": -0.3944333, "longitude": 37.1004233 }, "geometry": { "type": "Point", "coordinates": [ 37.1004233, -0.3944333 ] } },
{ "type": "Feature", "properties": { "id": "feef0cb9-5313-4d49-8ea9-7f026a996ac9", "accountNo": "28089", "name": "JANE MUMBI MURIUKI", "phone": "254720470180", "meterNo": "25007159", "accountStatus": "NEW", "accountType": "Domestic", "institution": "Small", "meterStatus": "Metered", "brand": "YUONSO", "material": "Plastic", "meterClass": "C", "schemeName": "Rural", "zone": "012 83", "route": "076 KIAMARIGA", "dma": "Factory Line", "location": "kiamariga", "parcelNo": "", "meterSize": "0.5", "remarks": "new", "userId": "168cf595-aa2d-4640-b148-af8b90c6857c", "latitude": -0.3850916, "longitude": 37.0846978 }, "geometry": { "type": "Point", "coordinates": [ 37.0846978, -0.3850916 ] } },
{ "type": "Feature", "properties": { "id": "562949ae-e627-4d15-a592-d76b17924a49", "accountNo": "28128", "name": "MARGARET HIUKO MACHARIA", "phone": "254794717533", "meterNo": "25007251", "accountStatus": "NEW", "accountType": "Domestic", "institution": "Small", "meterStatus": "Metered", "brand": "YUONSO", "material": "Plastic", "meterClass": "B", "schemeName": "Rural", "zone": "012 83", "route": "183 GICHORU", "dma": "Gichoru", "location": "Gichoru", "parcelNo": "", "meterSize": "0.5", "remarks": "New", "userId": "168cf595-aa2d-4640-b148-af8b90c6857c", "latitude": -0.3812283, "longitude": 37.1033903 }, "geometry": { "type": "Point", "coordinates": [ 37.1033903, -0.3812283 ] } },
{ "type": "Feature", "properties": { "id": "55cad4be-053b-4511-bcfb-6973bf81ae1b", "accountNo": "28164", "name": "CYRUS KIAMBI KABUKU", "phone": "254722860884", "meterNo": "25009332", "accountStatus": "NEW", "accountType": "Domestic", "institution": "", "meterStatus": "Metered", "brand": "YUONSO", "material": "Plastic", "meterClass": "C", "schemeName": "Rural", "zone": "013 84", "route": "217 MIORO", "dma": "N/A", "location": "Direct opposite Assistant Chiefs home ", "parcelNo": "1636", "meterSize": "0.5", "remarks": "Installed ", "userId": "31b2fb3c-f8a3-475a-8c2f-518f33fe8576", "latitude": -0.3957341, "longitude": 37.1076058 }, "geometry": { "type": "Point", "coordinates": [ 37.1076058, -0.3957341 ] } },
{ "type": "Feature", "properties": { "id": "0228e15a-8bd2-49c1-9eab-55acd4d010df", "accountNo": "00116", "name": "MR DUNCAN NJOGU NJOROGE", "phone": "254723278677", "meterNo": "150900078", "accountStatus": "ACTIVE", "accountType": "Domestic", "institution": null, "meterStatus": "METERED", "brand": "YUONSO", "material": "PLASTIC", "meterClass": "B", "schemeName": null, "zone": "012 83", "route": "131 RANGI", "dma": "N/A", "location": "Near Dunjos Academy ", "parcelNo": null, "meterSize": "0.5", "remarks": null, "userId": null, "latitude": -0.3871, "longitude": 37.0869383 }, "geometry": { "type": "Point", "coordinates": [ 37.086995783749174, -0.387048915659999 ] } },
{ "type": "Feature", "properties": { "id": "db000ed4-72a7-477f-90c0-20d649aa1922", "accountNo": "00123", "name": "WANJOHI MUNGORA", "phone": "254724395515", "meterNo": "16031477", "accountStatus": "ACTIVE", "accountType": "Domestic", "institution": null, "meterStatus": "METERED", "brand": "YUONSO", "material": "PLASTIC", "meterClass": "B", "schemeName": null, "zone": "012 83", "route": "078 GITHAMBIRO", "dma": "Kiamariga Lower", "location": null, "parcelNo": null, "meterSize": "0.5", "remarks": null, "userId": null, "latitude": -0.377651, "longitude": 37.0912675 }, "geometry": { "type": "Point", "coordinates": [ 37.0912675, -0.377651 ] } },
{ "type": "Feature", "properties": { "id": "6b8fe885-498b-4192-b244-13a508d0d823", "accountNo": "00204", "name": "KAABAGE IRIMU", "phone": "254704371501", "meterNo": "21110350", "accountStatus": "ACTIVE", "accountType": "Domestic", "institution": "N/A", "meterStatus": "METERED", "brand": "YUONSO", "material": "PLASTIC", "meterClass": "B", "schemeName": "Rural", "zone": "012 83", "route": "183 GICHORU", "dma": "N/A", "location": "along Gichoru road", "parcelNo": "0", "meterSize": "0.5", "remarks": "Gichoru dma", "userId": null, "latitude": -0.3793139, "longitude": 37.1011398 }, "geometry": { "type": "Point", "coordinates": [ 37.1011398, -0.3793139 ] } },
{ "type": "Feature", "properties": { "id": "0130d4c1-aac2-4941-9a9d-ad7c4a509203", "accountNo": "07941", "name": "WILSON MURIUKI KABEYA", "phone": "254721844269", "meterNo": "21112323", "accountStatus": "SEALED", "accountType": "Domestic", "institution": null, "meterStatus": "METERED", "brand": "YUONSO", "material": "Plastic", "meterClass": "C", "schemeName": "Rural", "zone": "013 84", "route": "187 MUTIINI", "dma": "N/A", "location": "In the farm", "parcelNo": null, "meterSize": "0.5", "remarks": null, "userId": null, "latitude": -0.4037144, "longitude": 37.0830541 }, "geometry": { "type": "Point", "coordinates": [ 37.0830541, -0.4037144 ] } },
{ "type": "Feature", "properties": { "id": "4fdee484-6ce2-455b-a945-4d75266a36b8", "accountNo": "27647", "name": "ST.JOSEPH KIAMARIGA CATHOLIC CHURCH", "phone": "254716904861", "meterNo": "24014350", "accountStatus": "ACTIVE", "accountType": null, "institution": null, "meterStatus": "METERED", "brand": null, "material": null, "meterClass": null, "schemeName": "Rural", "zone": "012 83", "route": "076 KIAMARIGA", "dma": "Kiamariga Lower", "location": "Catholic ground ", "parcelNo": "2579", "meterSize": "0.5", "remarks": "Installed ", "userId": null, "latitude": -0.38629, "longitude": 37.0801333 }, "geometry": { "type": "Point", "coordinates": [ 37.0801333, -0.38629 ] } },
{ "type": "Feature", "properties": { "id": "6243eb96-5f0a-40d2-a314-0ad3eef95160", "accountNo": "20288", "name": "JOSEPHINE NYARUAI RURERI", "phone": "254725825304", "meterNo": "150900359", "accountStatus": "ACTIVE", "accountType": "Domestic", "institution": null, "meterStatus": "METERED", "brand": "YUONSO", "material": "Plastic", "meterClass": "B", "schemeName": "Rural", "zone": "012 83", "route": "013- KIAMARIGA TOWN (Upper Side)", "dma": "N/A", "location": "opposite Imani dairy", "parcelNo": null, "meterSize": "0.5", "remarks": null, "userId": null, "latitude": -0.3847745, "longitude": 37.0838953 }, "geometry": { "type": "Point", "coordinates": [ 37.0838953, -0.3847745 ] } },
{ "type": "Feature", "properties": { "id": "702e70d0-afd6-4109-a6e4-3b334a7bcafc", "accountNo": "00298", "name": "NELIUS MUTHONI NJUE", "phone": "254711144025", "meterNo": "9034752", "accountStatus": "ACTIVE", "accountType": "Domestic", "institution": null, "meterStatus": "METERED", "brand": "YUONSO", "material": "Plastic", "meterClass": "C", "schemeName": "Rural", "zone": "012 83", "route": "075 KIANJAU", "dma": "N/A", "location": "Under the tree", "parcelNo": null, "meterSize": "0.5", "remarks": null, "userId": null, "latitude": -0.3843217, "longitude": 37.1001227 }, "geometry": { "type": "Point", "coordinates": [ 37.1001227, -0.3843217 ] } },
{ "type": "Feature", "properties": { "id": "84af4177-09da-4b93-b8f5-f711bbaf80ba", "accountNo": "00514", "name": "ELIZABETH WAMBUI NDEGWA", "phone": "254706488691", "meterNo": "1500458717", "accountStatus": "ACTIVE", "accountType": "Domestic", "institution": null, "meterStatus": "METERED", "brand": "YUONSO", "material": "Plastic", "meterClass": "C", "schemeName": "Rural", "zone": "013 84", "route": "082 KABIRUINI", "dma": "N/A", "location": "Near the house", "parcelNo": null, "meterSize": "0.5", "remarks": null, "userId": null, "latitude": -0.3961685, "longitude": 37.0865981 }, "geometry": { "type": "Point", "coordinates": [ 37.0865981, -0.3961685 ] } },
{ "type": "Feature", "properties": { "id": "f5c0e458-6a28-460b-9b16-c397c4fbc139", "accountNo": "22592", "name": "STEPHEN WAMAE MURIITHI", "phone": "254723998097", "meterNo": "1501054117", "accountStatus": "ACTIVE", "accountType": "Domestic", "institution": null, "meterStatus": "METERED", "brand": "Younio", "material": "Polymer", "meterClass": "C", "schemeName": "Rural", "zone": "013 84", "route": "082 KABIRUINI", "dma": "N/A", "location": "Inside", "parcelNo": "0", "meterSize": "0.5", "remarks": null, "userId": null, "latitude": -0.3946987, "longitude": 37.0873956 }, "geometry": { "type": "Point", "coordinates": [ 37.0873956, -0.3946987 ] } },
{ "type": "Feature", "properties": { "id": "014a18f7-3df9-4d68-b333-d38c3c20d019", "accountNo": "00264", "name": "MOSES  WERU  KIMONDO", "phone": "254722555767", "meterNo": "19057753", "accountStatus": "ACTIVE", "accountType": "Domestic", "institution": null, "meterStatus": "METERED", "brand": "YUONSO", "material": "PLASTIC", "meterClass": "B", "schemeName": null, "zone": "012 83", "route": "012 83-KIAMARIGA LOWER DMA", "dma": "Kiamariga Lower", "location": null, "parcelNo": "0", "meterSize": "0.5", "remarks": null, "userId": null, "latitude": -0.3872717, "longitude": 37.0767517 }, "geometry": { "type": "Point", "coordinates": [ 37.0767517, -0.3872717 ] } },
{ "type": "Feature", "properties": { "id": "44366c90-ea71-48e2-b208-110b0311be6c", "accountNo": "08530", "name": "NYARUAI MACHARIA", "phone": "254720303813", "meterNo": "21112545", "accountStatus": "ACTIVE", "accountType": "Domestic", "institution": "N/A", "meterStatus": "METERED", "brand": "YUONSO", "material": "PLASTIC", "meterClass": "B", "schemeName": "Rural", "zone": "012 83", "route": "076 KIAMARIGA", "dma": "N/A", "location": "along nyana road ", "parcelNo": null, "meterSize": "0.5", "remarks": null, "userId": null, "latitude": -0.3778879, "longitude": 37.1044423 }, "geometry": { "type": "Point", "coordinates": [ 37.1044423, -0.3778879 ] } },
{ "type": "Feature", "properties": { "id": "68490101-fe8c-4bd3-8429-8668459de186", "accountNo": "00525", "name": "JAMES G KARURI", "phone": "254711527967", "meterNo": "181500809", "accountStatus": "ACTIVE", "accountType": "Domestic", "institution": null, "meterStatus": "METERED", "brand": "YUONSO", "material": "Plastic", "meterClass": "C", "schemeName": "Rural", "zone": "013 84", "route": "089 NJATHEINI", "dma": "N/A", "location": "Next to the gate", "parcelNo": null, "meterSize": "0.5", "remarks": null, "userId": null, "latitude": -0.3909674, "longitude": 37.1079406 }, "geometry": { "type": "Point", "coordinates": [ 37.1079406, -0.3909674 ] } },
{ "type": "Feature", "properties": { "id": "ed46b180-f0a1-4b28-b976-255546b9087f", "accountNo": "24502", "name": "HARRISSON NJOGU KAGIRI", "phone": "254706353072", "meterNo": "19096604", "accountStatus": "ACTIVE", "accountType": "Domestic", "institution": null, "meterStatus": "METERED", "brand": "YUONSO", "material": "PLASTIC", "meterClass": "B", "schemeName": null, "zone": "012 83", "route": "131 RANGI", "dma": "N/A", "location": "near Dunjos Academy junction ", "parcelNo": null, "meterSize": "0.5", "remarks": null, "userId": null, "latitude": -0.3873683, "longitude": 37.0853617 }, "geometry": { "type": "Point", "coordinates": [ 37.0853617, -0.3873683 ] } },
{ "type": "Feature", "properties": { "id": "f5c0e458-6a28-460b-9b16-c3f7c8fba888", "accountNo": "24677", "name": "PETER GITONGA GITHAIGA", "phone": "254703871525", "meterNo": "19095743", "accountStatus": "ACTIVE", "accountType": "Domestic", "institution": null, "meterStatus": "METERED", "brand": "YUONSO", "material": "Plastic", "meterClass": "B", "schemeName": "Rural", "zone": "013 84", "route": "012 83-KANGOGORO DMA", "dma": "Kangongoro", "location": "along njathaini main road", "parcelNo": null, "meterSize": "0.5", "remarks": "OK", "userId": null, "latitude": -0.3908362, "longitude": 37.1015414 }, "geometry": { "type": "Point", "coordinates": [ 37.1015414, -0.3908362 ] } },
{ "type": "Feature", "properties": { "id": "f5c0e458-6a28-460b-9b16-c397c1fbc102", "accountNo": "24691", "name": "JOSEPH GICHERE MUCHANGI", "phone": "254723058701", "meterNo": "19094246", "accountStatus": "ACTIVE", "accountType": "Domestic", "institution": null, "meterStatus": "METERED", "brand": "Younso", "material": "plastic", "meterClass": "B", "schemeName": "Rural", "zone": "013 84", "route": "082 KABIRUINI", "dma": "N/A", "location": "kabiruini shopping center", "parcelNo": null, "meterSize": "0.5", "remarks": "OK", "userId": null, "latitude": -0.3938883, "longitude": 37.0890747 }, "geometry": { "type": "Point", "coordinates": [ 37.0890747, -0.3938883 ] } },
{ "type": "Feature", "properties": { "id": "62593dbc-3377-447c-8a9c-e2fc9ecc61b7", "accountNo": "25481", "name": "PETER MWARI KURIA", "phone": "254728038500", "meterNo": "19094426", "accountStatus": "ACTIVE", "accountType": "Domestic", "institution": null, "meterStatus": "METERED", "brand": null, "material": null, "meterClass": null, "schemeName": null, "zone": "013 84", "route": "186 MARIA", "dma": "N/A", "location": null, "parcelNo": null, "meterSize": "0.5", "remarks": null, "userId": null, "latitude": -0.3963012, "longitude": 37.0813622 }, "geometry": { "type": "Point", "coordinates": [ 37.0813622, -0.3963012 ] } },
{ "type": "Feature", "properties": { "id": "6d5daaf3-ed86-4427-9ef3-db0702721fce", "accountNo": "25897", "name": "GLADYS WANGUI NGIMA", "phone": "254710829983", "meterNo": "21108932", "accountStatus": "ACTIVE", "accountType": "Domestic", "institution": null, "meterStatus": "METERED", "brand": "YUONSO", "material": "PLASTIC", "meterClass": "B", "schemeName": null, "zone": "012 83", "route": "131 RANGI", "dma": "N/A", "location": null, "parcelNo": null, "meterSize": "0.5", "remarks": null, "userId": null, "latitude": -0.3796274, "longitude": 37.0932523 }, "geometry": { "type": "Point", "coordinates": [ 37.0932523, -0.3796274 ] } },
{ "type": "Feature", "properties": { "id": "f5c0e458-6a28-460b-9b16-c397c8fbb034", "accountNo": "26270", "name": "NANCY MUTHONI WAWERU", "phone": "254711418946", "meterNo": "21111907", "accountStatus": "ACTIVE", "accountType": "Domestic", "institution": null, "meterStatus": "METERED", "brand": "youmso", "material": "plastic", "meterClass": "B", "schemeName": "Rural", "zone": "013 84", "route": "082 KABIRUINI", "dma": "N/A", "location": "PCEA church road", "parcelNo": null, "meterSize": "0.5", "remarks": null, "userId": null, "latitude": -0.3966803, "longitude": 37.089033 }, "geometry": { "type": "Point", "coordinates": [ 37.089033, -0.3966803 ] } },
{ "type": "Feature", "properties": { "id": "5ca7854f-b33a-40fa-b3a9-9d429ff5d21e", "accountNo": "26607", "name": "MARGARET WANJIRU GICHUKI", "phone": "254724964458", "meterNo": "22035442", "accountStatus": "ACTIVE", "accountType": "Domestic", "institution": null, "meterStatus": "METERED", "brand": "YUONSO", "material": "Plastic", "meterClass": "C", "schemeName": "Rural", "zone": "012 83", "route": "012 83-KIAMARIGA LOWER DMA", "dma": "N/A", "location": "near the gate ", "parcelNo": null, "meterSize": "0.5", "remarks": null, "userId": null, "latitude": -0.3876819, "longitude": 37.07461 }, "geometry": { "type": "Point", "coordinates": [ 37.07461, -0.3876819 ] } },
{ "type": "Feature", "properties": { "id": "47d9b9e4-5ab9-4475-b64c-106ede871052", "accountNo": "26618", "name": "JAMES MURIITHI MURAGE", "phone": "254722479514", "meterNo": "22035443", "accountStatus": "ACTIVE", "accountType": "Domestic", "institution": null, "meterStatus": "METERED", "brand": "YUONSO", "material": "PLASTIC", "meterClass": "B", "schemeName": null, "zone": "012 83", "route": "074 NYANA", "dma": "N/A", "location": null, "parcelNo": "N/A", "meterSize": "0.5", "remarks": null, "userId": null, "latitude": -0.38504, "longitude": 37.0964033 }, "geometry": { "type": "Point", "coordinates": [ 37.0964033, -0.38504 ] } },
{ "type": "Feature", "properties": { "id": "f5c0e458-6a28-460b-9b16-c397c1fbc725", "accountNo": "26632", "name": "JANIFFER GATHIGIA MUREGI", "phone": "254724176267", "meterNo": "22035661", "accountStatus": "ACTIVE", "accountType": "Domestic", "institution": null, "meterStatus": "METERED", "brand": "YUONSO", "material": "Plastic", "meterClass": "B", "schemeName": "Rural", "zone": "012 83", "route": "013- BEHIND COFFEE FACTORY", "dma": "N/A", "location": "kiamariga factory lane ", "parcelNo": "N/A", "meterSize": "0.5", "remarks": "installed ", "userId": null, "latitude": -0.3898604, "longitude": 37.0768972 }, "geometry": { "type": "Point", "coordinates": [ 37.0768972, -0.3898604 ] } },
{ "type": "Feature", "properties": { "id": "f5c0e458-6a28-460b-9b16-c397c4fbc857", "accountNo": "26681", "name": "ELIZABETH NYAMBURA WAIRINDI", "phone": "254713459773", "meterNo": "22037387", "accountStatus": "ACTIVE", "accountType": "Domestic", "institution": null, "meterStatus": "METERED", "brand": "YUONSO", "material": "Plastic", "meterClass": "B", "schemeName": "Rural", "zone": "013 84", "route": "082 KABIRUINI", "dma": "N/A", "location": "Right opposite to full gospel church ", "parcelNo": "356", "meterSize": "0.5", "remarks": "installed ", "userId": null, "latitude": -0.399055, "longitude": 37.0891167 }, "geometry": { "type": "Point", "coordinates": [ 37.0891167, -0.399055 ] } },
{ "type": "Feature", "properties": { "id": "b7016022-bed0-449e-8f50-a8797feef78e", "accountNo": "23048", "name": "JOHNSON MURIUKI MWANIKI", "phone": "254723476768", "meterNo": "1500149917", "accountStatus": "ACTIVE", "accountType": "Domestic", "institution": null, "meterStatus": "METERED", "brand": "YUONSO", "material": "PLASTIC", "meterClass": "B", "schemeName": null, "zone": "012 83", "route": "012 83-KIAMARIGA LOWER DMA", "dma": "Kiamariga Lower", "location": null, "parcelNo": "0", "meterSize": "0.5", "remarks": null, "userId": null, "latitude": -0.385705, "longitude": 37.0783733 }, "geometry": { "type": "Point", "coordinates": [ 37.0783733, -0.385705 ] } },
{ "type": "Feature", "properties": { "id": "29bc309e-2e7e-48f0-adda-24251ab47fa2", "accountNo": "26951", "name": "BETH WAMBUI MURIUKI", "phone": "254725062302", "meterNo": "23039203", "accountStatus": "ACTIVE", "accountType": "Domestic", "institution": null, "meterStatus": "METERED", "brand": "YUONSO", "material": "Plastic", "meterClass": "C", "schemeName": "Rural", "zone": "013 84", "route": "187 MUTIINI", "dma": "N/A", "location": "in the farm ", "parcelNo": null, "meterSize": "0.5", "remarks": null, "userId": null, "latitude": -0.4064758, "longitude": 37.0835268 }, "geometry": { "type": "Point", "coordinates": [ 37.0835268, -0.4064758 ] } },
{ "type": "Feature", "properties": { "id": "f5c0e458-6a28-460b-9b16-c397c8fbb789", "accountNo": "24431", "name": "MINJU KARIUKI", "phone": "254722302207", "meterNo": "19095759", "accountStatus": "ACTIVE", "accountType": "Domestic", "institution": null, "meterStatus": "METERED", "brand": "Younio", "material": "Polymer", "meterClass": "B", "schemeName": "Rural", "zone": "013 84", "route": "217 MIORO", "dma": "N/A", "location": "Inside", "parcelNo": null, "meterSize": "0.5", "remarks": null, "userId": null, "latitude": -0.3950685, "longitude": 37.1089233 }, "geometry": { "type": "Point", "coordinates": [ 37.1089233, -0.3950685 ] } },
{ "type": "Feature", "properties": { "id": "920a3d1e-ce5d-4499-a089-f9c75cabfbca", "accountNo": "00403", "name": "JOSEPH MAINA NGATIA", "phone": "254712120491", "meterNo": "21112767", "accountStatus": "ACTIVE", "accountType": "Domestic", "institution": null, "meterStatus": "METERED", "brand": "YUONSO", "material": "Plastic", "meterClass": "C", "schemeName": "Rural", "zone": "013 84", "route": "217 MIORO", "dma": "N/A", "location": "Near the fence", "parcelNo": null, "meterSize": "0.5", "remarks": null, "userId": null, "latitude": -0.3933442, "longitude": 37.1099877 }, "geometry": { "type": "Point", "coordinates": [ 37.1099877, -0.3933442 ] } },
{ "type": "Feature", "properties": { "id": "de72b901-df30-4640-87b5-5312447e0a01", "accountNo": "09312", "name": "WAMBEU  MUTE", "phone": "254729706174", "meterNo": "190959888", "accountStatus": "SEALED", "accountType": "Domestic", "institution": null, "meterStatus": "METERED", "brand": "YUONSO", "material": "Plastic", "meterClass": "C", "schemeName": "Rural", "zone": "013 84", "route": "217 MIORO", "dma": "N/A", "location": "In the field", "parcelNo": null, "meterSize": "0.5", "remarks": null, "userId": null, "latitude": -0.3954317, "longitude": 37.1057267 }, "geometry": { "type": "Point", "coordinates": [ 37.1057267, -0.3954317 ] } },
{ "type": "Feature", "properties": { "id": "c2ec1eae-37a7-4411-bb8c-5938f22f421c", "accountNo": "07357", "name": "STEPHEN GITHUI MURIITHI", "phone": "254722492778", "meterNo": "19094853", "accountStatus": "ACTIVE", "accountType": "Domestic", "institution": null, "meterStatus": "METERED", "brand": "YUONSO", "material": "Plastic", "meterClass": "C", "schemeName": "Rural", "zone": "013 84", "route": "217 MIORO", "dma": "N/A", "location": "In the tea plantation", "parcelNo": null, "meterSize": "0.5", "remarks": null, "userId": null, "latitude": -0.3954867, "longitude": 37.1053467 }, "geometry": { "type": "Point", "coordinates": [ 37.1053467, -0.3954867 ] } },
{ "type": "Feature", "properties": { "id": "910b6d39-06d2-4852-aa24-328c9ba25a2d", "accountNo": "25984", "name": "WILSON KANYIRI MBUTHIA", "phone": "254720252314", "meterNo": "21113177", "accountStatus": "ACTIVE", "accountType": "Domestic", "institution": null, "meterStatus": "METERED", "brand": "YUONSO", "material": "Plastic", "meterClass": "C", "schemeName": "Rural", "zone": "013 84", "route": "217 MIORO", "dma": "N/A", "location": "Near the fence", "parcelNo": null, "meterSize": "0.5", "remarks": null, "userId": null, "latitude": -0.3957121, "longitude": 37.1074761 }, "geometry": { "type": "Point", "coordinates": [ 37.1074761, -0.3957121 ] } },
{ "type": "Feature", "properties": { "id": "9e20c209-402c-47d0-ab93-ea1f8963d5dd", "accountNo": "08420", "name": "MUGO MURIITHI", "phone": "254726922712", "meterNo": "19094858", "accountStatus": "ACTIVE", "accountType": "Domestic", "institution": null, "meterStatus": "METERED", "brand": "YUONSO", "material": "Plastic", "meterClass": "C", "schemeName": "Rural", "zone": "013 84", "route": "217 MIORO", "dma": "N/A", "location": "In the farm", "parcelNo": null, "meterSize": "0.5", "remarks": null, "userId": null, "latitude": -0.392795, "longitude": 37.1121683 }, "geometry": { "type": "Point", "coordinates": [ 37.1121683, -0.392795 ] } },
{ "type": "Feature", "properties": { "id": "bacf8e4b-ff22-4ec8-9130-e6dc45c330cf", "accountNo": "26974", "name": "MARGRET WANINI NJARARA", "phone": "254717434586", "meterNo": "23041343", "accountStatus": "ACTIVE", "accountType": "Domestic", "institution": null, "meterStatus": "METERED", "brand": "YUONSO", "material": "Plastic", "meterClass": "C", "schemeName": "Rural", "zone": "013 84", "route": "187 MUTIINI", "dma": "N/A", "location": "Near the gate ", "parcelNo": null, "meterSize": "0.5", "remarks": null, "userId": null, "latitude": -0.3994284, "longitude": 37.0878505 }, "geometry": { "type": "Point", "coordinates": [ 37.0878505, -0.3994284 ] } },
{ "type": "Feature", "properties": { "id": "0407d0f4-14be-4599-b1ec-a4e6c3b74a83", "accountNo": "26996", "name": "ANTONY MURIUKI KIBUI", "phone": "254724301250", "meterNo": "23041344", "accountStatus": "ACTIVE", "accountType": "Domestic", "institution": null, "meterStatus": "METERED", "brand": "YUONSO", "material": "Plastic", "meterClass": "C", "schemeName": "Rural", "zone": "013 84", "route": "187 MUTIINI", "dma": "N/A", "location": "near the gate ", "parcelNo": null, "meterSize": "0.5", "remarks": null, "userId": null, "latitude": -0.3976326, "longitude": 37.0871768 }, "geometry": { "type": "Point", "coordinates": [ 37.0871768, -0.3976326 ] } },
{ "type": "Feature", "properties": { "id": "c4a509ec-c752-4c58-96da-bf5503d7799a", "accountNo": "26998", "name": "LUCY WAMUYU MWANGI", "phone": "254720880774", "meterNo": "23041248", "accountStatus": "ACTIVE", "accountType": "Domestic", "institution": null, "meterStatus": "METERED", "brand": "YUONSO", "material": "Plastic", "meterClass": "C", "schemeName": "Rural", "zone": "013 84", "route": "187 MUTIINI", "dma": "N/A", "location": "Along the fence ", "parcelNo": null, "meterSize": "0.5", "remarks": null, "userId": null, "latitude": -0.4017573, "longitude": 37.0869609 }, "geometry": { "type": "Point", "coordinates": [ 37.0869609, -0.4017573 ] } },
{ "type": "Feature", "properties": { "id": "67077b26-beaf-463d-be36-3c91fd35c701", "accountNo": "26999", "name": "RUTH NYAWIRA NJOROGE", "phone": "254727405395", "meterNo": "23039405", "accountStatus": "ACTIVE", "accountType": "Domestic", "institution": null, "meterStatus": "METERED", "brand": "YUONSO", "material": "Plastic", "meterClass": "C", "schemeName": "Rural", "zone": "013 84", "route": "187 MUTIINI", "dma": "N/A", "location": "in the farm ", "parcelNo": null, "meterSize": "0.5", "remarks": null, "userId": null, "latitude": -0.4056967, "longitude": 37.083886 }, "geometry": { "type": "Point", "coordinates": [ 37.083886, -0.4056967 ] } },
{ "type": "Feature", "properties": { "id": "b3984424-21ce-4a00-80f7-9cb2fae85832", "accountNo": "25543", "name": "JAMES WAMUGUNDA NGATIA", "phone": "254724045540", "meterNo": "19095883", "accountStatus": "ACTIVE", "accountType": "Domestic", "institution": null, "meterStatus": "METERED", "brand": "YUONSO", "material": "Plastic", "meterClass": "C", "schemeName": "Rural", "zone": "013 84", "route": "217 MIORO", "dma": "N/A", "location": "Near the fence", "parcelNo": null, "meterSize": "0.5", "remarks": null, "userId": null, "latitude": -0.3961088, "longitude": 37.1027375 }, "geometry": { "type": "Point", "coordinates": [ 37.1027375, -0.3961088 ] } },
{ "type": "Feature", "properties": { "id": "f5c0e458-6a28-460b-9b16-c397c5fbc321", "accountNo": "21363", "name": "PAUL KAGUAMBA GICHURU", "phone": "254725805368", "meterNo": "19094852", "accountStatus": "ACTIVE", "accountType": "Domestic", "institution": null, "meterStatus": "METERED", "brand": "Younio", "material": "Polymer", "meterClass": "C", "schemeName": "Rural", "zone": "013 84", "route": "217 MIORO", "dma": "N/A", "location": "Inside", "parcelNo": "0", "meterSize": "0.5", "remarks": null, "userId": null, "latitude": -0.3958728, "longitude": 37.1075544 }, "geometry": { "type": "Point", "coordinates": [ 37.1075544, -0.3958728 ] } },
{ "type": "Feature", "properties": { "id": "962642d9-1785-4975-a016-4e291bb8d2ef", "accountNo": "08416", "name": "NJEGE  GACHUNGU", "phone": "254796622499", "meterNo": "19094854", "accountStatus": "ACTIVE", "accountType": "Domestic", "institution": null, "meterStatus": "METERED", "brand": "YUONSO", "material": "Plastic", "meterClass": "C", "schemeName": "Rural", "zone": "013 84", "route": "217 MIORO", "dma": "N/A", "location": "Near the gate", "parcelNo": null, "meterSize": "0.5", "remarks": null, "userId": null, "latitude": -0.3954269, "longitude": 37.1080218 }, "geometry": { "type": "Point", "coordinates": [ 37.1080218, -0.3954269 ] } },
{ "type": "Feature", "properties": { "id": "693f9bd2-6042-49b1-9745-be7ae5664144", "accountNo": "25264", "name": "PETER NJERU HIUHU", "phone": "254710966086", "meterNo": "19094049", "accountStatus": "ACTIVE", "accountType": "Domestic", "institution": null, "meterStatus": "METERED", "brand": "YUONSO", "material": "PLASTIC", "meterClass": "B", "schemeName": null, "zone": "012 83", "route": "012 83-KIAMARIGA LOWER DMA", "dma": "Kiamariga Lower", "location": null, "parcelNo": null, "meterSize": "0.5", "remarks": null, "userId": null, "latitude": -0.387, "longitude": 37.0781833 }, "geometry": { "type": "Point", "coordinates": [ 37.0781833, -0.387 ] } },
{ "type": "Feature", "properties": { "id": "25d25ce1-c375-4e16-97e6-7429940752bd", "accountNo": "00117", "name": "KAMUNYA  GAITIU", "phone": "254722614784", "meterNo": "1500006117", "accountStatus": "SEALED", "accountType": "Domestic", "institution": null, "meterStatus": "METERED", "brand": "YUONSO", "material": "PLASTIC", "meterClass": "B", "schemeName": null, "zone": "012 83", "route": "075 KIANJAU", "dma": "N/A", "location": null, "parcelNo": "0", "meterSize": "0.5", "remarks": null, "userId": null, "latitude": -0.3857641, "longitude": 37.0964721 }, "geometry": { "type": "Point", "coordinates": [ 37.0964721, -0.3857641 ] } },
{ "type": "Feature", "properties": { "id": "e430d72c-19e9-4a3e-9b15-b20bf937fe75", "accountNo": "27281", "name": "PHYLLIS WANJIKU MUCHIRI", "phone": "254727006595", "meterNo": "23041271", "accountStatus": "ACTIVE", "accountType": "Domestic", "institution": null, "meterStatus": "METERED", "brand": "YUONSO", "material": "PLASTIC", "meterClass": "B", "schemeName": null, "zone": "012 83", "route": "076 KIAMARIGA", "dma": "N/A", "location": "Near Kagiris plot ", "parcelNo": "1033", "meterSize": "0.5", "remarks": "Installed ", "userId": null, "latitude": -0.3888683, "longitude": 37.08007 }, "geometry": { "type": "Point", "coordinates": [ 37.08007, -0.3888683 ] } },
{ "type": "Feature", "properties": { "id": "37224232-0dd5-48dc-b8ed-89535f5267c0", "accountNo": "25292", "name": "ROBERT MURIITHI KINYUA", "phone": "254721855651", "meterNo": "19095565", "accountStatus": "ACTIVE", "accountType": "Domestic", "institution": "N/A", "meterStatus": "METERED", "brand": "YUONSO", "material": "PLASTIC", "meterClass": "B", "schemeName": "Rural", "zone": "012 83", "route": "HIRIGA (83)", "dma": "N/A", "location": "Along hiriga road ", "parcelNo": null, "meterSize": "0.5", "remarks": null, "userId": null, "latitude": -0.4004541, "longitude": 37.0664519 }, "geometry": { "type": "Point", "coordinates": [ 37.0664519, -0.4004541 ] } },
{ "type": "Feature", "properties": { "id": "607939c0-47da-4654-a6ae-668c8da331e4", "accountNo": "25331", "name": "GRACE WANJIRA MACHARIA", "phone": "254724830248", "meterNo": "19094878", "accountStatus": "ACTIVE", "accountType": "Domestic", "institution": null, "meterStatus": "METERED", "brand": null, "material": null, "meterClass": null, "schemeName": null, "zone": "012 83", "route": "KIAIHURU DMA", "dma": "N/A", "location": null, "parcelNo": null, "meterSize": "0.5", "remarks": null, "userId": null, "latitude": -0.3665127, "longitude": 37.1011474 }, "geometry": { "type": "Point", "coordinates": [ 37.1011474, -0.3665127 ] } },
{ "type": "Feature", "properties": { "id": "bdf04416-a859-40b7-ba17-887c0b48b446", "accountNo": "25334", "name": "JOSEPH MUTURI MURIITHI", "phone": "254722151194", "meterNo": "19094871", "accountStatus": "ACTIVE", "accountType": "Domestic", "institution": null, "meterStatus": "METERED", "brand": "YUONSO", "material": "PLASTIC", "meterClass": "B", "schemeName": null, "zone": "012 83", "route": "012 83-KIAMARIGA LOWER DMA", "dma": "Kiamariga Lower", "location": null, "parcelNo": null, "meterSize": "0.5", "remarks": null, "userId": null, "latitude": -0.3864717, "longitude": 37.0793767 }, "geometry": { "type": "Point", "coordinates": [ 37.0793767, -0.3864717 ] } },
{ "type": "Feature", "properties": { "id": "7ec20fb4-02ab-4694-8d5a-6830f58ca064", "accountNo": "27398", "name": "MARTHA WANGUI MUTHEE", "phone": "254723824789", "meterNo": "23177709", "accountStatus": "ACTIVE", "accountType": "Domestic", "institution": null, "meterStatus": "METERED", "brand": "YUONSO", "material": "Plastic", "meterClass": "C", "schemeName": "Rural", "zone": "012 83", "route": "076 KIAMARIGA", "dma": "Factory Line", "location": "Near the gate ", "parcelNo": null, "meterSize": "0.5", "remarks": null, "userId": null, "latitude": -0.3899179, "longitude": 37.0764749 }, "geometry": { "type": "Point", "coordinates": [ 37.0764749, -0.3899179 ] } },
{ "type": "Feature", "properties": { "id": "c28a3ded-ebbc-4fff-93cf-8d87c89daa14", "accountNo": "25370", "name": "CHARITY NGIMA GATHONI", "phone": "254729280100", "meterNo": "19094707", "accountStatus": "ACTIVE", "accountType": "Domestic", "institution": null, "meterStatus": "METERED", "brand": "YUONSO", "material": "PLASTIC", "meterClass": "B", "schemeName": null, "zone": "012 83", "route": "012 83-KIAMARIGA LOWER DMA", "dma": "Kiamariga Lower", "location": null, "parcelNo": null, "meterSize": "0.5", "remarks": null, "userId": null, "latitude": -0.3863483, "longitude": 37.0793267 }, "geometry": { "type": "Point", "coordinates": [ 37.0793267, -0.3863483 ] } },
{ "type": "Feature", "properties": { "id": "f5c0e458-6a28-460b-9b16-c397c3fbc627", "accountNo": "25484", "name": "MARY WANJIKU WERU", "phone": "254710611057", "meterNo": "19096638", "accountStatus": "ACTIVE", "accountType": "Domestic", "institution": null, "meterStatus": "METERED", "brand": "you so", "material": "plastic", "meterClass": "b", "schemeName": "Rural", "zone": "013 84", "route": "082 KABIRUINI", "dma": "N/A", "location": "kabiruini shopping center", "parcelNo": null, "meterSize": "0.5", "remarks": "OK", "userId": null, "latitude": -0.3933742, "longitude": 37.0889533 }, "geometry": { "type": "Point", "coordinates": [ 37.0889533, -0.3933742 ] } },
{ "type": "Feature", "properties": { "id": "770e524c-6884-413d-821a-540481f51317", "accountNo": "00254", "name": "JANE WANJIKU WAIGURU", "phone": "254711642954", "meterNo": "17096711", "accountStatus": "ACTIVE", "accountType": "Domestic", "institution": null, "meterStatus": "METERED", "brand": "YUONSO", "material": "PLASTIC", "meterClass": "B", "schemeName": null, "zone": "012 83", "route": "131 RANGI", "dma": "N/A", "location": "along Rangi road ", "parcelNo": "744", "meterSize": "0.5", "remarks": null, "userId": null, "latitude": -0.379195, "longitude": 37.0921383 }, "geometry": { "type": "Point", "coordinates": [ 37.0921383, -0.379195 ] } },
{ "type": "Feature", "properties": { "id": "786b5835-1eeb-418a-b62d-bbe60cd6627e", "accountNo": "27467", "name": "THOMAS NDEGWA MURAGE", "phone": "254741585046", "meterNo": "23080131", "accountStatus": "SEALED", "accountType": "Domestic", "institution": "ACTIVE", "meterStatus": "METERED", "brand": "YUONSO", "material": "PLASTIC", "meterClass": "B", "schemeName": null, "zone": "013 84", "route": "187 MUTIINI", "dma": "N/A", "location": "End point of Mutiini line to muthira river ", "parcelNo": null, "meterSize": "0.5", "remarks": "Installed ", "userId": null, "latitude": -0.4007662, "longitude": 37.0903799 }, "geometry": { "type": "Point", "coordinates": [ 37.0903799, -0.4007662 ] } },
{ "type": "Feature", "properties": { "id": "6e00cc63-ed13-4e5a-843e-54545af2749f", "accountNo": "00292", "name": "CHARITY WARUGURU NJOGU", "phone": "254721501376", "meterNo": "18085736", "accountStatus": "ACTIVE", "accountType": "Domestic", "institution": null, "meterStatus": "METERED", "brand": "YUONSO", "material": "PLASTIC", "meterClass": "B", "schemeName": null, "zone": "012 83", "route": "131 RANGI", "dma": "N/A", "location": null, "parcelNo": "1717", "meterSize": "0.5", "remarks": null, "userId": null, "latitude": -0.3797944, "longitude": 37.0937878 }, "geometry": { "type": "Point", "coordinates": [ 37.0937878, -0.3797944 ] } },
{ "type": "Feature", "properties": { "id": "f5c0e458-6a28-460b-9b16-c397c5fbc430", "accountNo": "00341", "name": "RUGURU COMMUNITY HEALTH CENTRE.", "phone": "254722938628", "meterNo": "16001362", "accountStatus": "ACTIVE", "accountType": "Domestic", "institution": null, "meterStatus": "METERED", "brand": "yuonso", "material": "plastic", "meterClass": "b", "schemeName": "Rural", "zone": "023 82", "route": "0021- INST. 83", "dma": "N/A", "location": "kiamariga lower", "parcelNo": null, "meterSize": "0.5", "remarks": "OK", "userId": null, "latitude": -0.385701, "longitude": 37.0804934 }, "geometry": { "type": "Point", "coordinates": [ 37.0804934, -0.385701 ] } },
{ "type": "Feature", "properties": { "id": "498c6e08-63cc-409c-8d2f-e156f42459d0", "accountNo": "27546", "name": "SOLOMON MWENJE WAWERU", "phone": "254727639312", "meterNo": "24014746", "accountStatus": "ACTIVE", "accountType": "Domestic", "institution": null, "meterStatus": "METERED", "brand": "YUONSO", "material": "Plastic", "meterClass": "C", "schemeName": "Rural", "zone": "012 83", "route": "076 KIAMARIGA", "dma": "Kiamariga Lower", "location": "Near the entrance ", "parcelNo": "RUGURU/KIAMARIGA/3130", "meterSize": "0.5", "remarks": "Installed ", "userId": null, "latitude": -0.3872167, "longitude": 37.07695 }, "geometry": { "type": "Point", "coordinates": [ 37.07695, -0.3872167 ] } },
{ "type": "Feature", "properties": { "id": "6835d395-5517-444a-a4f9-d50b843f4f92", "accountNo": "27572", "name": "JOHN MAINA IREGI", "phone": "254718681299", "meterNo": "24016605", "accountStatus": "ACTIVE", "accountType": "Domestic", "institution": null, "meterStatus": "UNMETERED", "brand": "YUONSO", "material": "Plastic", "meterClass": "B", "schemeName": null, "zone": "013 84", "route": "087 KIANDAKA", "dma": "N/A", "location": null, "parcelNo": "RUTURU/KIANDAKA/520", "meterSize": "0.5", "remarks": null, "userId": null, "latitude": -0.3930317, "longitude": 37.0966117 }, "geometry": { "type": "Point", "coordinates": [ 37.0966117, -0.3930317 ] } },
{ "type": "Feature", "properties": { "id": "1a51cef1-1988-4d3d-992b-c6b7739e2691", "accountNo": "25587", "name": "JANE NJERI NDORIA", "phone": "254710995017", "meterNo": "19095983", "accountStatus": "ACTIVE", "accountType": "Domestic", "institution": null, "meterStatus": "METERED", "brand": "YUONSO", "material": "Plastic", "meterClass": "C", "schemeName": "Rural", "zone": "013 84", "route": "012 83-KANGOGORO DMA", "dma": "Kangongoro", "location": "Along the road", "parcelNo": null, "meterSize": "0.5", "remarks": null, "userId": null, "latitude": -0.3905283, "longitude": 37.1022867 }, "geometry": { "type": "Point", "coordinates": [ 37.1022867, -0.3905283 ] } },
{ "type": "Feature", "properties": { "id": "8114da54-e950-4f92-ac4e-cb055241b6ac", "accountNo": "27590", "name": "PATRICK MBARIA", "phone": "254719529499", "meterNo": "24 015926", "accountStatus": "ACTIVE", "accountType": "Domestic", "institution": null, "meterStatus": "METERED", "brand": "YUONSO", "material": "Plastic", "meterClass": "C", "schemeName": null, "zone": "012 83", "route": "131 RANGI", "dma": "N/A", "location": null, "parcelNo": null, "meterSize": "0.5", "remarks": null, "userId": null, "latitude": -0.38069, "longitude": 37.0902617 }, "geometry": { "type": "Point", "coordinates": [ 37.0902617, -0.38069 ] } },
{ "type": "Feature", "properties": { "id": "59fc94cc-4d1b-4574-9fd2-570d7c6ae94e", "accountNo": "27606", "name": "GEOFFREY  MUHINDI NGARI", "phone": "254724388323", "meterNo": "24014783", "accountStatus": "ACTIVE", "accountType": "Domestic", "institution": null, "meterStatus": "METERED", "brand": "YUONSO", "material": "Plastic", "meterClass": "C", "schemeName": null, "zone": "013 84", "route": "217 MIORO", "dma": "N/A", "location": null, "parcelNo": null, "meterSize": "0.5", "remarks": null, "userId": null, "latitude": -0.3914733, "longitude": 37.11247 }, "geometry": { "type": "Point", "coordinates": [ 37.11247, -0.3914733 ] } },
{ "type": "Feature", "properties": { "id": "41f7efc2-4ce1-4f69-b57c-fc17ed93bfde", "accountNo": "27759", "name": "MICHAEL GITONGA KINYUA", "phone": "254729167410", "meterNo": "23180727", "accountStatus": "ACTIVE", "accountType": "Domestic", "institution": null, "meterStatus": "METERED", "brand": "YUONSO", "material": "Plastic", "meterClass": "C", "schemeName": "Rural", "zone": "012 83", "route": "012 83-KIAMARIGA LOWER DMA", "dma": "Factory Line", "location": "Neighbors Imani clinic ", "parcelNo": "67", "meterSize": "0.5", "remarks": "Installed ", "userId": null, "latitude": -0.3857, "longitude": 37.0848 }, "geometry": { "type": "Point", "coordinates": [ 37.0848, -0.3857 ] } },
{ "type": "Feature", "properties": { "id": "98da10b2-bca8-447f-bea4-41cc2f454a2f", "accountNo": "25740", "name": "MARION WAMBURA MATHENGE", "phone": "254724321118", "meterNo": "21068777", "accountStatus": "ACTIVE", "accountType": "Domestic", "institution": null, "meterStatus": "METERED", "brand": "YUONSO", "material": "PLASTIC", "meterClass": "B", "schemeName": null, "zone": "012 83", "route": "012 83-KIAMARIGA LOWER DMA", "dma": "Kiamariga Lower", "location": null, "parcelNo": null, "meterSize": "0.5", "remarks": null, "userId": null, "latitude": -0.3858995, "longitude": 37.0817802 }, "geometry": { "type": "Point", "coordinates": [ 37.0817802, -0.3858995 ] } },
{ "type": "Feature", "properties": { "id": "755da5a6-bc30-4292-a3ad-dae1efc0602c", "accountNo": "27791", "name": "TOM GICHOHI WARIGIA", "phone": "254724610979", "meterNo": "23179141", "accountStatus": "ACTIVE", "accountType": "Domestic", "institution": null, "meterStatus": "METERED", "brand": "YUONSO", "material": "Plastic", "meterClass": "C", "schemeName": "Rural", "zone": "012 83", "route": "183 GICHORU", "dma": "N/A", "location": "Near Gichoru tea buying center ", "parcelNo": "1784", "meterSize": "0.5", "remarks": "Installed ", "userId": null, "latitude": -0.3801083, "longitude": 37.1013733 }, "geometry": { "type": "Point", "coordinates": [ 37.1013733, -0.3801083 ] } },
{ "type": "Feature", "properties": { "id": "f5c0e458-6a28-460b-9b16-c397c9fbc307", "accountNo": "26070", "name": "DAVID MWANGI MWAGO", "phone": "254724217874", "meterNo": "21109440", "accountStatus": "ACTIVE", "accountType": "Domestic", "institution": null, "meterStatus": "METERED", "brand": "YUONSO", "material": "Plastic", "meterClass": "B", "schemeName": "Rural", "zone": "013 84", "route": "013 84-KINGUKIRO", "dma": "N/A", "location": "king'ukiro", "parcelNo": null, "meterSize": "0.5", "remarks": "OK", "userId": null, "latitude": -0.3980094, "longitude": 37.0937379 }, "geometry": { "type": "Point", "coordinates": [ 37.0937379, -0.3980094 ] } },
{ "type": "Feature", "properties": { "id": "f5c0e458-6a28-460b-9b16-c397c8fbb204", "accountNo": "26071", "name": "DANIEL MATHAI MWANGI", "phone": "254723454656", "meterNo": "21112977", "accountStatus": "ACTIVE", "accountType": "Domestic", "institution": null, "meterStatus": "METERED", "brand": "YUONSO", "material": "Plastic", "meterClass": "B", "schemeName": "Rural", "zone": "013 84", "route": "013 84-KINGUKIRO", "dma": "N/A", "location": "king'ukiro towards main road", "parcelNo": null, "meterSize": "0.5", "remarks": "OK", "userId": null, "latitude": -0.3985204, "longitude": 37.0922283 }, "geometry": { "type": "Point", "coordinates": [ 37.0922283, -0.3985204 ] } },
{ "type": "Feature", "properties": { "id": "21989ca9-ce10-4009-ac90-648f44faef41", "accountNo": "26074", "name": "FULL GOSPEL CHURCHES OF KENYA", "phone": "254723801078", "meterNo": "22035087", "accountStatus": "ACTIVE", "accountType": "Domestic", "institution": null, "meterStatus": "METERED", "brand": "YUONSO", "material": "Plastic", "meterClass": "C", "schemeName": "Rural", "zone": "013 84", "route": "013 84-KINGUKIRO", "dma": "N/A", "location": "Near the fence", "parcelNo": null, "meterSize": "0.5", "remarks": null, "userId": null, "latitude": -0.3988923, "longitude": 37.0893846 }, "geometry": { "type": "Point", "coordinates": [ 37.0893846, -0.3988923 ] } },
{ "type": "Feature", "properties": { "id": "45402d0d-4cee-41c7-8b3c-283e92a2deb1", "accountNo": "27868", "name": "MARY NJOKI MWANGI", "phone": "254727889103", "meterNo": "23179876", "accountStatus": "ACTIVE", "accountType": "Domestic", "institution": null, "meterStatus": "METERED", "brand": "YUONSO", "material": "Plastic", "meterClass": "B", "schemeName": "Rural", "zone": "012 83", "route": "131 RANGI", "dma": "N/A", "location": "near the gate", "parcelNo": null, "meterSize": "0.5", "remarks": "mapped", "userId": null, "latitude": -0.3768916, "longitude": 37.0917417 }, "geometry": { "type": "Point", "coordinates": [ 37.0917417, -0.3768916 ] } },
{ "type": "Feature", "properties": { "id": "f5c0e458-6a28-460b-9b16-c397c7fbc359", "accountNo": "26075", "name": "WAKIURU GATUGU", "phone": "254715296542", "meterNo": "21111842", "accountStatus": "ACTIVE", "accountType": "Domestic", "institution": null, "meterStatus": "METERED", "brand": "YUONSO", "material": "Plastic", "meterClass": "B", "schemeName": "Rural", "zone": "013 84", "route": "013 84-KINGUKIRO", "dma": "N/A", "location": "king'ukiro", "parcelNo": null, "meterSize": "0.5", "remarks": "OK", "userId": null, "latitude": -0.3979368, "longitude": 37.093251 }, "geometry": { "type": "Point", "coordinates": [ 37.093251, -0.3979368 ] } },
{ "type": "Feature", "properties": { "id": "244c1ab4-f2d7-4f23-a295-bc18b1491ff8", "accountNo": "26078", "name": "JOSEPH KINYUA NGATIA", "phone": "254728205027", "meterNo": "21112548", "accountStatus": "ACTIVE", "accountType": "Domestic", "institution": null, "meterStatus": "METERED", "brand": "YUONSO", "material": "PLASTIC", "meterClass": "B", "schemeName": null, "zone": "012 83", "route": "078 GITHAMBIRO", "dma": "Factory Line", "location": null, "parcelNo": null, "meterSize": "0.5", "remarks": null, "userId": null, "latitude": -0.37476, "longitude": 37.0930533 }, "geometry": { "type": "Point", "coordinates": [ 37.0930533, -0.37476 ] } },
{ "type": "Feature", "properties": { "id": "f5c0e458-6a28-460b-9b16-c397c8fbb664", "accountNo": "26079", "name": "PETER MAINA NGETHA", "phone": "254719319194", "meterNo": "21109433", "accountStatus": "ACTIVE", "accountType": "Domestic", "institution": null, "meterStatus": "METERED", "brand": "YUONSO", "material": "Plastic", "meterClass": "B", "schemeName": "Rural", "zone": "013 84", "route": "013 84-KINGUKIRO", "dma": "N/A", "location": "king'ukiro", "parcelNo": null, "meterSize": "0.5", "remarks": "OK", "userId": null, "latitude": -0.3983509, "longitude": 37.0924593 }, "geometry": { "type": "Point", "coordinates": [ 37.0924593, -0.3983509 ] } },
{ "type": "Feature", "properties": { "id": "c3112008-9290-40c7-a786-bdb5fd3d1d8e", "accountNo": "08549", "name": "PETER GITONGA MIANO", "phone": "254728423241", "meterNo": "1500199517", "accountStatus": "ACTIVE", "accountType": "Domestic", "institution": "N/A", "meterStatus": "METERED", "brand": "YUONSO", "material": "PLASTIC", "meterClass": "B", "schemeName": "Rural", "zone": "012 83", "route": "076 KIAMARIGA", "dma": "N/A", "location": "along Kagati road", "parcelNo": null, "meterSize": "0.5", "remarks": null, "userId": null, "latitude": -0.3876539, "longitude": 37.074658 }, "geometry": { "type": "Point", "coordinates": [ 37.074658, -0.3876539 ] } },
{ "type": "Feature", "properties": { "id": "f5c0e458-6a28-460b-9b16-c397c8fbb665", "accountNo": "26080", "name": "SAMUEL MWARIA WERU", "phone": "254725741219", "meterNo": "21111679", "accountStatus": "ACTIVE", "accountType": "Domestic", "institution": null, "meterStatus": "METERED", "brand": "Younso", "material": "Plastic", "meterClass": "B", "schemeName": "Rural", "zone": "013 84", "route": "013 84-KINGUKIRO", "dma": "N/A", "location": "ACK church route", "parcelNo": null, "meterSize": "0.5", "remarks": null, "userId": null, "latitude": -0.3985501, "longitude": 37.0903753 }, "geometry": { "type": "Point", "coordinates": [ 37.0903753, -0.3985501 ] } },
{ "type": "Feature", "properties": { "id": "f5c0e458-6a28-460b-9b16-c397c1fbc795", "accountNo": "26081", "name": "STEPHEN WAMAI MUKABURU", "phone": "254720998390", "meterNo": "21112975", "accountStatus": "ACTIVE", "accountType": "Domestic", "institution": null, "meterStatus": "METERED", "brand": "YUONSO", "material": "Plastic", "meterClass": "B", "schemeName": "Rural", "zone": "013 84", "route": "013 84-KINGUKIRO", "dma": "N/A", "location": "king'ukiro", "parcelNo": null, "meterSize": "0.5", "remarks": "OK", "userId": null, "latitude": -0.3946218, "longitude": 37.0980342 }, "geometry": { "type": "Point", "coordinates": [ 37.0980342, -0.3946218 ] } },
{ "type": "Feature", "properties": { "id": "f5c0e458-6a28-460b-9b16-c397c8fbb678", "accountNo": "26085", "name": "MERCY MUTHONI KAGUNDA", "phone": "254729248602", "meterNo": "21111841", "accountStatus": "ACTIVE", "accountType": "Domestic", "institution": null, "meterStatus": "METERED", "brand": "YUONSO", "material": "Plastic", "meterClass": "B", "schemeName": "Rural", "zone": "013 84", "route": "013 84-KINGUKIRO", "dma": "N/A", "location": "king'ukiro", "parcelNo": null, "meterSize": "0.5", "remarks": "OK", "userId": null, "latitude": -0.39762, "longitude": 37.0953683 }, "geometry": { "type": "Point", "coordinates": [ 37.0953683, -0.39762 ] } },
{ "type": "Feature", "properties": { "id": "170c64e8-775c-4e6e-a0ad-fde806e89670", "accountNo": "08592", "name": "PATRICK MWANGI GATHERU", "phone": "254722909510", "meterNo": "21109319", "accountStatus": "ACTIVE", "accountType": "Domestic", "institution": "N/A", "meterStatus": "METERED", "brand": "YUONSO", "material": "PLASTIC", "meterClass": "B", "schemeName": "Rural", "zone": "012 83", "route": "183 GICHORU", "dma": "N/A", "location": "along Gichoru road ", "parcelNo": null, "meterSize": "0.5", "remarks": "gichoru dma ", "userId": null, "latitude": -0.3844475, "longitude": 37.1040008 }, "geometry": { "type": "Point", "coordinates": [ 37.103977805081442, -0.384485105823019 ] } },
{ "type": "Feature", "properties": { "id": "61d34aec-8ed8-4e2b-a8fe-b25dd8912129", "accountNo": "08676", "name": "NGATIA KAMWETI", "phone": "254712140244", "meterNo": "19095752", "accountStatus": "ACTIVE", "accountType": "Domestic", "institution": null, "meterStatus": "METERED", "brand": "YUONSO", "material": "PLASTIC", "meterClass": "B", "schemeName": null, "zone": "012 83", "route": "013- BEHIND COFFEE FACTORY", "dma": "Factory Line", "location": null, "parcelNo": null, "meterSize": "0.5", "remarks": null, "userId": null, "latitude": -0.3900552, "longitude": 37.0766457 }, "geometry": { "type": "Point", "coordinates": [ 37.0766457, -0.3900552 ] } },
{ "type": "Feature", "properties": { "id": "aa4b7b2b-c5d5-4b14-bdc0-f9fecac9d402", "accountNo": "20352", "name": "NATHAN NGARI WAMAI", "phone": "254719453717", "meterNo": "150900426", "accountStatus": "ACTIVE", "accountType": "Domestic", "institution": null, "meterStatus": "METERED", "brand": "YUONSO", "material": "PLASTIC", "meterClass": "B", "schemeName": null, "zone": "012 83", "route": "075 KIANJAU", "dma": "N/A", "location": null, "parcelNo": "0", "meterSize": "0.5", "remarks": null, "userId": null, "latitude": -0.3878062, "longitude": 37.093962 }, "geometry": { "type": "Point", "coordinates": [ 37.093962, -0.3878062 ] } },
{ "type": "Feature", "properties": { "id": "e3064ac7-9200-4605-a919-9b7aa8f7c059", "accountNo": "00361", "name": "PATRICK MURAGURI KABUI", "phone": "254720146102", "meterNo": "19013746", "accountStatus": "ACTIVE", "accountType": "Domestic", "institution": null, "meterStatus": "METERED", "brand": "YUONSO", "material": "PLASTIC", "meterClass": "B", "schemeName": null, "zone": "012 83", "route": "076 KIAMARIGA", "dma": "N/A", "location": "along Rangi road ", "parcelNo": "1792", "meterSize": "0.5", "remarks": null, "userId": null, "latitude": -0.3847199, "longitude": 37.0881994 }, "geometry": { "type": "Point", "coordinates": [ 37.0881994, -0.3847199 ] } },
{ "type": "Feature", "properties": { "id": "2835e1c1-c5e7-40e8-bb50-a21f8da4ef11", "accountNo": "09352", "name": "CYRUS GITHINJI WAMBEU  MUTE", "phone": "254710677131", "meterNo": "19094857", "accountStatus": "ACTIVE", "accountType": "Domestic", "institution": null, "meterStatus": "METERED", "brand": "YUONSO", "material": "Plastic", "meterClass": "C", "schemeName": "Rural", "zone": "013 84", "route": "217 MIORO", "dma": "N/A", "location": "Along the fence", "parcelNo": null, "meterSize": "0.5", "remarks": null, "userId": null, "latitude": -0.3959114, "longitude": 37.104953 }, "geometry": { "type": "Point", "coordinates": [ 37.104953, -0.3959114 ] } },
{ "type": "Feature", "properties": { "id": "5f6eb66c-3c2b-4e03-9062-6cf025f5e636", "accountNo": "09389", "name": "ALEX KAMINDI KIGWERU", "phone": "254706569215", "meterNo": "24014805", "accountStatus": "ACTIVE", "accountType": "Domestic", "institution": null, "meterStatus": "METERED", "brand": "YUONSO", "material": "Plastic", "meterClass": "C", "schemeName": "Rural", "zone": "013 84", "route": "012 83-KANGOGORO DMA", "dma": "Kangongoro", "location": "near the gate", "parcelNo": null, "meterSize": "0.5", "remarks": "ok", "userId": null, "latitude": -0.3906433, "longitude": 37.1020217 }, "geometry": { "type": "Point", "coordinates": [ 37.1020217, -0.3906433 ] } },
{ "type": "Feature", "properties": { "id": "f5c0e458-6a28-460b-9b16-c397c1fbc608", "accountNo": "26385", "name": "HARUN KIBOCHA MURIUKI", "phone": "254721946923", "meterNo": "21110695", "accountStatus": "ACTIVE", "accountType": "Domestic", "institution": null, "meterStatus": "METERED", "brand": "Younso ", "material": "plastic ", "meterClass": "b", "schemeName": "Rural", "zone": "012 83", "route": "075 KIANJAU", "dma": "N/A", "location": "Near Kianjau primary ", "parcelNo": null, "meterSize": "0.5", "remarks": null, "userId": null, "latitude": -0.3830671, "longitude": 37.1002259 }, "geometry": { "type": "Point", "coordinates": [ 37.1002259, -0.3830671 ] } },
{ "type": "Feature", "properties": { "id": "01c41631-e23b-435b-bbec-355713f05c64", "accountNo": "00489", "name": "STEPHEN N MUNA", "phone": "254716316235", "meterNo": "11025861", "accountStatus": "ACTIVE", "accountType": "Domestic", "institution": null, "meterStatus": "METERED", "brand": "YUONSO", "material": "Plastic", "meterClass": "C", "schemeName": "Rural", "zone": "013 84", "route": "012 83-KANGOGORO DMA", "dma": "Kangongoro", "location": "Below the stairs", "parcelNo": null, "meterSize": "0.5", "remarks": null, "userId": null, "latitude": -0.3872067, "longitude": 37.10736 }, "geometry": { "type": "Point", "coordinates": [ 37.10736, -0.3872067 ] } },
{ "type": "Feature", "properties": { "id": "f09df0fc-2254-4c23-9386-f51b2edef793", "accountNo": "00492", "name": "MWERI MURURU", "phone": "254724574739", "meterNo": "16034680", "accountStatus": "ACTIVE", "accountType": "Domestic", "institution": null, "meterStatus": "METERED", "brand": "YUONSO", "material": "Plastic", "meterClass": "C", "schemeName": "Rural", "zone": "013 84", "route": "012 83-KANGOGORO DMA", "dma": "Kangongoro", "location": "In the farm", "parcelNo": null, "meterSize": "0.5", "remarks": null, "userId": null, "latitude": -0.3890983, "longitude": 37.1066934 }, "geometry": { "type": "Point", "coordinates": [ 37.1066934, -0.3890983 ] } },
{ "type": "Feature", "properties": { "id": "f5c0e458-6a28-460b-9b16-c397c5fbc935", "accountNo": "26394", "name": "ALICE MUTHONI MUREITHI", "phone": "254724574240", "meterNo": null, "accountStatus": "SEALED", "accountType": "Domestic", "institution": null, "meterStatus": "METERED", "brand": "younso", "material": "pladtic", "meterClass": "B", "schemeName": "Rural", "zone": "013 84", "route": "017- BEHIND NJATHEINI PRIMARY SCHOOL", "dma": "N/A", "location": "behind primary school", "parcelNo": null, "meterSize": "0.5", "remarks": "new connection", "userId": null, "latitude": -0.3907284, "longitude": 37.1077689 }, "geometry": { "type": "Point", "coordinates": [ 37.1077689, -0.3907284 ] } },
{ "type": "Feature", "properties": { "id": "f5c0e458-6a28-460b-9b16-c397c2fbc947", "accountNo": "26425", "name": "MARY WANJIKU WACHIRA", "phone": "254792066455", "meterNo": "15001399", "accountStatus": "SEALED", "accountType": "Domestic", "institution": null, "meterStatus": "METERED", "brand": "younso", "material": "plastic", "meterClass": "B", "schemeName": "Rural", "zone": "012 83", "route": "076 KIAMARIGA", "dma": "N/A", "location": "kiamariga/ngorano road", "parcelNo": null, "meterSize": "0.5", "remarks": "new connection", "userId": null, "latitude": -0.3846372, "longitude": 37.0815685 }, "geometry": { "type": "Point", "coordinates": [ 37.0815685, -0.3846372 ] } },
{ "type": "Feature", "properties": { "id": "f5c0e458-6a28-460b-9b16-c397c2fbc416", "accountNo": "26426", "name": "CHARLS KARATU NGATIA", "phone": "254726885905", "meterNo": "14062305", "accountStatus": "ACTIVE", "accountType": "Domestic", "institution": null, "meterStatus": "METERED", "brand": "younso", "material": "plastic", "meterClass": "B", "schemeName": "Rural", "zone": "012 83", "route": "013- KIAMARIGA TOWN (Upper Side)", "dma": "N/A", "location": "kiamariga /Ngorano road", "parcelNo": null, "meterSize": "0.5", "remarks": "new connection", "userId": null, "latitude": -0.384348, "longitude": 37.0814907 }, "geometry": { "type": "Point", "coordinates": [ 37.0814907, -0.384348 ] } },
{ "type": "Feature", "properties": { "id": "f5c0e458-6a28-460b-9b16-c397c8fbb846", "accountNo": "26428", "name": "CHARITY MURINGI MURAGE", "phone": "254724717463", "meterNo": "10-1500028", "accountStatus": "ACTIVE", "accountType": "Domestic", "institution": null, "meterStatus": "METERED", "brand": "younso", "material": "plastic", "meterClass": "B", "schemeName": "Rural", "zone": "012 83", "route": "076 KIAMARIGA", "dma": "N/A", "location": "kiamariga/ngorano road", "parcelNo": null, "meterSize": "0.5", "remarks": "new connection", "userId": null, "latitude": -0.3843333, "longitude": 37.08151 }, "geometry": { "type": "Point", "coordinates": [ 37.08151, -0.3843333 ] } },
{ "type": "Feature", "properties": { "id": "f5c0e458-6a28-460b-9b16-c397c1fbc620", "accountNo": "09372", "name": "PETER MUGWERU MAINA", "phone": "254727156810", "meterNo": "19056139", "accountStatus": "ACTIVE", "accountType": "Domestic", "institution": null, "meterStatus": "METERED", "brand": "Younio", "material": "Polymer", "meterClass": null, "schemeName": "Rural", "zone": "013 84", "route": "082 KABIRUINI", "dma": "N/A", "location": null, "parcelNo": null, "meterSize": "0.5", "remarks": null, "userId": null, "latitude": -0.3920108, "longitude": 37.0906169 }, "geometry": { "type": "Point", "coordinates": [ 37.0906169, -0.3920108 ] } },
{ "type": "Feature", "properties": { "id": "f5c0e458-6a28-460b-9b16-c397c1fbc708", "accountNo": "26487", "name": "NANCY WANJIRU MURAGE", "phone": "254729445483", "meterNo": "22034928", "accountStatus": "ACTIVE", "accountType": "Domestic", "institution": null, "meterStatus": "METERED", "brand": "younso ", "material": "plastic ", "meterClass": "B", "schemeName": "Rural", "zone": "012 83", "route": "013- BEHIND COFFEE FACTORY", "dma": "N/A", "location": "100 m from the main road.", "parcelNo": null, "meterSize": "0.5", "remarks": "OK", "userId": null, "latitude": -0.3886134, "longitude": 37.0790053 }, "geometry": { "type": "Point", "coordinates": [ 37.0790053, -0.3886134 ] } },
{ "type": "Feature", "properties": { "id": "4140cb8b-ef58-4d2b-a1b4-1c4c6ff557ba", "accountNo": "26563", "name": "MICHAEL MURIITHI WACHIRA", "phone": "254741163373", "meterNo": "22035715", "accountStatus": "ACTIVE", "accountType": "Domestic", "institution": null, "meterStatus": "METERED", "brand": "YUONSO", "material": "PLASTIC", "meterClass": "B", "schemeName": null, "zone": "012 83", "route": "076 KIAMARIGA", "dma": "N/A", "location": null, "parcelNo": null, "meterSize": "0.5", "remarks": null, "userId": null, "latitude": -0.3851349, "longitude": 37.0792667 }, "geometry": { "type": "Point", "coordinates": [ 37.0792667, -0.3851349 ] } },
{ "type": "Feature", "properties": { "id": "361fdcf5-ef49-4d95-b6d0-72fa19fdbc4d", "accountNo": "26594", "name": "ANASTASIA WANJIRU MWANGI", "phone": "254717256267", "meterNo": "22034906", "accountStatus": "ACTIVE", "accountType": "Domestic", "institution": null, "meterStatus": "METERED", "brand": "YUONSO", "material": "Plastic", "meterClass": "C", "schemeName": "Rural", "zone": "013 84", "route": "186 MARIA", "dma": "N/A", "location": "In the compound", "parcelNo": null, "meterSize": "0.5", "remarks": null, "userId": null, "latitude": -0.396885, "longitude": 37.0805083 }, "geometry": { "type": "Point", "coordinates": [ 37.0805083, -0.396885 ] } },
{ "type": "Feature", "properties": { "id": "c3f5119e-3169-4b8d-be5e-d4bce54d4d94", "accountNo": "08301", "name": "DAVID WANDETO  MUTU", "phone": "254720757332", "meterNo": "17012602", "accountStatus": "ACTIVE", "accountType": "Domestic", "institution": null, "meterStatus": "METERED", "brand": "YUONSO", "material": "PLASTIC", "meterClass": "B", "schemeName": null, "zone": "012 83", "route": "071 IRURI", "dma": "N/A", "location": "along Rangi road ", "parcelNo": null, "meterSize": "0.5", "remarks": null, "userId": null, "latitude": -0.3837292, "longitude": 37.0867348 }, "geometry": { "type": "Point", "coordinates": [ 37.0867348, -0.3837292 ] } },
{ "type": "Feature", "properties": { "id": "c10847f9-6ce6-4092-9a32-241b45e7ca71", "accountNo": "08305", "name": "GACHARI  NJERU", "phone": "254729365673", "meterNo": "16033664", "accountStatus": "ACTIVE", "accountType": "Institutional", "institution": null, "meterStatus": "METERED", "brand": "YUONSO", "material": "PLASTIC", "meterClass": "B", "schemeName": null, "zone": "012 83", "route": "075 KIANJAU", "dma": "N/A", "location": null, "parcelNo": null, "meterSize": "0.5", "remarks": null, "userId": null, "latitude": -0.3865963, "longitude": 37.0984495 }, "geometry": { "type": "Point", "coordinates": [ 37.0984495, -0.3865963 ] } },
{ "type": "Feature", "properties": { "id": "5631f57c-6d08-484c-855a-35737ce7d0af", "accountNo": "00122", "name": "JAMES KABURU MAINA", "phone": "254713698430", "meterNo": "1500802017", "accountStatus": "ACTIVE", "accountType": "Domestic", "institution": null, "meterStatus": "METERED", "brand": "YUONSO", "material": "PLASTIC", "meterClass": "B", "schemeName": null, "zone": "012 83", "route": "075 KIANJAU", "dma": "N/A", "location": null, "parcelNo": "0", "meterSize": "0.5", "remarks": null, "userId": null, "latitude": -0.3871634, "longitude": 37.0979038 }, "geometry": { "type": "Point", "coordinates": [ 37.0979038, -0.3871634 ] } },
{ "type": "Feature", "properties": { "id": "f5c0e458-6a28-460b-9b16-c397c1fbc738", "accountNo": "00417", "name": "JACKSON MWANGI MACHARIA", "phone": "254722426792", "meterNo": "19096851", "accountStatus": "ACTIVE", "accountType": "Domestic", "institution": null, "meterStatus": "METERED", "brand": "younso", "material": "plastic", "meterClass": "b", "schemeName": "Rural", "zone": "012 83", "route": "013- BEHIND COFFEE FACTORY", "dma": "N/A", "location": "near the washroom", "parcelNo": "64", "meterSize": "0.5", "remarks": "OK", "userId": null, "latitude": -0.3896402, "longitude": 37.0864793 }, "geometry": { "type": "Point", "coordinates": [ 37.0864793, -0.3896402 ] } },
{ "type": "Feature", "properties": { "id": "44a0f341-8d6c-4a37-afa7-0c28ce1229e9", "accountNo": "00508", "name": "SAMUEL MUGWERU KAGOMO", "phone": "254725266399", "meterNo": "150214318", "accountStatus": "ACTIVE", "accountType": "Domestic", "institution": null, "meterStatus": "METERED", "brand": "YUONSO", "material": "Plastic", "meterClass": "C", "schemeName": "Rural", "zone": "013 84", "route": "187 MUTIINI", "dma": "N/A", "location": "In the compound", "parcelNo": null, "meterSize": "0.5", "remarks": null, "userId": null, "latitude": -0.4011748, "longitude": 37.0812519 }, "geometry": { "type": "Point", "coordinates": [ 37.0812519, -0.4011748 ] } },
{ "type": "Feature", "properties": { "id": "268bf8d2-8c52-475d-bc02-8e51da50132b", "accountNo": "00518", "name": "RUTH GATHONI NYAMU", "phone": "254728236266", "meterNo": "150081417", "accountStatus": "ACTIVE", "accountType": "Domestic", "institution": null, "meterStatus": "METERED", "brand": "YUONSO", "material": "Plastic", "meterClass": "C", "schemeName": "Rural", "zone": "013 84", "route": "012 83-KANGOGORO DMA", "dma": "Kangongoro", "location": "Near the gate", "parcelNo": null, "meterSize": "0.5", "remarks": null, "userId": null, "latitude": -0.3890654, "longitude": 37.1059921 }, "geometry": { "type": "Point", "coordinates": [ 37.1059921, -0.3890654 ] } },
{ "type": "Feature", "properties": { "id": "07fd6d93-c05e-4e26-b516-f38708668f79", "accountNo": "27162", "name": "STANELY MARANGA MAINA", "phone": "254703688546", "meterNo": "23038443", "accountStatus": "ACTIVE", "accountType": "Domestic", "institution": null, "meterStatus": "METERED", "brand": null, "material": null, "meterClass": null, "schemeName": null, "zone": "012 83", "route": "076 KIAMARIGA", "dma": "N/A", "location": null, "parcelNo": "1019", "meterSize": "0.5", "remarks": null, "userId": null, "latitude": -0.3895479, "longitude": 37.0786314 }, "geometry": { "type": "Point", "coordinates": [ 37.0786314, -0.3895479 ] } },
{ "type": "Feature", "properties": { "id": "ef9090fe-0c45-4945-bec6-c09b5d0d17db", "accountNo": "27166", "name": "LUCY WANGUI MWAI", "phone": "254726875400", "meterNo": "23041259", "accountStatus": "ACTIVE", "accountType": "Domestic", "institution": null, "meterStatus": "METERED", "brand": "YUONSO", "material": "PLASTIC", "meterClass": "B", "schemeName": null, "zone": "013 84", "route": "186 MARIA", "dma": "N/A", "location": "200m from the Krt Ngorano junction on your right hand.", "parcelNo": "RUGURU/KIAMARIGA/3070", "meterSize": "0.5", "remarks": "Installed ", "userId": null, "latitude": -0.3926674, "longitude": 37.0851857 }, "geometry": { "type": "Point", "coordinates": [ 37.0851857, -0.3926674 ] } },
{ "type": "Feature", "properties": { "id": "c710940b-acc3-4f1a-a98d-0f32b9288ee4", "accountNo": "08261", "name": "GATHONI  GICHOHI", "phone": "254717967706", "meterNo": "19095760", "accountStatus": "ACTIVE", "accountType": "Domestic", "institution": null, "meterStatus": "METERED", "brand": "YUONSO", "material": "PLASTIC", "meterClass": "B", "schemeName": null, "zone": "012 83", "route": "013- BEHIND COFFEE FACTORY", "dma": "Factory Line", "location": null, "parcelNo": null, "meterSize": "0.5", "remarks": null, "userId": null, "latitude": -0.3904529, "longitude": 37.0725788 }, "geometry": { "type": "Point", "coordinates": [ 37.0725788, -0.3904529 ] } },
{ "type": "Feature", "properties": { "id": "c2704d94-fe4d-4ba3-b451-8633dcf50cff", "accountNo": "00246", "name": "DAVID MWANGI GITHINJI", "phone": "254723722810", "meterNo": null, "accountStatus": "ACTIVE", "accountType": "Domestic", "institution": null, "meterStatus": "METERED", "brand": "YUONSO", "material": "POLYMER", "meterClass": "A", "schemeName": null, "zone": "012 83", "route": "KIAIHURU DMA", "dma": "N/A", "location": null, "parcelNo": "136", "meterSize": "0.5", "remarks": null, "userId": null, "latitude": -0.3704462, "longitude": 37.0909859 }, "geometry": { "type": "Point", "coordinates": [ 37.0909859, -0.3704462 ] } },
{ "type": "Feature", "properties": { "id": "5caf3d7a-77e7-45b3-8e8c-c6b938c958f3", "accountNo": "00454", "name": "MIANO WANDERI", "phone": "254721600369", "meterNo": "1500742017", "accountStatus": "ACTIVE", "accountType": "Domestic", "institution": null, "meterStatus": "METERED", "brand": "YUONSO", "material": "Plastic", "meterClass": "B", "schemeName": "Rural", "zone": "013 84", "route": "186 MARIA", "dma": "N/A", "location": "at the back of the house", "parcelNo": "0", "meterSize": "0.5", "remarks": "active", "userId": null, "latitude": -0.3941833, "longitude": 37.080185 }, "geometry": { "type": "Point", "coordinates": [ 37.080185, -0.3941833 ] } },
{ "type": "Feature", "properties": { "id": "1c8c5259-081f-4172-85f7-425a00f10a43", "accountNo": "27732", "name": "DOUGLAS MATU WAINUKU", "phone": "254724281572", "meterNo": "24015582", "accountStatus": "ACTIVE", "accountType": "Domestic", "institution": null, "meterStatus": "METERED", "brand": "YUONSO", "material": "Plastic", "meterClass": "C", "schemeName": null, "zone": "012 83", "route": "131 RANGI", "dma": "N/A", "location": null, "parcelNo": null, "meterSize": "0.5", "remarks": null, "userId": null, "latitude": -0.37579, "longitude": 37.0941017 }, "geometry": { "type": "Point", "coordinates": [ 37.0941017, -0.37579 ] } },
{ "type": "Feature", "properties": { "id": "f5c0e458-6a28-460b-9b16-c397c5fbc387", "accountNo": "09286", "name": "GITHAE  GITUKA", "phone": "254711879068", "meterNo": null, "accountStatus": "ACTIVE", "accountType": "Domestic", "institution": null, "meterStatus": "METERED", "brand": "Aimei", "material": "Polymer", "meterClass": "B", "schemeName": "Rural", "zone": "013 84", "route": "089 NJATHEINI", "dma": "N/A", "location": "Inside", "parcelNo": null, "meterSize": "0.5", "remarks": null, "userId": null, "latitude": -0.3941177, "longitude": 37.1012576 }, "geometry": { "type": "Point", "coordinates": [ 37.1012576, -0.3941177 ] } },
{ "type": "Feature", "properties": { "id": "2f7b4a83-88f3-458c-b7b3-a28f154cba62", "accountNo": "20013", "name": "IRENE WANGUI NJOROGE", "phone": "254727752399", "meterNo": "14061489", "accountStatus": "ACTIVE", "accountType": "Domestic", "institution": null, "meterStatus": "METERED", "brand": "YUONSO", "material": "PLASTIC", "meterClass": "B", "schemeName": null, "zone": "012 83", "route": "078 GITHAMBIRO", "dma": "Factory Line", "location": null, "parcelNo": null, "meterSize": "0.5", "remarks": null, "userId": null, "latitude": -0.3747121, "longitude": 37.0923324 }, "geometry": { "type": "Point", "coordinates": [ 37.0923324, -0.3747121 ] } },
{ "type": "Feature", "properties": { "id": "f5c0e458-6a28-460b-9b16-c397c2fbc501", "accountNo": "09340", "name": "PETER K.  GITHETHUKI", "phone": "254721265897", "meterNo": "19095677", "accountStatus": "ACTIVE", "accountType": "Domestic", "institution": null, "meterStatus": "METERED", "brand": "Younio", "material": "Polymer", "meterClass": null, "schemeName": "Rural", "zone": "013 84", "route": "017- BEHIND NJATHEINI PRIMARY SCHOOL", "dma": "N/A", "location": null, "parcelNo": null, "meterSize": "0.5", "remarks": null, "userId": null, "latitude": -0.392436, "longitude": 37.1065992 }, "geometry": { "type": "Point", "coordinates": [ 37.1065992, -0.392436 ] } },
{ "type": "Feature", "properties": { "id": "f5c0e458-6a28-460b-9b16-c397c8fbb946", "accountNo": "23177", "name": "NANCY NYARUAI THOITHI", "phone": "254714105465", "meterNo": "15034797", "accountStatus": "ACTIVE", "accountType": "Domestic", "institution": null, "meterStatus": "METERED", "brand": "Younio", "material": "Polymer", "meterClass": "C", "schemeName": "Rural", "zone": "013 84", "route": "012 83-KANGOGORO DMA", "dma": "Kangongoro", "location": "Inside", "parcelNo": "0", "meterSize": "0.5", "remarks": null, "userId": null, "latitude": -0.390131, "longitude": 37.1029121 }, "geometry": { "type": "Point", "coordinates": [ 37.1029121, -0.390131 ] } },
{ "type": "Feature", "properties": { "id": "f5c0e458-6a28-460b-9b16-c397c7fbc087", "accountNo": "20559", "name": "PETER MAINA MUTHEE", "phone": "254725384491", "meterNo": "150900161", "accountStatus": "ACTIVE", "accountType": "Domestic", "institution": null, "meterStatus": "METERED", "brand": "Younio", "material": "Polymer", "meterClass": "B", "schemeName": "Rural", "zone": "013 84", "route": "089 NJATHEINI", "dma": "N/A", "location": "Inside", "parcelNo": "0", "meterSize": "0.5", "remarks": null, "userId": null, "latitude": -0.3892761, "longitude": 37.1078491 }, "geometry": { "type": "Point", "coordinates": [ 37.1078491, -0.3892761 ] } },
{ "type": "Feature", "properties": { "id": "2a1b792a-8df3-4299-89b4-02cc2bdba32d", "accountNo": "00305", "name": "SAMUEL KABECHU", "phone": "254708107371", "meterNo": "17083194", "accountStatus": "ACTIVE", "accountType": "Domestic", "institution": null, "meterStatus": "METERED", "brand": "YUONSO", "material": "Plastic", "meterClass": "C", "schemeName": "Rural", "zone": "012 83", "route": "013- BETWEEN HOSPITAL & MAIN ROAD", "dma": "N/A", "location": "Behind the house ", "parcelNo": null, "meterSize": "0.5", "remarks": null, "userId": null, "latitude": -0.3845282, "longitude": 37.0832582 }, "geometry": { "type": "Point", "coordinates": [ 37.0832582, -0.3845282 ] } },
{ "type": "Feature", "properties": { "id": "f5c0e458-6a28-460b-9b16-c397c8fbc070", "accountNo": "23454", "name": "CHRISTOPHER MAINA MUREITHI", "phone": "254729690951", "meterNo": "181500411", "accountStatus": "ACTIVE", "accountType": "Domestic", "institution": null, "meterStatus": "METERED", "brand": "Aimei", "material": "Polymer", "meterClass": "B", "schemeName": "Rural", "zone": "013 84", "route": "089 NJATHEINI", "dma": "N/A", "location": "Inside", "parcelNo": null, "meterSize": "0.5", "remarks": null, "userId": null, "latitude": -0.393705, "longitude": 37.1019231 }, "geometry": { "type": "Point", "coordinates": [ 37.1019231, -0.393705 ] } },
{ "type": "Feature", "properties": { "id": "f5c0e458-6a28-460b-9b16-c397c7fbc338", "accountNo": "22973", "name": "TABITHA N GAKURU", "phone": "254713000159", "meterNo": "1500320517", "accountStatus": "SEALED", "accountType": "Domestic", "institution": null, "meterStatus": "METERED", "brand": "Aimei", "material": "Polymer", "meterClass": "C", "schemeName": "Rural", "zone": "013 84", "route": "012 83-KANGOGORO DMA", "dma": "Kangongoro", "location": "Inside", "parcelNo": "0", "meterSize": "0.5", "remarks": null, "userId": null, "latitude": -0.3915123, "longitude": 37.1000975 }, "geometry": { "type": "Point", "coordinates": [ 37.1000975, -0.3915123 ] } },
{ "type": "Feature", "properties": { "id": "e5eb21b8-2cdb-4c39-8006-8cb7b9e1a433", "accountNo": "23751", "name": "JAMES MURIUKI MUREITHI", "phone": "254702650648", "meterNo": "19056075", "accountStatus": "SEALED", "accountType": "Domestic", "institution": null, "meterStatus": "METERED", "brand": "YUONSO", "material": "PLASTIC", "meterClass": "B", "schemeName": null, "zone": "012 83", "route": "077 KAGATI", "dma": "N/A", "location": null, "parcelNo": null, "meterSize": "0.5", "remarks": null, "userId": null, "latitude": -0.3904908, "longitude": 37.0717317 }, "geometry": { "type": "Point", "coordinates": [ 37.0717317, -0.3904908 ] } },
{ "type": "Feature", "properties": { "id": "eafef5a2-0611-4cab-9edb-69656d9c3952", "accountNo": "23940", "name": "IRENE NYABERA  GATHU", "phone": "254723669792", "meterNo": "19056392", "accountStatus": "ACTIVE", "accountType": "Domestic", "institution": null, "meterStatus": "METERED", "brand": "YUONSO", "material": "PLASTIC", "meterClass": "B", "schemeName": null, "zone": "012 83", "route": "013- BEHIND COFFEE FACTORY", "dma": "Factory Line", "location": null, "parcelNo": null, "meterSize": "0.5", "remarks": null, "userId": null, "latitude": -0.3877917, "longitude": 37.081625 }, "geometry": { "type": "Point", "coordinates": [ 37.081625, -0.3877917 ] } },
{ "type": "Feature", "properties": { "id": "b584bc67-7101-4559-8ec4-229cb7e519e5", "accountNo": "23996", "name": "BEATRICE WANGUI MAINA", "phone": "254715068160", "meterNo": "9056937", "accountStatus": "ACTIVE", "accountType": "Domestic", "institution": null, "meterStatus": "METERED", "brand": "YUONSO", "material": "PLASTIC", "meterClass": "B", "schemeName": null, "zone": "012 83", "route": "076 KIAMARIGA", "dma": "Factory Line", "location": "Near tamtam building ", "parcelNo": null, "meterSize": "0.5", "remarks": null, "userId": null, "latitude": -0.3863544, "longitude": 37.0853138 }, "geometry": { "type": "Point", "coordinates": [ 37.0853138, -0.3863544 ] } },
{ "type": "Feature", "properties": { "id": "5dd64d7c-6358-4d1b-be09-d02fd4b886ad", "accountNo": "23791", "name": "MARION GATHONI KARIO.", "phone": "254717434510", "meterNo": "19061247", "accountStatus": "ACTIVE", "accountType": "Domestic", "institution": null, "meterStatus": "METERED", "brand": "YUONSO", "material": "PLASTIC", "meterClass": "B", "schemeName": null, "zone": "012 83", "route": "075 KIANJAU", "dma": "N/A", "location": null, "parcelNo": null, "meterSize": "0.5", "remarks": null, "userId": null, "latitude": -0.3843862, "longitude": 37.093948 }, "geometry": { "type": "Point", "coordinates": [ 37.093948, -0.3843862 ] } },
{ "type": "Feature", "properties": { "id": "c8a431d2-fd40-4f78-a7e9-148c5d43a25a", "accountNo": "08531", "name": "CHARLES WAMAI GATHERU", "phone": "254724870789", "meterNo": "22037385", "accountStatus": "ACTIVE", "accountType": "Domestic", "institution": "N/A", "meterStatus": "METERED", "brand": "YUONSO", "material": "PLASTIC", "meterClass": "B", "schemeName": "Rural", "zone": "012 83", "route": "075 KIANJAU", "dma": "N/A", "location": "along Gichoru road ", "parcelNo": null, "meterSize": "0.5", "remarks": "update meter number ", "userId": null, "latitude": -0.3846622, "longitude": 37.1041249 }, "geometry": { "type": "Point", "coordinates": [ 37.1041249, -0.3846622 ] } },
{ "type": "Feature", "properties": { "id": "7d44e14a-117e-4015-bcfb-6b882d0ff1eb", "accountNo": "08256", "name": "MUNENE  KARATU", "phone": "254721881908", "meterNo": "23178741", "accountStatus": "ACTIVE", "accountType": "Domestic", "institution": null, "meterStatus": "METERED", "brand": "YUONSO", "material": "Plastic", "meterClass": "C", "schemeName": "Rural", "zone": "012 83", "route": "076 KIAMARIGA", "dma": "N/A", "location": "near the edge of the field", "parcelNo": null, "meterSize": "0.5", "remarks": "8256", "userId": null, "latitude": -0.3893229, "longitude": 37.0711694 }, "geometry": { "type": "Point", "coordinates": [ 37.0711694, -0.3893229 ] } },
{ "type": "Feature", "properties": { "id": "f5c0e458-6a28-460b-9b16-c397c2fbc382", "accountNo": "23992", "name": "STEPHEN WERU WAITHAKA", "phone": "254723545548", "meterNo": "19056079", "accountStatus": "ACTIVE", "accountType": "Domestic", "institution": null, "meterStatus": "METERED", "brand": "yiunso", "material": "plastic", "meterClass": "b", "schemeName": "Rural", "zone": "012 83", "route": "076 KIAMARIGA", "dma": "N/A", "location": "behind the plot near the gate", "parcelNo": null, "meterSize": "0.5", "remarks": "OK", "userId": null, "latitude": -0.3856425, "longitude": 37.0835524 }, "geometry": { "type": "Point", "coordinates": [ 37.0835524, -0.3856425 ] } },
{ "type": "Feature", "properties": { "id": "8852e69f-e287-4981-a49f-a16fffd5b228", "accountNo": "25240", "name": "MATHENGE GEOFFREY GICHERE", "phone": "254722560718", "meterNo": "19094111", "accountStatus": "ACTIVE", "accountType": "Domestic", "institution": "N/A", "meterStatus": "METERED", "brand": "YUONSO", "material": "PLASTIC", "meterClass": "B", "schemeName": "Rural", "zone": "012 83", "route": "HIRIGA (83)", "dma": "N/A", "location": "Along hiriga road ", "parcelNo": null, "meterSize": "0.5", "remarks": null, "userId": null, "latitude": -0.401129, "longitude": 37.0660589 }, "geometry": { "type": "Point", "coordinates": [ 37.0660589, -0.401129 ] } },
{ "type": "Feature", "properties": { "id": "8580339f-b14a-44db-b4fc-0da89910972c", "accountNo": "25392", "name": "DAVID KIUGI WANGUI", "phone": "254706412441", "meterNo": "19094669", "accountStatus": "ACTIVE", "accountType": "Domestic", "institution": "N/A", "meterStatus": "METERED", "brand": "YUONSO", "material": "PLASTIC", "meterClass": "B", "schemeName": "Rural", "zone": "012 83", "route": "012 83-KIAMARIGA LOWER DMA", "dma": "N/A", "location": "opposite junction to Kagati field ", "parcelNo": null, "meterSize": "0.5", "remarks": null, "userId": null, "latitude": -0.3886053, "longitude": 37.0741126 }, "geometry": { "type": "Point", "coordinates": [ 37.0741126, -0.3886053 ] } },
{ "type": "Feature", "properties": { "id": "f5c0e458-6a28-460b-9b16-c397c1fbc940", "accountNo": "25865", "name": "JOSEPH KABIRU KINYUA", "phone": "254702614829", "meterNo": "21113371", "accountStatus": "ACTIVE", "accountType": "Domestic", "institution": null, "meterStatus": "METERED", "brand": "yuonso", "material": "plastic", "meterClass": "b", "schemeName": "Rural", "zone": "013 84", "route": "087 KIANDAKA", "dma": "N/A", "location": "njathaini junction", "parcelNo": null, "meterSize": "0.5", "remarks": "OK", "userId": null, "latitude": -0.393372, "longitude": 37.0968013 }, "geometry": { "type": "Point", "coordinates": [ 37.0968013, -0.393372 ] } },
{ "type": "Feature", "properties": { "id": "9d3efa36-637a-42aa-a60e-452b4c3a26bf", "accountNo": "26031", "name": "PATRICK MACHIRA MUITA", "phone": "254721937940", "meterNo": "21112175", "accountStatus": "ACTIVE", "accountType": "Domestic", "institution": null, "meterStatus": "METERED", "brand": "YUONSO", "material": "PLASTIC", "meterClass": "B", "schemeName": null, "zone": "012 83", "route": "078 GITHAMBIRO", "dma": "Factory Line", "location": null, "parcelNo": null, "meterSize": "0.5", "remarks": null, "userId": null, "latitude": -0.37597, "longitude": 37.092029 }, "geometry": { "type": "Point", "coordinates": [ 37.092029, -0.37597 ] } },
{ "type": "Feature", "properties": { "id": "ef02c920-f8f5-4c93-a397-c2884aeedda2", "accountNo": "20243", "name": "RAHAB WATETU MURAGE", "phone": "254752166824", "meterNo": "150900136", "accountStatus": "ACTIVE", "accountType": "Domestic", "institution": null, "meterStatus": "METERED", "brand": "YUONSO", "material": "PLASTIC", "meterClass": "B", "schemeName": null, "zone": "012 83", "route": "131 RANGI", "dma": "N/A", "location": "along Rangi road ", "parcelNo": null, "meterSize": "0.5", "remarks": null, "userId": null, "latitude": -0.3774336, "longitude": 37.0955283 }, "geometry": { "type": "Point", "coordinates": [ 37.0955283, -0.3774336 ] } },
{ "type": "Feature", "properties": { "id": "ffbd46fb-0974-4279-b6f8-144387c67521", "accountNo": "27817", "name": "JANE WATARE WAWERU", "phone": "254707005943", "meterNo": "23179945", "accountStatus": "ACTIVE", "accountType": "Domestic", "institution": null, "meterStatus": "METERED", "brand": "YUONSO", "material": "Plastic", "meterClass": "C", "schemeName": null, "zone": "013 84", "route": "082 KABIRUINI", "dma": "N/A", "location": null, "parcelNo": null, "meterSize": "0.5", "remarks": null, "userId": null, "latitude": -0.3963783, "longitude": 37.0882483 }, "geometry": { "type": "Point", "coordinates": [ 37.0882483, -0.3963783 ] } },
{ "type": "Feature", "properties": { "id": "cd4dd1dc-a1fa-4e83-b8e7-d5adb2a52ce1", "accountNo": "08334", "name": "EDWARD NGACHA", "phone": "254725783471", "meterNo": "23040572", "accountStatus": "ACTIVE", "accountType": "Domestic", "institution": "N/A", "meterStatus": "METERED", "brand": "YUONSO", "material": "PLASTIC", "meterClass": "B", "schemeName": "Rural", "zone": "012 83", "route": "183 GICHORU", "dma": "N/A", "location": "along Gichoru road ", "parcelNo": null, "meterSize": "0.5", "remarks": null, "userId": null, "latitude": -0.3816073, "longitude": 37.1027458 }, "geometry": { "type": "Point", "coordinates": [ 37.1027458, -0.3816073 ] } },
{ "type": "Feature", "properties": { "id": "8276fd43-da15-44d1-a67f-b56f1712fc80", "accountNo": "21229", "name": "SOLOMON KARIITHI GICHUKI", "phone": "254713410088", "meterNo": "16031393", "accountStatus": "ACTIVE", "accountType": "Domestic", "institution": "N/A", "meterStatus": "METERED", "brand": "YUONSO", "material": "PLASTIC", "meterClass": "B", "schemeName": "Rural", "zone": "012 83", "route": "077 KAGATI", "dma": "N/A", "location": "near junction to Kagati field ", "parcelNo": "0", "meterSize": "0.5", "remarks": null, "userId": null, "latitude": -0.3877939, "longitude": 37.0746227 }, "geometry": { "type": "Point", "coordinates": [ 37.0746227, -0.3877939 ] } },
{ "type": "Feature", "properties": { "id": "f5c0e458-6a28-460b-9b16-c397c1fbc221", "accountNo": "08009", "name": "KIRIAKU C MURIUKI", "phone": "254724313595", "meterNo": "181502087", "accountStatus": "ACTIVE", "accountType": "Domestic", "institution": null, "meterStatus": "METERED", "brand": "Aimei", "material": "Polymer", "meterClass": "B", "schemeName": "Rural", "zone": "013 84", "route": "089 NJATHEINI", "dma": "N/A", "location": "Inside", "parcelNo": null, "meterSize": "0.5", "remarks": null, "userId": null, "latitude": -0.393712, "longitude": 37.1028407 }, "geometry": { "type": "Point", "coordinates": [ 37.1028407, -0.393712 ] } },
{ "type": "Feature", "properties": { "id": "b0675444-4092-42e0-b1de-7fd610bc667d", "accountNo": "24185", "name": "PAUL MAINA WAMAI", "phone": "254733597531", "meterNo": "19060729", "accountStatus": "SEALED", "accountType": "Domestic", "institution": null, "meterStatus": "METERED", "brand": "YUONSO", "material": "PLASTIC", "meterClass": "B", "schemeName": null, "zone": "012 83", "route": "075 KIANJAU", "dma": "N/A", "location": null, "parcelNo": null, "meterSize": "0.5", "remarks": null, "userId": null, "latitude": -0.3875437, "longitude": 37.0935651 }, "geometry": { "type": "Point", "coordinates": [ 37.0935651, -0.3875437 ] } },
{ "type": "Feature", "properties": { "id": "71c14b03-6e71-4a9e-b335-6e428e6665f7", "accountNo": "27800", "name": "ANNA WAMBUI GICHOHI", "phone": "254707853159", "meterNo": "23180723", "accountStatus": "ACTIVE", "accountType": "Domestic", "institution": null, "meterStatus": "METERED", "brand": "YUONSO", "material": "Plastic", "meterClass": "C", "schemeName": "Rural", "zone": "012 83", "route": "013- BEHIND COFFEE FACTORY", "dma": "Factory Line", "location": "near the gate", "parcelNo": null, "meterSize": "0.5", "remarks": "ok", "userId": null, "latitude": -0.3895717, "longitude": 37.0778317 }, "geometry": { "type": "Point", "coordinates": [ 37.0778317, -0.3895717 ] } },
{ "type": "Feature", "properties": { "id": "188a5eba-2953-40bb-b659-da7f8d14b005", "accountNo": "00156", "name": "WILSON WARUI WAMBUGU", "phone": "254721280008", "meterNo": "17010993", "accountStatus": "SEALED", "accountType": "Institutional", "institution": null, "meterStatus": "METERED", "brand": "YUONSO", "material": "PLASTIC", "meterClass": "B", "schemeName": null, "zone": "012 83", "route": "075 KIANJAU", "dma": "N/A", "location": null, "parcelNo": null, "meterSize": "0.5", "remarks": null, "userId": null, "latitude": -0.3847233, "longitude": 37.10044 }, "geometry": { "type": "Point", "coordinates": [ 37.10044, -0.3847233 ] } },
{ "type": "Feature", "properties": { "id": "be83d24a-2c06-4c58-9cfa-f67bceb4517b", "accountNo": "22148", "name": "MILKA NYAWIRA KAMAU", "phone": "254723228738", "meterNo": "1500271017", "accountStatus": "ACTIVE", "accountType": "Domestic", "institution": null, "meterStatus": "METERED", "brand": "YUONSO", "material": "PLASTIC", "meterClass": "B", "schemeName": null, "zone": "012 83", "route": "012 83-KIAMARIGA LOWER DMA", "dma": "Kiamariga Lower", "location": null, "parcelNo": "0", "meterSize": "0.5", "remarks": null, "userId": null, "latitude": -0.3858243, "longitude": 37.0814024 }, "geometry": { "type": "Point", "coordinates": [ 37.0814024, -0.3858243 ] } },
{ "type": "Feature", "properties": { "id": "0212b58d-6df1-4535-9d51-a93221850234", "accountNo": "27919", "name": "JACKLINE GATHONI MURIUKI", "phone": "254721284538", "meterNo": "2000258817", "accountStatus": "ACTIVE", "accountType": "Domestic", "institution": null, "meterStatus": "METERED", "brand": "TWSB", "material": "Plastic", "meterClass": "B", "schemeName": "Rural", "zone": "012 83", "route": "074 NYANA", "dma": "N/A", "location": "nyana ", "parcelNo": null, "meterSize": "0.75", "remarks": "active ", "userId": null, "latitude": -0.3784633, "longitude": 37.100495 }, "geometry": { "type": "Point", "coordinates": [ 37.100495, -0.3784633 ] } },
{ "type": "Feature", "properties": { "id": "712d9a73-7a55-4fd9-a21d-1654dc5419a0", "accountNo": "07807", "name": "P.C.E.A. RWARE  CHURCH", "phone": "254720549496", "meterNo": "15034789", "accountStatus": "ACTIVE", "accountType": "Domestic", "institution": null, "meterStatus": "METERED", "brand": "YUONSO", "material": "PLASTIC", "meterClass": "B", "schemeName": null, "zone": "012 83", "route": "078 GITHAMBIRO", "dma": "Factory Line", "location": null, "parcelNo": null, "meterSize": "0.5", "remarks": null, "userId": null, "latitude": -0.3812977, "longitude": 37.0852644 }, "geometry": { "type": "Point", "coordinates": [ 37.0852644, -0.3812977 ] } },
{ "type": "Feature", "properties": { "id": "ea0a42ba-3ed1-4695-bfbc-00fd8b577eb4", "accountNo": "00293", "name": "GLADYS WAMBUI", "phone": "254790423904", "meterNo": "19095142", "accountStatus": "ACTIVE", "accountType": "Domestic", "institution": null, "meterStatus": "METERED", "brand": "YUONSO", "material": "PLASTIC", "meterClass": "B", "schemeName": null, "zone": "012 83", "route": "131 RANGI", "dma": "N/A", "location": "along rangi road ", "parcelNo": "732", "meterSize": "0.5", "remarks": null, "userId": null, "latitude": -0.3787177, "longitude": 37.095499 }, "geometry": { "type": "Point", "coordinates": [ 37.095499, -0.3787177 ] } },
{ "type": "Feature", "properties": { "id": "ed00def6-16aa-4b55-aaf6-464893e6d345", "accountNo": "00311", "name": "JAMES MWANGI KIBAARA -butchery", "phone": "254722909515", "meterNo": "9033030", "accountStatus": "ACTIVE", "accountType": "Domestic", "institution": null, "meterStatus": "METERED", "brand": "YUONSO", "material": "PLASTIC", "meterClass": "B", "schemeName": null, "zone": "012 83", "route": "013- BETWEEN HOSPITAL & MAIN ROAD", "dma": "N/A", "location": null, "parcelNo": null, "meterSize": "0.5", "remarks": null, "userId": null, "latitude": -0.3860925, "longitude": 37.0830128 }, "geometry": { "type": "Point", "coordinates": [ 37.0830128, -0.3860925 ] } },
{ "type": "Feature", "properties": { "id": "3f41dd97-dbeb-4fd3-a739-16a731e56b85", "accountNo": "00093", "name": "NGARI FRANCIS MIGWI", "phone": "254721674164", "meterNo": "19094600", "accountStatus": "ACTIVE", "accountType": "Domestic", "institution": "N/A", "meterStatus": "METERED", "brand": "YUONSO", "material": "PLASTIC", "meterClass": "B", "schemeName": "Rural", "zone": "012 83", "route": "076 KIAMARIGA", "dma": "N/A", "location": "along Kagati road ", "parcelNo": "0", "meterSize": "0.5", "remarks": null, "userId": null, "latitude": -0.3859656, "longitude": 37.0767567 }, "geometry": { "type": "Point", "coordinates": [ 37.0767567, -0.3859656 ] } },
{ "type": "Feature", "properties": { "id": "34c77e27-fecf-41f0-8800-2e822835c9bd", "accountNo": "00309", "name": "PATRICIA THOGORI MACHARIA", "phone": "254722376938", "meterNo": "19059347", "accountStatus": "ACTIVE", "accountType": "Domestic", "institution": null, "meterStatus": "METERED", "brand": "YUONSO", "material": "Plastic", "meterClass": "C", "schemeName": "Rural", "zone": "012 83", "route": "076 KIAMARIGA", "dma": "N/A", "location": "next to the wall ", "parcelNo": null, "meterSize": "0.5", "remarks": null, "userId": null, "latitude": -0.3850928, "longitude": 37.0828754 }, "geometry": { "type": "Point", "coordinates": [ 37.0828754, -0.3850928 ] } },
{ "type": "Feature", "properties": { "id": "f7bcc7b1-d6ac-4ef1-8807-098d663f8cfe", "accountNo": "09363", "name": "NAFTALLY  MWANGI  MUTHONI", "phone": "254729367580", "meterNo": "1500873017", "accountStatus": "ACTIVE", "accountType": "Domestic", "institution": null, "meterStatus": "METERED", "brand": "YUONSO", "material": "Plastic", "meterClass": "C", "schemeName": "Rural", "zone": "013 84", "route": "187 MUTIINI", "dma": "N/A", "location": "Near the gate", "parcelNo": null, "meterSize": "0.5", "remarks": null, "userId": null, "latitude": -0.3983821, "longitude": 37.0861953 }, "geometry": { "type": "Point", "coordinates": [ 37.0861953, -0.3983821 ] } },
{ "type": "Feature", "properties": { "id": "d6d2409c-b830-4418-8008-20e75b3d9876", "accountNo": "00532", "name": "AGNES MILKA WANJIKU HOME", "phone": "254729853916", "meterNo": "17013447", "accountStatus": "ACTIVE", "accountType": "Domestic", "institution": null, "meterStatus": "METERED", "brand": "YUONSO", "material": "Plastic", "meterClass": "B", "schemeName": "Rural", "zone": "013 84", "route": "089 NJATHEINI", "dma": "N/A", "location": "at the back of the house near the coner of the fence", "parcelNo": "2263", "meterSize": "0.5", "remarks": "active", "userId": null, "latitude": -0.395735, "longitude": 37.0827217 }, "geometry": { "type": "Point", "coordinates": [ 37.0827217, -0.395735 ] } },
{ "type": "Feature", "properties": { "id": "e32beec5-bd5d-423f-949f-18aff756ff4a", "accountNo": "07361", "name": "JOHN GATHOGO KABETHI", "phone": "254727922211", "meterNo": "19095885", "accountStatus": "ACTIVE", "accountType": "Domestic", "institution": null, "meterStatus": "METERED", "brand": "YUONSO", "material": "Plastic", "meterClass": "C", "schemeName": "Rural", "zone": "013 84", "route": "217 MIORO", "dma": "N/A", "location": "Near the gate", "parcelNo": null, "meterSize": "0.5", "remarks": null, "userId": null, "latitude": -0.3962259, "longitude": 37.1032935 }, "geometry": { "type": "Point", "coordinates": [ 37.1032935, -0.3962259 ] } },
{ "type": "Feature", "properties": { "id": "c1051357-f4f0-4a41-8db8-78d5c7a76173", "accountNo": "21979", "name": "WANJIRU WAWERU", "phone": "254700370748", "meterNo": "17011522", "accountStatus": "ACTIVE", "accountType": "Domestic", "institution": null, "meterStatus": "METERED", "brand": "YUONSO", "material": "PLASTIC", "meterClass": "B", "schemeName": null, "zone": "012 83", "route": "131 RANGI", "dma": "N/A", "location": null, "parcelNo": "0", "meterSize": "0.5", "remarks": null, "userId": null, "latitude": -0.3803774, "longitude": 37.0904746 }, "geometry": { "type": "Point", "coordinates": [ 37.0904746, -0.3803774 ] } },
{ "type": "Feature", "properties": { "id": "725c2991-1634-4413-9ba1-ed512f3bd597", "accountNo": "20833", "name": "CHRYSOSTOM NGURU NGARE", "phone": "254724837893", "meterNo": "160400238", "accountStatus": "ACTIVE", "accountType": "Domestic", "institution": null, "meterStatus": "METERED", "brand": "YUONSO", "material": "PLASTIC", "meterClass": "B", "schemeName": null, "zone": "012 83", "route": "131 RANGI", "dma": "N/A", "location": "along Rangi road ", "parcelNo": "0", "meterSize": "0.5", "remarks": null, "userId": null, "latitude": -0.3820309, "longitude": 37.0878701 }, "geometry": { "type": "Point", "coordinates": [ 37.0878701, -0.3820309 ] } },
{ "type": "Feature", "properties": { "id": "09b4bea6-79ca-480e-b1ef-2c5f759e659b", "accountNo": "09031", "name": "JOSEPH W MAGENDA", "phone": "254711294892", "meterNo": "19096956", "accountStatus": "ACTIVE", "accountType": "Domestic", "institution": null, "meterStatus": "METERED", "brand": "YUONSO", "material": "Plastic", "meterClass": "C", "schemeName": "Rural", "zone": "013 84", "route": "082 KABIRUINI", "dma": "N/A", "location": "Near the house", "parcelNo": null, "meterSize": "0.5", "remarks": null, "userId": null, "latitude": -0.3991317, "longitude": 37.0859989 }, "geometry": { "type": "Point", "coordinates": [ 37.0859989, -0.3991317 ] } },
{ "type": "Feature", "properties": { "id": "f177c743-20f9-42f2-a549-caf547e3b045", "accountNo": "27519", "name": "AIPCA NJATHEINI CHURCH", "phone": "254727386517", "meterNo": "24 014809", "accountStatus": "ACTIVE", "accountType": "Domestic", "institution": null, "meterStatus": "METERED", "brand": null, "material": null, "meterClass": null, "schemeName": "Rural", "zone": "013 84", "route": "012 83-KANGOGORO DMA", "dma": "Kangongoro", "location": "200 mtrs from junction to muthira river", "parcelNo": "RUGURU/KIAMARIGA/472", "meterSize": "0.5", "remarks": "connected", "userId": null, "latitude": -0.3916655, "longitude": 37.0988437 }, "geometry": { "type": "Point", "coordinates": [ 37.0988437, -0.3916655 ] } },
{ "type": "Feature", "properties": { "id": "051c4aa3-97ce-4904-a593-1dfe7c7f9010", "accountNo": "00183", "name": "LUCY NYAWIRA MURIGU", "phone": "254725671827", "meterNo": "160400125", "accountStatus": "SEALED", "accountType": "Domestic", "institution": "N/A", "meterStatus": "METERED", "brand": "YUONSO", "material": "PLASTIC", "meterClass": "B", "schemeName": "Rural", "zone": "012 83", "route": "183 GICHORU", "dma": "N/A", "location": "along Gichoru road ", "parcelNo": "0", "meterSize": "0.5", "remarks": null, "userId": null, "latitude": -0.3830794, "longitude": 37.1034629 }, "geometry": { "type": "Point", "coordinates": [ 37.1034629, -0.3830794 ] } },
{ "type": "Feature", "properties": { "id": "3f24d3ef-3b42-4ed8-a8f8-9994e0705cde", "accountNo": "27891", "name": "ROBERT MAINA WANJIKU", "phone": "254722373051", "meterNo": "23180063", "accountStatus": "ACTIVE", "accountType": "Domestic", "institution": null, "meterStatus": "METERED", "brand": "YUONSO", "material": "Plastic", "meterClass": "B", "schemeName": "Rural", "zone": "012 83", "route": "075 KIANJAU", "dma": "N/A", "location": "near the fence", "parcelNo": null, "meterSize": "0.5", "remarks": null, "userId": null, "latitude": -0.3799614, "longitude": 37.0978339 }, "geometry": { "type": "Point", "coordinates": [ 37.0978339, -0.3799614 ] } },
{ "type": "Feature", "properties": { "id": "b04110f1-54ac-486f-9a79-c4be9cbaab4e", "accountNo": "27995", "name": "MOSES MAINA GITHUI", "phone": "254721877220", "meterNo": "2000028317", "accountStatus": "ACTIVE", "accountType": "Domestic", "institution": null, "meterStatus": "METERED", "brand": "TWSB", "material": "Plastic", "meterClass": "B", "schemeName": "Rural", "zone": "012 83", "route": "076 KIAMARIGA", "dma": "N/A", "location": "Near Rangi tank", "parcelNo": null, "meterSize": "0.75", "remarks": "active ", "userId": null, "latitude": -0.38199, "longitude": 37.0879017 }, "geometry": { "type": "Point", "coordinates": [ 37.087887067393041, -0.381963967571315 ] } },
{ "type": "Feature", "properties": { "id": "cebcc8c0-7045-4a32-a990-05a3f80c89d0", "accountNo": "25896", "name": "NELSON MURIITHI MUTURI", "phone": "254708576964", "meterNo": null, "accountStatus": "SEALED", "accountType": "Domestic", "institution": null, "meterStatus": "METERED", "brand": "YUONSO", "material": "POLYMER", "meterClass": "A", "schemeName": null, "zone": "012 83", "route": "KIAIHURU DMA", "dma": "N/A", "location": null, "parcelNo": null, "meterSize": "0.5", "remarks": null, "userId": null, "latitude": -0.3664556, "longitude": 37.1004316 }, "geometry": { "type": "Point", "coordinates": [ 37.1004316, -0.3664556 ] } },
{ "type": "Feature", "properties": { "id": "231099db-42c0-461e-a236-a817787e9048", "accountNo": "25298", "name": "EMILY WAITHIRA MWIHAKI", "phone": "254723465256", "meterNo": "19095179", "accountStatus": "SEALED", "accountType": "Domestic", "institution": null, "meterStatus": "METERED", "brand": "YUONSO", "material": "PLASTIC", "meterClass": "B", "schemeName": null, "zone": "012 83", "route": "075 KIANJAU", "dma": "N/A", "location": null, "parcelNo": null, "meterSize": "0.5", "remarks": null, "userId": null, "latitude": -0.3859434, "longitude": 37.0964569 }, "geometry": { "type": "Point", "coordinates": [ 37.0964569, -0.3859434 ] } },
{ "type": "Feature", "properties": { "id": "cfbbf3e2-2192-4f03-a737-2521b502cedb", "accountNo": "25357", "name": "STEPHEN MURIITHI KAGWANJA", "phone": "254721241873", "meterNo": "19096232", "accountStatus": "SEALED", "accountType": "Domestic", "institution": null, "meterStatus": "METERED", "brand": "YUONSO", "material": "Plastic", "meterClass": "C", "schemeName": "Rural", "zone": "013 84", "route": "187 MUTIINI", "dma": "N/A", "location": "In the farm ", "parcelNo": null, "meterSize": "0.5", "remarks": null, "userId": null, "latitude": -0.4038709, "longitude": 37.0830449 }, "geometry": { "type": "Point", "coordinates": [ 37.0830449, -0.4038709 ] } },
{ "type": "Feature", "properties": { "id": "fc2ca11f-b27f-4d25-82ed-29abcf8d5591", "accountNo": "25385", "name": "WANDETO GATIMU", "phone": "254729927719", "meterNo": "19094754", "accountStatus": "ACTIVE", "accountType": "Domestic", "institution": null, "meterStatus": "METERED", "brand": "YUONSO", "material": "Plastic", "meterClass": "C", "schemeName": "Rural", "zone": "012 83", "route": "012 83-KIAMARIGA LOWER DMA", "dma": "Kiamariga Lower", "location": "Near the house", "parcelNo": null, "meterSize": "0.5", "remarks": null, "userId": null, "latitude": -0.3867972, "longitude": 37.0794834 }, "geometry": { "type": "Point", "coordinates": [ 37.0794834, -0.3867972 ] } },
{ "type": "Feature", "properties": { "id": "f5c0e458-6a28-460b-9b16-c397c3fbc871", "accountNo": "25584", "name": "JOSEPH MWANGI MURIUKI", "phone": "254712343471", "meterNo": "19094533", "accountStatus": "ACTIVE", "accountType": "Domestic", "institution": null, "meterStatus": "METERED", "brand": "younso", "material": "plastic", "meterClass": "b", "schemeName": "Rural", "zone": "012 83", "route": "076 KIAMARIGA", "dma": "N/A", "location": "beside the washroom", "parcelNo": null, "meterSize": "0.5", "remarks": "OK", "userId": null, "latitude": -0.3850403, "longitude": 37.0848307 }, "geometry": { "type": "Point", "coordinates": [ 37.0848307, -0.3850403 ] } },
{ "type": "Feature", "properties": { "id": "faef5a92-fd6b-4487-a56c-e68e7a51e548", "accountNo": "25628", "name": "BENSON MACHARIA NDORIA", "phone": "254793684770", "meterNo": "19096092", "accountStatus": "ACTIVE", "accountType": "Domestic", "institution": null, "meterStatus": "METERED", "brand": "YUONSO", "material": "PLASTIC", "meterClass": "B", "schemeName": null, "zone": "012 83", "route": "KIAIHURU DMA", "dma": "N/A", "location": null, "parcelNo": null, "meterSize": "0.5", "remarks": null, "userId": null, "latitude": -0.3696566, "longitude": 37.0932919 }, "geometry": { "type": "Point", "coordinates": [ 37.0932919, -0.3696566 ] } },
{ "type": "Feature", "properties": { "id": "b0d95a62-9546-46d0-b0ab-309fd744c07f", "accountNo": "25845", "name": "SIMON NDERITU KIBERENGE", "phone": "254711748544", "meterNo": "21069129", "accountStatus": "ACTIVE", "accountType": "Domestic", "institution": null, "meterStatus": "METERED", "brand": "YUONSO", "material": "Plastic", "meterClass": "C", "schemeName": "Rural", "zone": "013 84", "route": "187 MUTIINI", "dma": "N/A", "location": "Near the entrance", "parcelNo": null, "meterSize": "0.5", "remarks": null, "userId": null, "latitude": -0.3988229, "longitude": 37.0824114 }, "geometry": { "type": "Point", "coordinates": [ 37.0824114, -0.3988229 ] } },
{ "type": "Feature", "properties": { "id": "5e191664-198c-47c3-a7bc-a307f242e4c5", "accountNo": "25956", "name": "JOHN MWANGI NJEGE", "phone": "254729762839", "meterNo": "21068251", "accountStatus": "SEALED", "accountType": "Domestic", "institution": null, "meterStatus": "METERED", "brand": "YUONSO", "material": "Plastic", "meterClass": "C", "schemeName": "Rural", "zone": "013 84", "route": "217 MIORO", "dma": "N/A", "location": "Near the gate", "parcelNo": null, "meterSize": "0.5", "remarks": null, "userId": null, "latitude": -0.3959417, "longitude": 37.1073833 }, "geometry": { "type": "Point", "coordinates": [ 37.1073833, -0.3959417 ] } },
{ "type": "Feature", "properties": { "id": "f5c0e458-6a28-460b-9b16-c397c3fbc051", "accountNo": "00168", "name": "JULIUS MWANGI", "phone": "254724675040", "meterNo": "1501399817", "accountStatus": "ACTIVE", "accountType": "Domestic", "institution": null, "meterStatus": "METERED", "brand": "YUONSO", "material": "Plastic", "meterClass": "B", "schemeName": "Rural", "zone": "012 83", "route": "131 RANGI", "dma": "N/A", "location": "towards nyana", "parcelNo": "0", "meterSize": "0.5", "remarks": "sealed", "userId": null, "latitude": -0.3800141, "longitude": 37.0908882 }, "geometry": { "type": "Point", "coordinates": [ 37.0908882, -0.3800141 ] } },
{ "type": "Feature", "properties": { "id": "7ed22ab9-39f9-4329-b457-aa94a002e1df", "accountNo": "00277", "name": "CATHERINE WARUGURU NJOROGE", "phone": "254728919326", "meterNo": null, "accountStatus": "ACTIVE", "accountType": "Domestic", "institution": null, "meterStatus": "METERED", "brand": "YUONSO", "material": "POLYMER", "meterClass": "A", "schemeName": null, "zone": "012 83", "route": "KIAIHURU DMA", "dma": "N/A", "location": null, "parcelNo": "0", "meterSize": "0.5", "remarks": null, "userId": null, "latitude": -0.3664367, "longitude": 37.1000833 }, "geometry": { "type": "Point", "coordinates": [ 37.1000833, -0.3664367 ] } },
{ "type": "Feature", "properties": { "id": "1caa8d9d-18b2-4bcf-b22f-2180fa59d34d", "accountNo": "00437", "name": "CHARLES WACHIRA KAMWETI", "phone": "254717285438", "meterNo": "150900242", "accountStatus": "ACTIVE", "accountType": "Domestic", "institution": null, "meterStatus": "METERED", "brand": "YUONSO", "material": "PLASTIC", "meterClass": "B", "schemeName": null, "zone": "012 83", "route": "013- BELOW HEALTH CENTRE", "dma": "N/A", "location": null, "parcelNo": "1127", "meterSize": "0.5", "remarks": null, "userId": null, "latitude": -0.3850287, "longitude": 37.0796639 }, "geometry": { "type": "Point", "coordinates": [ 37.0796639, -0.3850287 ] } },
{ "type": "Feature", "properties": { "id": "f5c0e458-6a28-460b-9b16-c397c7fbc737", "accountNo": "07318", "name": "STEPHEN WERU SAMSON", "phone": "254726946408", "meterNo": "181500839", "accountStatus": "ACTIVE", "accountType": "Domestic", "institution": null, "meterStatus": "METERED", "brand": null, "material": null, "meterClass": null, "schemeName": "Rural", "zone": "013 84", "route": "089 NJATHEINI", "dma": "N/A", "location": null, "parcelNo": "0", "meterSize": "0.5", "remarks": null, "userId": null, "latitude": -0.3895312, "longitude": 37.1077606 }, "geometry": { "type": "Point", "coordinates": [ 37.1077606, -0.3895312 ] } },
{ "type": "Feature", "properties": { "id": "bdbecb18-f49e-40ce-8e98-9ebf36637a51", "accountNo": "27030", "name": "GEORGE KINYUA KAGWANJA", "phone": "254722149862", "meterNo": "23039408", "accountStatus": "SEALED", "accountType": "Domestic", "institution": null, "meterStatus": "METERED", "brand": "YUONSO", "material": "Plastic", "meterClass": "C", "schemeName": "Rural", "zone": "013 84", "route": "187 MUTIINI", "dma": "N/A", "location": "Near the tank", "parcelNo": null, "meterSize": "0.5", "remarks": null, "userId": null, "latitude": -0.4081319, "longitude": 37.0827862 }, "geometry": { "type": "Point", "coordinates": [ 37.0827862, -0.4081319 ] } },
{ "type": "Feature", "properties": { "id": "f5c0e458-6a28-460b-9b16-c397c9fbc361", "accountNo": "26904", "name": "ELOSE MURINGO MAINA", "phone": "254724443122", "meterNo": "23040896", "accountStatus": "ACTIVE", "accountType": "Domestic", "institution": null, "meterStatus": "METERED", "brand": "YUONSO", "material": "PLASTIC", "meterClass": "B", "schemeName": null, "zone": "012 83", "route": "076 KIAMARIGA", "dma": "N/A", "location": "rangi near dujos acandemy", "parcelNo": null, "meterSize": "0.5", "remarks": "installed", "userId": null, "latitude": -0.3849206, "longitude": 37.0875609 }, "geometry": { "type": "Point", "coordinates": [ 37.0875609, -0.3849206 ] } },
{ "type": "Feature", "properties": { "id": "2125f96f-3aa3-486b-90dd-00816bcbb849", "accountNo": "26938", "name": "EPHRAIM GICHUKI MUCHEMI", "phone": "254725907568", "meterNo": "23041347", "accountStatus": "ACTIVE", "accountType": "Domestic", "institution": null, "meterStatus": "METERED", "brand": "YUONSO", "material": "Plastic", "meterClass": "C", "schemeName": "Rural", "zone": "013 84", "route": "187 MUTIINI", "dma": "N/A", "location": "In the farm ", "parcelNo": null, "meterSize": "0.5", "remarks": null, "userId": null, "latitude": -0.4015303, "longitude": 37.0868143 }, "geometry": { "type": "Point", "coordinates": [ 37.0868143, -0.4015303 ] } },
{ "type": "Feature", "properties": { "id": "f5c0e458-6a28-460b-9b16-c397c8fbb536", "accountNo": "00524", "name": "P.C.E.A KABIRUINI CHURCH-(Kiamariga project)", "phone": "254722942168", "meterNo": "11024444", "accountStatus": "ACTIVE", "accountType": "Domestic", "institution": null, "meterStatus": "METERED", "brand": "younso", "material": "plastic b", "meterClass": null, "schemeName": "Rural", "zone": "012 83", "route": "013- KIAMARIGA TOWN (Upper Side)", "dma": "N/A", "location": "inside the plot", "parcelNo": null, "meterSize": "0.5", "remarks": "OK", "userId": null, "latitude": -0.3843383, "longitude": 37.0842062 }, "geometry": { "type": "Point", "coordinates": [ 37.0842062, -0.3843383 ] } },
{ "type": "Feature", "properties": { "id": "e8903bd0-02bb-48fa-85f1-fcf0eea908f7", "accountNo": "08373", "name": "JOSEPH KIMUNYA SOLOMON", "phone": "254726841025", "meterNo": "19058066", "accountStatus": "ACTIVE", "accountType": "Domestic", "institution": null, "meterStatus": "METERED", "brand": "YUONSO", "material": "PLASTIC", "meterClass": "B", "schemeName": null, "zone": "012 83", "route": "131 RANGI", "dma": "N/A", "location": "along rangi road, blue mabati gate ", "parcelNo": "0", "meterSize": "0.5", "remarks": null, "userId": null, "latitude": -0.380995, "longitude": 37.0983533 }, "geometry": { "type": "Point", "coordinates": [ 37.0983533, -0.380995 ] } },
{ "type": "Feature", "properties": { "id": "20d150aa-bc5f-40f6-9aa5-3cbf84cfeeb1", "accountNo": "24984", "name": "TITUS MWANGI WARUTERE", "phone": "254721229666", "meterNo": "19094338", "accountStatus": "ACTIVE", "accountType": "Domestic", "institution": null, "meterStatus": "METERED", "brand": "YUONSO", "material": "POLYMER", "meterClass": "A", "schemeName": null, "zone": "012 83", "route": "KIAIHURU DMA", "dma": "N/A", "location": null, "parcelNo": null, "meterSize": "0.5", "remarks": null, "userId": null, "latitude": -0.3722795, "longitude": 37.086474 }, "geometry": { "type": "Point", "coordinates": [ 37.086474, -0.3722795 ] } },
{ "type": "Feature", "properties": { "id": "ccd71e29-6277-4bcc-afc8-baa71d227ac6", "accountNo": "25266", "name": "JAMES MWANGI NGETHA", "phone": "254728285599", "meterNo": "19094046", "accountStatus": "SEALED", "accountType": "Domestic", "institution": "N/A", "meterStatus": "METERED", "brand": "YUONSO", "material": "PLASTIC", "meterClass": "B", "schemeName": "Rural", "zone": "013 84", "route": "012 83-KANGOGORO DMA", "dma": "Kangongoro", "location": "along githiringo road ", "parcelNo": null, "meterSize": "0.5", "remarks": null, "userId": null, "latitude": -0.3759443, "longitude": 37.1083956 }, "geometry": { "type": "Point", "coordinates": [ 37.1083956, -0.3759443 ] } },
{ "type": "Feature", "properties": { "id": "6c08444b-f6e9-46d4-85aa-a7ffa008d929", "accountNo": "27999", "name": "JANE WAMBUI IRUNGU", "phone": "254796576397", "meterNo": "2000283317", "accountStatus": "ACTIVE", "accountType": "Domestic", "institution": null, "meterStatus": "METERED", "brand": "TWSB", "material": "Plastic", "meterClass": "B", "schemeName": "Rural", "zone": "013 84", "route": "082 KABIRUINI", "dma": "N/A", "location": "kingukiro ", "parcelNo": null, "meterSize": "0.75", "remarks": "active and new", "userId": null, "latitude": -0.3946952, "longitude": 37.0950769 }, "geometry": { "type": "Point", "coordinates": [ 37.0950769, -0.3946952 ] } },
{ "type": "Feature", "properties": { "id": "f5c0e458-6a28-460b-9b16-c397c4fbc767", "accountNo": "23379", "name": "CHARLES KIRUTHI MWANGI", "phone": "254723348263", "meterNo": "19012112", "accountStatus": "SEALED", "accountType": "Domestic", "institution": null, "meterStatus": "METERED", "brand": "Younio", "material": "Polymer", "meterClass": "C", "schemeName": "Rural", "zone": "013 84", "route": "07- MARIA SECOND LANE", "dma": "N/A", "location": "Inside", "parcelNo": "RUTURU 2822", "meterSize": "0.5", "remarks": null, "userId": null, "latitude": -0.399772, "longitude": 37.077918 }, "geometry": { "type": "Point", "coordinates": [ 37.077918, -0.399772 ] } },
{ "type": "Feature", "properties": { "id": "03c120a5-5e81-49ce-bd7a-cfb7e2132e20", "accountNo": "24875", "name": "WILSON MAINA NGOTHE", "phone": "254722452664", "meterNo": "19095066", "accountStatus": "ACTIVE", "accountType": "Domestic", "institution": null, "meterStatus": "METERED", "brand": "YUONSO", "material": "Plastic", "meterClass": "B", "schemeName": "Rural", "zone": "013 84", "route": "186 MARIA", "dma": "N/A", "location": "along the fence", "parcelNo": null, "meterSize": "0.5", "remarks": "active", "userId": null, "latitude": -0.3927333, "longitude": 37.0850633 }, "geometry": { "type": "Point", "coordinates": [ 37.0850633, -0.3927333 ] } },
{ "type": "Feature", "properties": { "id": "48784c48-5761-4106-b7f0-a067ce87b5b1", "accountNo": "07325", "name": "JOHN NDERITU MUOTIA", "phone": "null", "meterNo": "1707325", "accountStatus": "SEALED", "accountType": "Domestic", "institution": null, "meterStatus": "METERED", "brand": "YUONSO", "material": "Plastic", "meterClass": "C", "schemeName": "Rural", "zone": "013 84", "route": "187 MUTIINI", "dma": "N/A", "location": "Near the gate ", "parcelNo": null, "meterSize": "0.5", "remarks": null, "userId": null, "latitude": -0.4072964, "longitude": 37.0823724 }, "geometry": { "type": "Point", "coordinates": [ 37.0823724, -0.4072964 ] } },
{ "type": "Feature", "properties": { "id": "a279278a-df83-4f49-9f49-7bdfa7daa33b", "accountNo": "21330", "name": "JAMES KIHARA WERU", "phone": "254700264542", "meterNo": "19094856", "accountStatus": "SEALED", "accountType": "Domestic", "institution": null, "meterStatus": "METERED", "brand": "YUONSO", "material": "Plastic", "meterClass": "C", "schemeName": "Rural", "zone": "013 84", "route": "217 MIORO", "dma": "N/A", "location": "Near the gate", "parcelNo": null, "meterSize": "0.5", "remarks": null, "userId": null, "latitude": -0.39241, "longitude": 37.1123967 }, "geometry": { "type": "Point", "coordinates": [ 37.1123967, -0.39241 ] } },
{ "type": "Feature", "properties": { "id": "7bdfcf4c-d09d-4376-9c05-3e5be43a82b2", "accountNo": "26267", "name": "JOYCE GATHONI  GICHURU", "phone": "254715838958", "meterNo": "21111877", "accountStatus": "ACTIVE", "accountType": "Domestic", "institution": null, "meterStatus": "METERED", "brand": "YUONSO", "material": "PLASTIC", "meterClass": "B", "schemeName": null, "zone": "012 83", "route": "076 KIAMARIGA", "dma": "Kiamariga Lower", "location": null, "parcelNo": null, "meterSize": "0.5", "remarks": null, "userId": null, "latitude": -0.3867017, "longitude": 37.078055 }, "geometry": { "type": "Point", "coordinates": [ 37.078055, -0.3867017 ] } },
{ "type": "Feature", "properties": { "id": "452c989c-dce3-400b-9c48-067fa47b5441", "accountNo": "00324", "name": "JOHN WERU NJOGU", "phone": "254713811173", "meterNo": "10-009012", "accountStatus": "CUT-OFF", "accountType": "Domestic", "institution": null, "meterStatus": "METERED", "brand": "YUONSO", "material": "PLASTIC", "meterClass": "B", "schemeName": null, "zone": "012 83", "route": "075 KIANJAU", "dma": "N/A", "location": null, "parcelNo": null, "meterSize": "0.5", "remarks": null, "userId": null, "latitude": -0.3849917, "longitude": 37.0921017 }, "geometry": { "type": "Point", "coordinates": [ 37.0921017, -0.3849917 ] } },
{ "type": "Feature", "properties": { "id": "e90cfe52-2e6b-467d-841b-fe76f8278818", "accountNo": "07904", "name": "THEURI MURAGE", "phone": "254704604230", "meterNo": "200097517", "accountStatus": "CLOSED", "accountType": "Domestic", "institution": "N/A", "meterStatus": "METERED", "brand": "YUONSO", "material": "PLASTIC", "meterClass": "B", "schemeName": "Rural", "zone": "012 83", "route": "HIRIGA (83)", "dma": "N/A", "location": "Along Hiriga road", "parcelNo": null, "meterSize": "0.5", "remarks": null, "userId": null, "latitude": -0.4020149, "longitude": 37.0656953 }, "geometry": { "type": "Point", "coordinates": [ 37.0656953, -0.4020149 ] } },
{ "type": "Feature", "properties": { "id": "ef72c445-b4f6-4587-83a6-8351d0d60511", "accountNo": "23541", "name": "ANTONY GIKANDI NGUNYENYE", "phone": "254723484670", "meterNo": "19060234", "accountStatus": "ACTIVE", "accountType": "Domestic", "institution": null, "meterStatus": "METERED", "brand": "YUONSO", "material": "Plastic", "meterClass": "B", "schemeName": "Rural", "zone": "012 83", "route": "HIRIGA (83)", "dma": "Saigon", "location": "near the fence ", "parcelNo": null, "meterSize": "0.5", "remarks": null, "userId": null, "latitude": -0.4032303, "longitude": 37.0686339 }, "geometry": { "type": "Point", "coordinates": [ 37.0686339, -0.4032303 ] } },
{ "type": "Feature", "properties": { "id": "0397c30f-ff19-471c-93ad-9066e8eda6ca", "accountNo": "00485", "name": "SAMUEL KANJA  KAMAU", "phone": "254723456781", "meterNo": "19059266", "accountStatus": "ACTIVE", "accountType": "Domestic", "institution": null, "meterStatus": "METERED", "brand": "YUONSO", "material": "Plastic", "meterClass": "C", "schemeName": "Rural", "zone": "013 84", "route": "KANGOGORO DMA", "dma": "Kangongoro", "location": "near the gate", "parcelNo": null, "meterSize": "0.5", "remarks": "mapped", "userId": null, "latitude": -0.3899717, "longitude": 37.103665 }, "geometry": { "type": "Point", "coordinates": [ 37.103665, -0.3899717 ] } },
{ "type": "Feature", "properties": { "id": "526cbeb8-b5f0-44e5-ac09-5ef69b5f2989", "accountNo": "25328", "name": "JOSEPH MWAI NJERU", "phone": "254726591478", "meterNo": "19094052", "accountStatus": "SEALED", "accountType": "Domestic", "institution": null, "meterStatus": "METERED", "brand": "YUONSO", "material": "POLYMER", "meterClass": "A", "schemeName": null, "zone": "012 83", "route": "KIAIHURU DMA", "dma": "N/A", "location": null, "parcelNo": null, "meterSize": "0.5", "remarks": null, "userId": null, "latitude": -0.373538, "longitude": 37.0836763 }, "geometry": { "type": "Point", "coordinates": [ 37.0836763, -0.373538 ] } },
{ "type": "Feature", "properties": { "id": "21eafc7a-3fb2-4e8a-80d6-35f83d5a5b6b", "accountNo": "00058", "name": "DAVIDSON  W. WANJAU", "phone": "254722926415", "meterNo": null, "accountStatus": "ACTIVE", "accountType": "Domestic", "institution": null, "meterStatus": "METERED", "brand": "YUONSO", "material": "POLYMER", "meterClass": "A", "schemeName": null, "zone": "012 83", "route": "KIAIHURU DMA", "dma": "N/A", "location": null, "parcelNo": "0", "meterSize": "0.5", "remarks": null, "userId": null, "latitude": -0.3682333, "longitude": 37.1022263 }, "geometry": { "type": "Point", "coordinates": [ 37.1022263, -0.3682333 ] } },
{ "type": "Feature", "properties": { "id": "f5c0e458-6a28-460b-9b16-c397c5fbc994", "accountNo": "00063", "name": "PAUL NGUNGU NGATIA", "phone": "254703424023", "meterNo": "21064765", "accountStatus": "SEALED", "accountType": "Domestic", "institution": null, "meterStatus": "METERED", "brand": "Yuonso", "material": null, "meterClass": null, "schemeName": "Rural", "zone": "012 83", "route": "KIAIHURU DMA", "dma": "N/A", "location": null, "parcelNo": null, "meterSize": "0.5", "remarks": null, "userId": null, "latitude": -0.372516, "longitude": 37.086887 }, "geometry": { "type": "Point", "coordinates": [ 37.086887, -0.372516 ] } },
{ "type": "Feature", "properties": { "id": "f5c0e458-6a28-460b-9b16-c397c8fbb006", "accountNo": "00055", "name": "DANIEL KABUI MUNYIRI", "phone": "254723806506", "meterNo": "21113373", "accountStatus": "SEALED", "accountType": "Domestic", "institution": null, "meterStatus": "METERED", "brand": "Yuonso", "material": null, "meterClass": null, "schemeName": "Rural", "zone": "012 83", "route": "KIAIHURU DMA", "dma": "N/A", "location": null, "parcelNo": null, "meterSize": "0.5", "remarks": null, "userId": null, "latitude": -0.3670595, "longitude": 37.101868 }, "geometry": { "type": "Point", "coordinates": [ 37.101868, -0.3670595 ] } },
{ "type": "Feature", "properties": { "id": "d7775a71-0a2c-4afe-bc3b-37a0ce9327ac", "accountNo": "00065", "name": "JOHNSON GITHENYA", "phone": "254716679178", "meterNo": "17012468", "accountStatus": "SEALED", "accountType": "Domestic", "institution": "N/A", "meterStatus": "METERED", "brand": "YUONSO", "material": "PLASTIC", "meterClass": "B", "schemeName": "Rural", "zone": "012 83", "route": "KIAIHURU DMA", "dma": "N/A", "location": "along Lela road ", "parcelNo": null, "meterSize": "0.5", "remarks": null, "userId": null, "latitude": -0.3758044, "longitude": 37.0860877 }, "geometry": { "type": "Point", "coordinates": [ 37.0860877, -0.3758044 ] } },
{ "type": "Feature", "properties": { "id": "f5c0e458-6a28-460b-9b16-c3f7c8fba875", "accountNo": "00080", "name": "JOHN  MUGONDO", "phone": "254710761077", "meterNo": "21068001", "accountStatus": "CLOSED", "accountType": "Domestic", "institution": null, "meterStatus": "METERED", "brand": "Yuonso", "material": null, "meterClass": null, "schemeName": "Rural", "zone": "012 83", "route": "KIAIHURU DMA", "dma": "N/A", "location": null, "parcelNo": null, "meterSize": "0.5", "remarks": null, "userId": null, "latitude": -0.368486, "longitude": 37.096687 }, "geometry": { "type": "Point", "coordinates": [ 37.096687, -0.368486 ] } },
{ "type": "Feature", "properties": { "id": "f5c0e458-6a28-460b-9b16-c397c2fbc928", "accountNo": "00071", "name": "CHARLES K MARIGA", "phone": "254722876054", "meterNo": "21064768", "accountStatus": "DORMANT", "accountType": "Domestic", "institution": null, "meterStatus": "METERED", "brand": "Yuonso", "material": null, "meterClass": null, "schemeName": "Rural", "zone": "012 83", "route": "KIAIHURU DMA", "dma": "N/A", "location": null, "parcelNo": "0", "meterSize": "0.5", "remarks": null, "userId": null, "latitude": -0.37388882, "longitude": 37.088024 }, "geometry": { "type": "Point", "coordinates": [ 37.088024, -0.37388882 ] } },
{ "type": "Feature", "properties": { "id": "01c8abde-8fe5-4f9d-9ed7-d12582af0933", "accountNo": "08634", "name": "WARUKU KANGANGA", "phone": "254710966870", "meterNo": "15035147", "accountStatus": "SEALED", "accountType": "Domestic", "institution": "N/A", "meterStatus": "METERED", "brand": "YUONSO", "material": "PLASTIC", "meterClass": "B", "schemeName": "Rural", "zone": "012 83", "route": "KIAIHURU DMA", "dma": "N/A", "location": "along Lela road ", "parcelNo": "0", "meterSize": "0.5", "remarks": null, "userId": null, "latitude": -0.376871, "longitude": 37.0832672 }, "geometry": { "type": "Point", "coordinates": [ 37.0832672, -0.376871 ] } },
{ "type": "Feature", "properties": { "id": "ff376a22-d4c3-4dd5-a8b8-34e999efc7d4", "accountNo": "00404", "name": "MARY WANJIKU GITHINJI", "phone": "254711651846", "meterNo": null, "accountStatus": "CUT-OFF", "accountType": "Domestic", "institution": "N/A", "meterStatus": "METERED", "brand": "YUONSO", "material": "PLASTIC", "meterClass": "B", "schemeName": "Rural", "zone": "012 83", "route": "KIAIHURU DMA", "dma": "N/A", "location": "along Lela road ", "parcelNo": "139", "meterSize": "0.5", "remarks": null, "userId": null, "latitude": -0.3740646, "longitude": 37.0873899 }, "geometry": { "type": "Point", "coordinates": [ 37.0873899, -0.3740646 ] } },
{ "type": "Feature", "properties": { "id": "f5c0e458-6a28-460b-9b16-c397c8fbc577", "accountNo": "00053", "name": "VIRGINIA HIUKO RUHIU", "phone": "254722524186", "meterNo": "21064763", "accountStatus": "ACTIVE", "accountType": "Domestic", "institution": null, "meterStatus": "METERED", "brand": "Yuonso", "material": null, "meterClass": null, "schemeName": "Rural", "zone": "012 83", "route": "KIAIHURU DMA", "dma": "N/A", "location": null, "parcelNo": "0", "meterSize": "0.5", "remarks": null, "userId": null, "latitude": -0.37055817, "longitude": 37.09011 }, "geometry": { "type": "Point", "coordinates": [ 37.09011, -0.37055817 ] } },
{ "type": "Feature", "properties": { "id": "f5c0e458-6a28-460b-9b16-c397c3fbc225", "accountNo": "00056", "name": "E. KANYI GATHERU", "phone": "254722527445", "meterNo": "21068007", "accountStatus": "ACTIVE", "accountType": "Domestic", "institution": null, "meterStatus": "METERED", "brand": "Yuonso", "material": null, "meterClass": null, "schemeName": "Rural", "zone": "012 83", "route": "KIAIHURU DMA", "dma": "N/A", "location": null, "parcelNo": null, "meterSize": "0.5", "remarks": null, "userId": null, "latitude": -0.36608034, "longitude": 37.100616 }, "geometry": { "type": "Point", "coordinates": [ 37.100616, -0.36608034 ] } },
{ "type": "Feature", "properties": { "id": "f5c0e458-6a28-460b-9b16-c397c4fbc692", "accountNo": "00201", "name": "DAVID WAITHERU KIBURU", "phone": "254723470549", "meterNo": "21065757", "accountStatus": "ACTIVE", "accountType": "Domestic", "institution": null, "meterStatus": "METERED", "brand": "Yuonso", "material": null, "meterClass": null, "schemeName": "Rural", "zone": "012 83", "route": "KIAIHURU DMA", "dma": "N/A", "location": null, "parcelNo": "0", "meterSize": "0.5", "remarks": null, "userId": null, "latitude": -0.37222317, "longitude": 37.103405 }, "geometry": { "type": "Point", "coordinates": [ 37.103405, -0.37222317 ] } },
{ "type": "Feature", "properties": { "id": "ffc70fca-7d85-454f-8128-190699f59c9b", "accountNo": "00189", "name": "JACKSON WARUTERE MURIITHI", "phone": "254724126510", "meterNo": "21109959", "accountStatus": "ACTIVE", "accountType": "Domestic", "institution": "N/A", "meterStatus": "METERED", "brand": "YUONSO", "material": "PLASTIC", "meterClass": "B", "schemeName": "Rural", "zone": "012 83", "route": "KIAIHURU DMA", "dma": "N/A", "location": "Along nyana road ", "parcelNo": "0", "meterSize": "0.5", "remarks": null, "userId": null, "latitude": -0.3725278, "longitude": 37.1040835 }, "geometry": { "type": "Point", "coordinates": [ 37.1040835, -0.3725278 ] } },
{ "type": "Feature", "properties": { "id": "f6ce0e09-4c04-4ae7-99d1-9d97969f7c07", "accountNo": "00176", "name": "JULIET WANJIKU MUNYIRI", "phone": "254722252756", "meterNo": "23178737", "accountStatus": "ACTIVE", "accountType": "Domestic", "institution": null, "meterStatus": "METERED", "brand": "YUONSO", "material": "Plastic", "meterClass": "C", "schemeName": "Rural", "zone": "012 83", "route": "KIAIHURU DMA", "dma": "N/A", "location": "near the house ", "parcelNo": null, "meterSize": "0.5", "remarks": "mapped", "userId": null, "latitude": -0.3717436, "longitude": 37.1034354 }, "geometry": { "type": "Point", "coordinates": [ 37.1034354, -0.3717436 ] } },
{ "type": "Feature", "properties": { "id": "60d26eb2-2f95-40e6-a0f6-736c04655bbe", "accountNo": "22644", "name": "JOSHUA MACHARIA NJOKI", "phone": "254768209928", "meterNo": null, "accountStatus": "ACTIVE", "accountType": "Domestic", "institution": null, "meterStatus": "METERED", "brand": "YUONSO", "material": "POLYMER", "meterClass": "A", "schemeName": null, "zone": "012 83", "route": "KIAIHURU DMA", "dma": "N/A", "location": null, "parcelNo": "0", "meterSize": "0.5", "remarks": null, "userId": null, "latitude": -0.3704728, "longitude": 37.1027145 }, "geometry": { "type": "Point", "coordinates": [ 37.1027145, -0.3704728 ] } },
{ "type": "Feature", "properties": { "id": "f5c0e458-6a28-460b-9b16-c397c2fbc051", "accountNo": "00203", "name": "WERU NYAMU", "phone": "254720212857", "meterNo": "21068260", "accountStatus": "ACTIVE", "accountType": "Domestic", "institution": null, "meterStatus": "METERED", "brand": "Yuonso", "material": null, "meterClass": null, "schemeName": "Rural", "zone": "012 83", "route": "KIAIHURU DMA", "dma": "N/A", "location": null, "parcelNo": "0", "meterSize": "0.5", "remarks": null, "userId": null, "latitude": -0.37068066, "longitude": 37.09021 }, "geometry": { "type": "Point", "coordinates": [ 37.09021, -0.37068066 ] } },
{ "type": "Feature", "properties": { "id": "f5c0e458-6a28-460b-9b16-c397c7fbc665", "accountNo": "23149", "name": "LEONARD MAINA MAINA", "phone": "254728493406", "meterNo": "18054661", "accountStatus": "SEALED", "accountType": "Domestic", "institution": null, "meterStatus": "METERED", "brand": "Younio", "material": "Polymer", "meterClass": "C", "schemeName": "Rural", "zone": "013 84", "route": "012 83-KANGOGORO DMA", "dma": "Kangongoro", "location": "Inside", "parcelNo": "0", "meterSize": "0.5", "remarks": null, "userId": null, "latitude": -0.3896348, "longitude": 37.10427 }, "geometry": { "type": "Point", "coordinates": [ 37.10427, -0.3896348 ] } },
{ "type": "Feature", "properties": { "id": "cd823940-be03-453f-a820-afa6e842dd46", "accountNo": "08600", "name": "JOSEPH MURAGURI NGATIA", "phone": "254722889306", "meterNo": "19095935", "accountStatus": "SEALED", "accountType": "Domestic", "institution": "N/A", "meterStatus": "METERED", "brand": "YUONSO", "material": "PLASTIC", "meterClass": "B", "schemeName": "Rural", "zone": "012 83", "route": "076 KIAMARIGA", "dma": "N/A", "location": "along Kagati road ", "parcelNo": null, "meterSize": "0.5", "remarks": null, "userId": null, "latitude": -0.3857371, "longitude": 37.0769114 }, "geometry": { "type": "Point", "coordinates": [ 37.0769114, -0.3857371 ] } },
{ "type": "Feature", "properties": { "id": "49e8dac1-554c-4ba8-95ec-606af415c7bb", "accountNo": "20390", "name": "JOHNSON MAINA WANJOHI", "phone": "254723271811", "meterNo": "150900187", "accountStatus": "SEALED", "accountType": "Domestic", "institution": null, "meterStatus": "METERED", "brand": "YUONSO", "material": "PLASTIC", "meterClass": "B", "schemeName": null, "zone": "012 83", "route": "078 GITHAMBIRO", "dma": "Factory Line", "location": null, "parcelNo": "0", "meterSize": "0.5", "remarks": null, "userId": null, "latitude": -0.3780743, "longitude": 37.09083 }, "geometry": { "type": "Point", "coordinates": [ 37.09083, -0.3780743 ] } },
{ "type": "Feature", "properties": { "id": "c8ecef4a-d6e3-46c6-b412-809abd345142", "accountNo": "22271", "name": "CHARLES MAINA GICHINI", "phone": "254711338328", "meterNo": "1500741917", "accountStatus": "ACTIVE", "accountType": "Domestic", "institution": "N/A", "meterStatus": "METERED", "brand": "YUONSO", "material": "PLASTIC", "meterClass": "B", "schemeName": "Rural", "zone": "012 83", "route": "074 NYANA", "dma": "N/A", "location": "along nyana road ", "parcelNo": "0", "meterSize": "0.5", "remarks": null, "userId": null, "latitude": -0.3732703, "longitude": 37.0997722 }, "geometry": { "type": "Point", "coordinates": [ 37.0997722, -0.3732703 ] } },
{ "type": "Feature", "properties": { "id": "f5c0e458-6a28-460b-9b16-c397c4fbc352", "accountNo": "22292", "name": "LAWRENCE NDEREBA KAMANI", "phone": "254725740154", "meterNo": "1500097717", "accountStatus": "SEALED", "accountType": "Institutional", "institution": null, "meterStatus": "METERED", "brand": "Aimei", "material": "Polymer", "meterClass": "C", "schemeName": "Rural", "zone": "013 84", "route": "079 KIRIKO", "dma": "N/A", "location": "Inside", "parcelNo": null, "meterSize": "0.5", "remarks": null, "userId": null, "latitude": -0.3991323, "longitude": 37.1011734 }, "geometry": { "type": "Point", "coordinates": [ 37.1011734, -0.3991323 ] } },
{ "type": "Feature", "properties": { "id": "525aa3e1-12ba-4dff-a9ac-e7099e592b6a", "accountNo": "07044", "name": "JOHN NJAGA MUGO", "phone": null, "meterNo": "110014170", "accountStatus": "DORMANT", "accountType": "Domestic", "institution": null, "meterStatus": "METERED", "brand": "YUONSO", "material": "PLASTIC", "meterClass": "B", "schemeName": null, "zone": "005 KARINDUNDU", "route": "196 KAGUONGO LANE", "dma": "Karindundu", "location": null, "parcelNo": null, "meterSize": "0.5", "remarks": null, "userId": null, "latitude": -0.383975, "longitude": 37.09464 }, "geometry": { "type": "Point", "coordinates": [ 37.09464, -0.383975 ] } },
{ "type": "Feature", "properties": { "id": "f5c0e458-6a28-460b-9b16-c3f7c8fba884", "accountNo": "22452", "name": "CHRISTOPHER RIRI NYAMU", "phone": "254722661840", "meterNo": "17133259", "accountStatus": "SEALED", "accountType": "Domestic", "institution": null, "meterStatus": "METERED", "brand": "Younio", "material": "Polymer", "meterClass": "C", "schemeName": "Rural", "zone": "013 84", "route": "079 KIRIKO", "dma": "N/A", "location": "Inside", "parcelNo": "0", "meterSize": "0.5", "remarks": null, "userId": null, "latitude": -0.3990421, "longitude": 37.1061922 }, "geometry": { "type": "Point", "coordinates": [ 37.1061922, -0.3990421 ] } },
{ "type": "Feature", "properties": { "id": "f5c0e458-6a28-460b-9b16-c397c7fbc127", "accountNo": "00325", "name": "COUNTY COUNCIL OF NYERI-Kiamariga market", "phone": "254786861761", "meterNo": "8116359", "accountStatus": "SEALED", "accountType": "Domestic", "institution": null, "meterStatus": "METERED", "brand": "YUONSO", "material": "Brass", "meterClass": "B", "schemeName": "Rural", "zone": "012 83", "route": "012 83-KIAMARIGA LOWER DMA", "dma": "N/A", "location": "front gate inside market near butchery", "parcelNo": null, "meterSize": "0.5", "remarks": "tana meter", "userId": null, "latitude": -0.3859501, "longitude": 37.0830314 }, "geometry": { "type": "Point", "coordinates": [ 37.0830314, -0.3859501 ] } },
{ "type": "Feature", "properties": { "id": "1e205f4f-8240-460e-bfdb-b703a20f9201", "accountNo": "27221", "name": "JOHN MWANGI KANG'AU", "phone": "254723403374", "meterNo": "23041270", "accountStatus": "CLOSED", "accountType": "Domestic", "institution": null, "meterStatus": "METERED", "brand": "YUONSO", "material": "PLASTIC", "meterClass": "B", "schemeName": null, "zone": "013 84", "route": "089 NJATHEINI", "dma": "N/A", "location": "150m from Njatheini tank going back to the center on your right.", "parcelNo": "3085", "meterSize": "0.5", "remarks": "Installed ", "userId": null, "latitude": -0.3872554, "longitude": 37.108982 }, "geometry": { "type": "Point", "coordinates": [ 37.108982, -0.3872554 ] } },
{ "type": "Feature", "properties": { "id": "bd88e4be-da81-42e6-8c1a-b402e8e71b01", "accountNo": "08285", "name": "JOSPHAT  KAMUNYA", "phone": "254711311412", "meterNo": "17177689", "accountStatus": "ACTIVE", "accountType": "Domestic", "institution": null, "meterStatus": "METERED", "brand": "YUONSO", "material": "Plastic", "meterClass": "C", "schemeName": "Rural", "zone": "012 83", "route": "076 KIAMARIGA", "dma": "N/A", "location": "Near the gate ", "parcelNo": null, "meterSize": "0.5", "remarks": null, "userId": null, "latitude": -0.3861852, "longitude": 37.083717 }, "geometry": { "type": "Point", "coordinates": [ 37.083717, -0.3861852 ] } },
{ "type": "Feature", "properties": { "id": "e5ef7d03-ec57-4a60-8dcf-8fe17a312f25", "accountNo": "28235", "name": "WILSON MWANGI MAINA", "phone": "254113925447", "meterNo": "25042547", "accountStatus": "ACTIVE", "accountType": "Domestic", "institution": "Small", "meterStatus": "Metered", "brand": "YUONSO", "material": "Plastic", "meterClass": "B", "schemeName": "Rural", "zone": "012 83", "route": "076 KIAMARIGA", "dma": "Kiamariga Lower", "location": "kamaeigai", "parcelNo": "new", "meterSize": "0.5", "remarks": "new", "userId": "168cf595-aa2d-4640-b148-af8b90c6857c", "latitude": -0.3856969, "longitude": 37.0829143 }, "geometry": { "type": "Point", "coordinates": [ 37.0829143, -0.3856969 ] } },
{ "type": "Feature", "properties": { "id": "e152f3f7-976f-45ae-ba3f-d14e5804fe1b", "accountNo": "28214", "name": "GEOFFREY MUTHIGANI GICHURU", "phone": "254723221837", "meterNo": "250041566", "accountStatus": "ACTIVE", "accountType": "Domestic", "institution": "", "meterStatus": "Metered", "brand": "YUONSO", "material": "Plastic", "meterClass": "C", "schemeName": "Rural", "zone": "012 83", "route": "131 RANGI", "dma": "N/A", "location": "near nyana", "parcelNo": "1392", "meterSize": "0.5", "remarks": "Installed ", "userId": "31b2fb3c-f8a3-475a-8c2f-518f33fe8576", "latitude": -0.3757333, "longitude": 37.0945683 }, "geometry": { "type": "Point", "coordinates": [ 37.0945683, -0.3757333 ] } },
{ "type": "Feature", "properties": { "id": "37bf78de-9c96-438c-8559-767a8b4037e6", "accountNo": "28248", "name": "STEPHEN NGETHA CIURI", "phone": "254720566438", "meterNo": "25050868", "accountStatus": "ACTIVE", "accountType": "Domestic", "institution": "Small", "meterStatus": "Metered", "brand": "YUONSO", "material": "Plastic", "meterClass": "B", "schemeName": "Rural", "zone": "012 83", "route": "078 GITHAMBIRO", "dma": "N/A", "location": "Githambiro", "parcelNo": "new", "meterSize": "0.5", "remarks": "new", "userId": "168cf595-aa2d-4640-b148-af8b90c6857c", "latitude": -0.3770953, "longitude": 37.0914598 }, "geometry": { "type": "Point", "coordinates": [ 37.0914598, -0.3770953 ] } },
{ "type": "Feature", "properties": { "id": "03b33a83-3365-4053-a0e7-5ae0e22ed7c2", "accountNo": "28297", "name": "LYDIA NJOKI WANJAU", "phone": "254719333184", "meterNo": "2000116117", "accountStatus": "ACTIVE", "accountType": "Domestic", "institution": "Small", "meterStatus": "Metered", "brand": "YUONSO", "material": "Plastic", "meterClass": "B", "schemeName": "Rural", "zone": "013 84", "route": "082 KABIRUINI", "dma": "N/A", "location": "Kabiruini", "parcelNo": "566", "meterSize": "0.75", "remarks": "new", "userId": "168cf595-aa2d-4640-b148-af8b90c6857c", "latitude": -0.3936035, "longitude": 37.0864035 }, "geometry": { "type": "Point", "coordinates": [ 37.0864035, -0.3936035 ] } },
{ "type": "Feature", "properties": { "id": "b627d7ef-1ccf-4d31-9846-beb862adeabf", "accountNo": "28230", "name": "MONICA MUMBI THANGII", "phone": "254716136060", "meterNo": "25042155", "accountStatus": "ACTIVE", "accountType": "Domestic", "institution": "", "meterStatus": "Metered", "brand": "YUONSO", "material": "Plastic", "meterClass": "C", "schemeName": "Rural", "zone": "013 84", "route": "082 KABIRUINI", "dma": "N/A", "location": "Near the tank( Project)", "parcelNo": "532", "meterSize": "0.5", "remarks": "Installed ", "userId": "31b2fb3c-f8a3-475a-8c2f-518f33fe8576", "latitude": -0.3946867, "longitude": 37.09394 }, "geometry": { "type": "Point", "coordinates": [ 37.09394, -0.3946867 ] } },
{ "type": "Feature", "properties": { "id": "7fe38ead-6d39-481a-b10a-802d93d07ffb", "accountNo": "28270", "name": "JOHNSON KARANI KIMUU", "phone": "254723908918", "meterNo": "TWSB2000180017", "accountStatus": "ACTIVE", "accountType": "Domestic", "institution": "", "meterStatus": "Metered", "brand": "YUONSO", "material": "Plastic", "meterClass": "C", "schemeName": "Rural", "zone": "013 84", "route": "KANGOGORO DMA", "dma": "Kangongoro", "location": "Opposite Njatheini PCEA(red gate)", "parcelNo": "2606", "meterSize": "0.75", "remarks": "Installed ", "userId": "31b2fb3c-f8a3-475a-8c2f-518f33fe8576", "latitude": -0.38917, "longitude": 37.1057117 }, "geometry": { "type": "Point", "coordinates": [ 37.1057117, -0.38917 ] } },
{ "type": "Feature", "properties": { "id": "897a1aec-a8e6-4a9a-9938-a2c1618ee31e", "accountNo": "28299", "name": "CATHERINE WAIRIMU MAINA", "phone": "254723470549", "meterNo": "25041979", "accountStatus": "ACTIVE", "accountType": "Domestic", "institution": "Small", "meterStatus": "Metered", "brand": "YUONSO", "material": "Plastic", "meterClass": "C", "schemeName": "Rural", "zone": "012 83", "route": "074 NYANA", "dma": "N/A", "location": "Kiaihuru", "parcelNo": "1716", "meterSize": "0.5", "remarks": "new", "userId": "168cf595-aa2d-4640-b148-af8b90c6857c", "latitude": -0.3720179, "longitude": 37.1035183 }, "geometry": { "type": "Point", "coordinates": [ 37.1035183, -0.3720179 ] } },
{ "type": "Feature", "properties": { "id": "721ebb79-320e-4505-a32b-7db08c29ca19", "accountNo": "28353", "name": "PETER MWANGI MURIUKI", "phone": "254710339511", "meterNo": "25042190", "accountStatus": "ACTIVE", "accountType": "Domestic", "institution": "Small", "meterStatus": "Metered", "brand": "YUONSO", "material": "Plastic", "meterClass": "B", "schemeName": "Rural", "zone": "012 83", "route": "074 NYANA", "dma": "N/A", "location": "Kiaihuru", "parcelNo": "680", "meterSize": "0.5", "remarks": "new", "userId": "168cf595-aa2d-4640-b148-af8b90c6857c", "latitude": -0.3703759, "longitude": 37.1029493 }, "geometry": { "type": "Point", "coordinates": [ 37.1029493, -0.3703759 ] } },
{ "type": "Feature", "properties": { "id": "c8ef7ac2-4b0d-47fd-a456-956c05699f93", "accountNo": "28357", "name": "LUCY WAIRIMU GRACE MURINGO", "phone": "254726379183", "meterNo": "25039208", "accountStatus": "ACTIVE", "accountType": "Domestic", "institution": "", "meterStatus": "Metered", "brand": "YUONSO", "material": "Plastic", "meterClass": "C", "schemeName": "Rural", "zone": "013 84", "route": "082 KABIRUINI", "dma": "N/A", "location": "inside the plot ", "parcelNo": "Ruguru/Kiamariga 4", "meterSize": "0.5", "remarks": "Installed ", "userId": "31b2fb3c-f8a3-475a-8c2f-518f33fe8576", "latitude": -0.3939467, "longitude": 37.0890783 }, "geometry": { "type": "Point", "coordinates": [ 37.0890783, -0.3939467 ] } },
{ "type": "Feature", "properties": { "id": "5b5ec062-e426-458f-8acd-64e2636c486b", "accountNo": "28286", "name": "SALOME NJERI", "phone": "254729567427", "meterNo": "2000116317", "accountStatus": "ACTIVE", "accountType": "Domestic", "institution": "Small", "meterStatus": "Metered", "brand": "YUONSO", "material": "Plastic", "meterClass": "B", "schemeName": "Rural", "zone": "013 84", "route": "187 MUTIINI", "dma": "Mutiini", "location": "Mutiini", "parcelNo": "2293", "meterSize": "0.75", "remarks": "new", "userId": "168cf595-aa2d-4640-b148-af8b90c6857c", "latitude": -0.4042303, "longitude": 37.0855376 }, "geometry": { "type": "Point", "coordinates": [ 37.0855376, -0.4042303 ] } },
{ "type": "Feature", "properties": { "id": "e050b85b-13f8-4006-afe0-e79f136d2136", "accountNo": "28362", "name": "WINCLIFF WANJERI MURIUKI", "phone": "254726572022", "meterNo": "25051682", "accountStatus": "ACTIVE", "accountType": "Domestic", "institution": "Small", "meterStatus": "Metered", "brand": "YUONSO", "material": "Plastic", "meterClass": "C", "schemeName": "Rural", "zone": "013 84", "route": "082 KABIRUINI", "dma": "N/A", "location": "entrance ", "parcelNo": "2991", "meterSize": "0.5", "remarks": "connected ", "userId": "8fda8349-22f0-4df6-9b1f-08502e7bb11a", "latitude": -0.39764, "longitude": 37.0884167 }, "geometry": { "type": "Point", "coordinates": [ 37.0884167, -0.39764 ] } },
{ "type": "Feature", "properties": { "id": "ce10bd3f-d33b-4b41-a12d-dabf77cc5573", "accountNo": "28403", "name": "PATRICK MWANIKI NDIRA", "phone": "254724502886", "meterNo": "25042500", "accountStatus": "ACTIVE", "accountType": "Domestic", "institution": "", "meterStatus": "Metered", "brand": "YUONSO", "material": "Plastic", "meterClass": "C", "schemeName": "Rural", "zone": "013 84", "route": "089 NJATHEINI", "dma": "Kangongoro", "location": "Njatheini junction from the tarmac near Jeff Kamau", "parcelNo": "1667 Ruguru/ Kiamariga ", "meterSize": "0.5", "remarks": "Installed ", "userId": "31b2fb3c-f8a3-475a-8c2f-518f33fe8576", "latitude": -0.39255, "longitude": 37.0976133 }, "geometry": { "type": "Point", "coordinates": [ 37.0976133, -0.39255 ] } },
{ "type": "Feature", "properties": { "id": "e9f6074c-55ff-4e16-8aca-2de67aae0d45", "accountNo": "28413", "name": "JACKSON NGARI NJOGU", "phone": "254111252889", "meterNo": "25038838", "accountStatus": "ACTIVE", "accountType": "Domestic", "institution": "", "meterStatus": "Metered", "brand": "YUONSO", "material": "Plastic", "meterClass": "C", "schemeName": "Rural", "zone": "013 84", "route": "089 NJATHEINI", "dma": "N/A", "location": "Direct opposite Njatheini tank", "parcelNo": "2960 Ruguru/Kiamariga ", "meterSize": "0.5", "remarks": "Installed ", "userId": "31b2fb3c-f8a3-475a-8c2f-518f33fe8576", "latitude": -0.3916217, "longitude": 37.108065 }, "geometry": { "type": "Point", "coordinates": [ 37.108065, -0.3916217 ] } },
{ "type": "Feature", "properties": { "id": "e99f4128-c45d-4728-aa27-0abec2f49936", "accountNo": "28449", "name": "STEPHEN MURIUKI MACHIRI", "phone": "254701191974", "meterNo": "25041850", "accountStatus": "ACTIVE", "accountType": "Domestic", "institution": "", "meterStatus": "Metered", "brand": "YUONSO", "material": "Polymer", "meterClass": "C", "schemeName": "Rural", "zone": "012 83", "route": "075 KIANJAU", "dma": "N/A", "location": "kianjau ", "parcelNo": "1416", "meterSize": "0.5", "remarks": "connected ", "userId": "b603ea33-b3cb-48cf-866a-6e21fd20370e", "latitude": -0.3843557, "longitude": 37.0943828 }, "geometry": { "type": "Point", "coordinates": [ 37.094377402617255, -0.384261247926612 ] } },
{ "type": "Feature", "properties": { "id": "33503772-1c6d-400a-bdc9-3a912695ff6e", "accountNo": "28279", "name": "MICHEAL KAGEMA KINYUA", "phone": "254718976887", "meterNo": "25041976", "accountStatus": "ACTIVE", "accountType": "Domestic", "institution": "", "meterStatus": "", "brand": "YUONSO", "material": "Plastic", "meterClass": "C", "schemeName": "Rural", "zone": "013 84", "route": "KANGOGORO DMA", "dma": "Kangongoro", "location": "Near Nyana tea collection center ", "parcelNo": "823", "meterSize": "0.5", "remarks": "Installed ", "userId": "31b2fb3c-f8a3-475a-8c2f-518f33fe8576", "latitude": -0.376535, "longitude": 37.1083683 }, "geometry": { "type": "Point", "coordinates": [ 37.108268091927819, -0.376516780743928 ] } },
{ "type": "Feature", "properties": { "id": "35de574b-6a6d-44be-947f-ba050d0e6e5b", "accountNo": "28298", "name": "RUTH GATHIGIA WAHOME", "phone": "254743371285", "meterNo": "25041978", "accountStatus": "ACTIVE", "accountType": "Domestic", "institution": "Small", "meterStatus": "Metered", "brand": "YUONSO", "material": "Plastic", "meterClass": "B", "schemeName": "Rural", "zone": "012 83", "route": "076 KIAMARIGA", "dma": "N/A", "location": "Dunjos", "parcelNo": "810", "meterSize": "0.5", "remarks": "new", "userId": "168cf595-aa2d-4640-b148-af8b90c6857c", "latitude": -0.3885704, "longitude": 37.0866511 }, "geometry": { "type": "Point", "coordinates": [ 37.0866511, -0.3885704 ] } },
{ "type": "Feature", "properties": { "id": "4329c8c9-3e9c-4067-97bd-74c37ed4e694", "accountNo": "28414", "name": "SEVERINA KANINI KAGUME", "phone": "254113207186", "meterNo": "25040325", "accountStatus": "ACTIVE", "accountType": "Domestic", "institution": "Small", "meterStatus": "Metered", "brand": "YUONSO", "material": "Plastic", "meterClass": "C", "schemeName": "Rural", "zone": "012 83", "route": "072 KIAIHURU", "dma": "Kiaihuru", "location": "kiaihuru", "parcelNo": "103", "meterSize": "0.5", "remarks": "new", "userId": "168cf595-aa2d-4640-b148-af8b90c6857c", "latitude": -0.3670997, "longitude": 37.0988379 }, "geometry": { "type": "Point", "coordinates": [ 37.0988379, -0.3670997 ] } },
{ "type": "Feature", "properties": { "id": "a47a9336-00b0-4981-866b-bc23a6cd2dc2", "accountNo": "28434", "name": "SHADRACK MUKUNYA RUBUA", "phone": "254722453917", "meterNo": "25038831", "accountStatus": "ACTIVE", "accountType": "Domestic", "institution": "", "meterStatus": "Metered", "brand": "YUONSO", "material": "Plastic", "meterClass": "C", "schemeName": "Rural", "zone": "013 84", "route": "089 NJATHEINI", "dma": "Kangongoro", "location": "AIPCA Njatheini opposite ", "parcelNo": "1896 Kabiruini ", "meterSize": "0.5", "remarks": "Installed ", "userId": "31b2fb3c-f8a3-475a-8c2f-518f33fe8576", "latitude": -0.39148, "longitude": 37.09853 }, "geometry": { "type": "Point", "coordinates": [ 37.09853, -0.39148 ] } },
{ "type": "Feature", "properties": { "id": "a6446266-6ca2-46ea-9956-347e4314d8d5", "accountNo": "28483", "name": "MILKAH THUGURI MURIUKI", "phone": "254726492627", "meterNo": "25038859", "accountStatus": "ACTIVE", "accountType": "Domestic", "institution": "", "meterStatus": "Metered", "brand": "YUONSO", "material": "Plastic", "meterClass": "C", "schemeName": "Rural", "zone": "013 84", "route": "187 MUTIINI", "dma": "Mutiini", "location": "Mutiini", "parcelNo": "358", "meterSize": "0.5", "remarks": "new", "userId": "168cf595-aa2d-4640-b148-af8b90c6857c", "latitude": -0.4073767, "longitude": 37.0833222 }, "geometry": { "type": "Point", "coordinates": [ 37.0833222, -0.4073767 ] } },
{ "type": "Feature", "properties": { "id": "103a30ab-68c3-4bb8-84b1-898b9c18ea1e", "accountNo": "28488", "name": "GOERGE GICHERU WERU", "phone": "254701500769", "meterNo": "25038853", "accountStatus": "ACTIVE", "accountType": "Domestic", "institution": "", "meterStatus": "Metered", "brand": "YUONSO", "material": "Polymer", "meterClass": "C", "schemeName": "Rural", "zone": "012 83", "route": "072 KIAIHURU", "dma": "Kiaihuru", "location": "kiaihuru", "parcelNo": "1656", "meterSize": "0.5", "remarks": "connected ", "userId": "b603ea33-b3cb-48cf-866a-6e21fd20370e", "latitude": -0.3666536, "longitude": 37.1020709 }, "geometry": { "type": "Point", "coordinates": [ 37.1020709, -0.3666536 ] } },
{ "type": "Feature", "properties": { "id": "efcc9391-e14b-4f70-9387-b78cccb99446", "accountNo": "28497", "name": "WILLIAM NGARE MURIUKI", "phone": "254722673765", "meterNo": "25039020", "accountStatus": "ACTIVE", "accountType": "Domestic", "institution": "", "meterStatus": "Metered", "brand": "YUONSO", "material": "Plastic", "meterClass": "C", "schemeName": "Rural", "zone": "013 84", "route": "082 KABIRUINI", "dma": "Mutiini", "location": "mutiini", "parcelNo": "372", "meterSize": "0.5", "remarks": "new", "userId": "168cf595-aa2d-4640-b148-af8b90c6857c", "latitude": -0.3996089, "longitude": 37.0874476 }, "geometry": { "type": "Point", "coordinates": [ 37.0874476, -0.3996089 ] } },
{ "type": "Feature", "properties": { "id": "6d32f0e1-8df1-4f30-8c73-89619b5796c9", "accountNo": "27672", "name": "SAMUEL MAINA NGARI", "phone": "254725069681", "meterNo": "24015496", "accountStatus": "ACTIVE", "accountType": "Domestic", "institution": null, "meterStatus": "METERED", "brand": "YUONSO", "material": "Plastic", "meterClass": "C", "schemeName": null, "zone": "012 83", "route": "075 KIANJAU", "dma": "N/A", "location": null, "parcelNo": null, "meterSize": "0.5", "remarks": null, "userId": null, "latitude": -0.3841483, "longitude": 37.095955 }, "geometry": { "type": "Point", "coordinates": [ 37.095955, -0.3841483 ] } },
{ "type": "Feature", "properties": { "id": "f5c0e458-6a28-460b-9b16-c397c9fbc043", "accountNo": "21678", "name": "NICODEMUS KARIMI MUUNA", "phone": "254723169419", "meterNo": "17011691", "accountStatus": "ACTIVE", "accountType": "Domestic", "institution": null, "meterStatus": "METERED", "brand": "Younio", "material": "Polymer", "meterClass": "C", "schemeName": "Rural", "zone": "013 84", "route": "012 83-KANGOGORO DMA", "dma": "Kangongoro", "location": "Inside", "parcelNo": "0", "meterSize": "0.5", "remarks": null, "userId": null, "latitude": -0.3871431, "longitude": 37.1073405 }, "geometry": { "type": "Point", "coordinates": [ 37.1073405, -0.3871431 ] } },
{ "type": "Feature", "properties": { "id": "407168ca-2c9a-4302-ad1d-8397299ccdba", "accountNo": "00274", "name": "ESTHER NGIMA WERU", "phone": "254714923484", "meterNo": "19060703", "accountStatus": "ACTIVE", "accountType": "Domestic", "institution": "N/A", "meterStatus": "METERED", "brand": "YUONSO", "material": "PLASTIC", "meterClass": "B", "schemeName": "Rural", "zone": "012 83", "route": "012 83-KIAMARIGA LOWER DMA", "dma": "N/A", "location": "along Kagati road ", "parcelNo": "1042", "meterSize": "0.5", "remarks": null, "userId": null, "latitude": -0.3872066, "longitude": 37.0753894 }, "geometry": { "type": "Point", "coordinates": [ 37.0753894, -0.3872066 ] } },
{ "type": "Feature", "properties": { "id": "a15444a1-3f60-42d0-bcb4-14430f678704", "accountNo": "00390", "name": "PAUL MUREGI MURIITHI", "phone": "254717250875", "meterNo": "19096369", "accountStatus": "ACTIVE", "accountType": "Domestic", "institution": null, "meterStatus": "METERED", "brand": "YUONSO", "material": "PLASTIC", "meterClass": "B", "schemeName": null, "zone": "012 83", "route": "013- BEHIND COFFEE FACTORY", "dma": "Factory Line", "location": null, "parcelNo": "1014", "meterSize": "0.5", "remarks": null, "userId": null, "latitude": -0.388438, "longitude": 37.0817958 }, "geometry": { "type": "Point", "coordinates": [ 37.0817958, -0.388438 ] } },
{ "type": "Feature", "properties": { "id": "a6b8af7d-d390-44d9-9bf6-c17ecaaf0060", "accountNo": "00102", "name": "STEPHEN   NGATIA  K.", "phone": "254720920193", "meterNo": "18054660", "accountStatus": "ACTIVE", "accountType": "Domestic", "institution": "N/A", "meterStatus": "METERED", "brand": "YUONSO", "material": "PLASTIC", "meterClass": "B", "schemeName": "Rural", "zone": "012 83", "route": "076 KIAMARIGA", "dma": "N/A", "location": "near junction heading to Kagati field ", "parcelNo": null, "meterSize": "0.5", "remarks": null, "userId": null, "latitude": -0.3883031, "longitude": 37.0741803 }, "geometry": { "type": "Point", "coordinates": [ 37.0741803, -0.3883031 ] } },
{ "type": "Feature", "properties": { "id": "f5c0e458-6a28-460b-9b16-c397c8fbb658", "accountNo": "22823", "name": "MARTIN MUGO NDEREBA", "phone": "254720283775", "meterNo": "1501098217", "accountStatus": "ACTIVE", "accountType": "Domestic", "institution": null, "meterStatus": "METERED", "brand": "Aimei", "material": "Polymer", "meterClass": "C", "schemeName": "Rural", "zone": "013 84", "route": "012 83-KANGOGORO DMA", "dma": "Kangongoro", "location": "Inside", "parcelNo": "0", "meterSize": "0.5", "remarks": null, "userId": null, "latitude": -0.3899231, "longitude": 37.1022349 }, "geometry": { "type": "Point", "coordinates": [ 37.1022349, -0.3899231 ] } },
{ "type": "Feature", "properties": { "id": "d15d60fd-ead2-4c6d-88ea-e96b60ddc839", "accountNo": "00251", "name": "FREDRICK GITHUI GUARA", "phone": "254715456489", "meterNo": "11026394", "accountStatus": "ACTIVE", "accountType": "Domestic", "institution": "N/A", "meterStatus": "METERED", "brand": "YUONSO", "material": "PLASTIC", "meterClass": "B", "schemeName": "Rural", "zone": "012 83", "route": "074 NYANA", "dma": "N/A", "location": null, "parcelNo": null, "meterSize": "0.5", "remarks": null, "userId": null, "latitude": -0.3758217, "longitude": 37.1007667 }, "geometry": { "type": "Point", "coordinates": [ 37.1007667, -0.3758217 ] } },
{ "type": "Feature", "properties": { "id": "f5c0e458-6a28-460b-9b16-c397c2fbc738", "accountNo": "26232", "name": "WILLIAM KIRUNYU MUKABURU", "phone": "254729936161", "meterNo": "21113162", "accountStatus": "ACTIVE", "accountType": "Domestic", "institution": null, "meterStatus": "METERED", "brand": "YUONSO", "material": "Plastic", "meterClass": "B", "schemeName": "Rural", "zone": "013 84", "route": "013 84-KINGUKIRO", "dma": "N/A", "location": "king'ukiro", "parcelNo": null, "meterSize": "0.5", "remarks": "OK", "userId": null, "latitude": -0.3943437, "longitude": 37.0980844 }, "geometry": { "type": "Point", "coordinates": [ 37.0980844, -0.3943437 ] } },
{ "type": "Feature", "properties": { "id": "f5c0e458-6a28-460b-9b16-c397c7fbc764", "accountNo": "09023", "name": "JULIUS MURAGURI KIMARU", "phone": "254706123041", "meterNo": "19095893", "accountStatus": "SEALED", "accountType": "Domestic", "institution": null, "meterStatus": "METERED", "brand": "Younio", "material": "Polymer", "meterClass": "B", "schemeName": "Rural", "zone": "013 84", "route": "07- MARIA SECOND LANE", "dma": "N/A", "location": "Inside", "parcelNo": null, "meterSize": "0.5", "remarks": null, "userId": null, "latitude": -0.4031823, "longitude": 37.0799363 }, "geometry": { "type": "Point", "coordinates": [ 37.0799363, -0.4031823 ] } },
{ "type": "Feature", "properties": { "id": "02c71ed5-a991-41aa-b45d-964412903690", "accountNo": "27018", "name": "ALICE NJERI MURIITHI", "phone": "254707569335", "meterNo": "23040905", "accountStatus": "ACTIVE", "accountType": "Domestic", "institution": null, "meterStatus": "METERED", "brand": "YUONSO", "material": "Plastic", "meterClass": "C", "schemeName": "Rural", "zone": "013 84", "route": "082 KABIRUINI", "dma": "N/A", "location": "Along the fence ", "parcelNo": null, "meterSize": "0.5", "remarks": null, "userId": null, "latitude": -0.4006998, "longitude": 37.0905323 }, "geometry": { "type": "Point", "coordinates": [ 37.0905323, -0.4006998 ] } },
{ "type": "Feature", "properties": { "id": "ce2acae6-1a85-4e75-a4d2-30ea7d03f0b1", "accountNo": "19736", "name": "MR STEPHEN MUNUHE MUNYIRI", "phone": "254721860995", "meterNo": "18057711", "accountStatus": "SEALED", "accountType": "Domestic", "institution": null, "meterStatus": "METERED", "brand": "YUONSO", "material": "PLASTIC", "meterClass": "B", "schemeName": "Rural", "zone": "012 83", "route": "KIAIHURU DMA", "dma": "N/A", "location": "along Lela road ", "parcelNo": null, "meterSize": "0.5", "remarks": null, "userId": null, "latitude": -0.3777583, "longitude": 37.0826561 }, "geometry": { "type": "Point", "coordinates": [ 37.0826561, -0.3777583 ] } },
{ "type": "Feature", "properties": { "id": "f8fc865e-6ff4-4aea-9963-bba8f03a1363", "accountNo": "28348", "name": "NELSON MIANO KABURI", "phone": "254727736790", "meterNo": "25042185", "accountStatus": "ACTIVE", "accountType": "Domestic", "institution": "", "meterStatus": "Metered", "brand": "YUONSO", "material": "Plastic", "meterClass": "C", "schemeName": "Rural", "zone": "012 83", "route": "076 KIAMARIGA", "dma": "Kiamariga Lower", "location": "Opposite PEFA Church Kiamariga ", "parcelNo": "2929 Ruguru/Kiamariga ", "meterSize": "0.5", "remarks": "Installed ", "userId": "31b2fb3c-f8a3-475a-8c2f-518f33fe8576", "latitude": -0.3871883, "longitude": 37.0786317 }, "geometry": { "type": "Point", "coordinates": [ 37.0786317, -0.3871883 ] } }
]
}
