{
"type": "FeatureCollection",
"name": "lines",
"crs": { "type": "name", "properties": { "name": "urn:ogc:def:crs:OGC:1.3:CRS84" } },
"features": [
{ "type": "Feature", "properties": { "id": "0fcba7f9-2c44-4346-867b-d2ef754575ed", "ObjectID": 240, "lineName": "1'kahiga line", "lineType": null, "material": "PVC", "intake": null, "function": "Service Lines", "dma": null, "schemeName": null, "route": "Kahiga", "zone": null, "size": "32mm", "status": null, "length": 683.80281519983794 }, "geometry": { "type": "MultiLineString", "coordinates": [ [ [ 37.103390792107376, -0.374918959193225 ], [ 37.103308075000029, -0.374920869999926 ], [ 37.102800999000067, -0.374918588999947 ], [ 37.102582985000026, -0.374898891999976 ], [ 37.102298336000047, -0.374804678999965 ], [ 37.101548742000034, -0.374606195999945 ], [ 37.10133072900004, -0.374533859999929 ], [ 37.101129480000054, -0.374419865999926 ], [ 37.100786325000058, -0.374016612999981 ], [ 37.100637797000047, -0.373887698999965 ], [ 37.10025474400004, -0.373568180999939 ], [ 37.100031786000045, -0.373355028999924 ], [ 37.099781670000027, -0.373013885999967 ], [ 37.099535, -0.372793 ], [ 37.099155458000041, -0.372599064999974 ], [ 37.099000476000072, -0.372555897999973 ], [ 37.098545385000079, -0.372560974999942 ], [ 37.098231296000051, -0.372572872999967 ], [ 37.098011, -0.372547 ] ] ] } },
{ "type": "Feature", "properties": { "id": "82cdef91-215c-4c1a-9e11-74a270529852_1", "ObjectID": 45, "lineName": "3' new Kiamariga line(Governor's)", "lineType": null, "material": "PVC", "intake": null, "function": "Main Lines", "dma": "", "schemeName": "Rural", "route": null, "zone": null, "size": "90mm", "status": "Active", "length": 2623.4705593807598 }, "geometry": { "type": "MultiLineString", "coordinates": [ [ [ 37.087766912126447, -0.382170902451268 ], [ 37.087864092000075, -0.382322583999951 ], [ 37.087939045000041, -0.38246535199994 ], [ 37.08796403000008, -0.382593842999938 ], [ 37.087946184000032, -0.382922207999968 ], [ 37.087903354000048, -0.383236296999939 ], [ 37.087826, -0.383693 ], [ 37.087678494000045, -0.383846628999947 ], [ 37.087394, -0.383947 ], [ 37.087135, -0.384035 ], [ 37.086500661000059, -0.384321330999967 ], [ 37.085904606000042, -0.38454262099998 ], [ 37.085376366000048, -0.384710372999962 ], [ 37.084894525000038, -0.384899539999935 ], [ 37.084789, -0.384952 ], [ 37.084573298000066, -0.385092276999956 ], [ 37.084459084000059, -0.385160090999932 ], [ 37.084398407000037, -0.385252889999947 ], [ 37.083346, -0.385776 ], [ 37.083270806838222, -0.385821503109516 ], [ 37.083226514633608, -0.385764718231802 ], [ 37.083183358126547, -0.385640927198387 ], [ 37.083099884356294, -0.385446155067829 ] ], [ [ 37.105051098215043, -0.373687052962973 ], [ 37.105001, -0.373749 ], [ 37.104978, -0.373769 ], [ 37.104903, -0.37368 ], [ 37.103846689000079, -0.374320399999931 ], [ 37.103497424667232, -0.374498580832269 ], [ 37.10338, -0.375014 ], [ 37.103229285000054, -0.375535402999958 ], [ 37.102902220413078, -0.375892300667317 ], [ 37.102683103724758, -0.376156401576426 ], [ 37.102355154244222, -0.376471291121901 ], [ 37.102204239439018, -0.376617852615418 ], [ 37.101871936646788, -0.376929839953101 ], [ 37.10144821430908, -0.37734630677131 ], [ 37.101290769536362, -0.377511007063529 ], [ 37.101040454114262, -0.377733025959648 ], [ 37.100798845315545, -0.377989145797327 ], [ 37.100658088237616, -0.378158924953183 ], [ 37.100330138757066, -0.378557978524638 ], [ 37.100238719211603, -0.378676969044126 ], [ 37.100103766549253, -0.378830786057123 ], [ 37.100005091484313, -0.378943972161027 ], [ 37.099942, -0.378919 ], [ 37.099416, -0.378542 ], [ 37.099339692000058, -0.37852817199996 ], [ 37.099170727000057, -0.378532827999948 ], [ 37.098916125000073, -0.378551863999974 ], [ 37.098458214730961, -0.378592805018146 ], [ 37.097775, -0.378627 ], [ 37.097549460915914, -0.378600786089575 ], [ 37.097420584751148, -0.378568453680887 ], [ 37.097447, -0.378664 ], [ 37.097516, -0.378829 ], [ 37.097609, -0.379113 ], [ 37.097777839000059, -0.379453389999981 ], [ 37.097811152000077, -0.379496220999954 ], [ 37.097687420000057, -0.379496220999954 ], [ 37.09755417000008, -0.379448630999946 ], [ 37.097315, -0.379399 ], [ 37.096939, -0.379367 ], [ 37.096626180000044, -0.379358211999943 ], [ 37.096471, -0.379305 ], [ 37.096178841000039, -0.379139300999952 ], [ 37.096035, -0.379028 ], [ 37.095907, -0.378934 ], [ 37.09568, -0.378761 ], [ 37.095341271000052, -0.378511123999942 ], [ 37.095174709000048, -0.378454016999967 ], [ 37.094922, -0.378595 ], [ 37.094446594000033, -0.378887078999981 ], [ 37.09438, -0.378876 ], [ 37.094295498000065, -0.378837109999949 ], [ 37.093885041000078, -0.378153014999953 ], [ 37.093843400000026, -0.378113753999969 ], [ 37.093626, -0.378256 ], [ 37.09312480300008, -0.378618198999959 ], [ 37.092449036000062, -0.379098850999981 ], [ 37.092154, -0.379348 ], [ 37.091797064000048, -0.379555706999952 ], [ 37.09105091400005, -0.380028004999929 ], [ 37.090652256000055, -0.380350576999945 ], [ 37.090202825000063, -0.380626464999978 ], [ 37.089745968000045, -0.380892963999941 ], [ 37.089408085000059, -0.381111874999931 ], [ 37.088551479000046, -0.381630596999969 ], [ 37.088037515000053, -0.381958962999931 ], [ 37.087737870680932, -0.382139901283801 ], [ 37.087767, -0.382171 ] ] ] } },
{ "type": "Feature", "properties": { "id": "2c4ea037-f332-40db-853f-c9ef2476be1f", "ObjectID": null, "lineName": "White house Line", "lineType": null, "material": "PVC", "intake": "90", "function": "Service Lines", "dma": "N/A", "schemeName": "Rural", "route": "Rangi white house ", "zone": "013 84", "size": "32mm", "status": "Active", "length": null }, "geometry": { "type": "MultiLineString", "coordinates": [ [ [ 37.094491682457374, -0.378859227126623 ], [ 37.094501613449658, -0.378886979488636 ], [ 37.0943807, -0.378951 ], [ 37.094301361111995, -0.379008872215909 ], [ 37.094159878482124, -0.379102468417208 ], [ 37.094156613498363, -0.379222184488636 ], [ 37.0941932, -0.3794485 ], [ 37.0942398, -0.3796865 ], [ 37.094279, -0.3798447 ], [ 37.094320951014602, -0.380003603936688 ], [ 37.094412370560057, -0.380166853125 ], [ 37.094548411550328, -0.380478114910714 ], [ 37.094676834245114, -0.38070122213474 ], [ 37.0945738, -0.3807404 ], [ 37.09434815921265, -0.380832909813312 ], [ 37.094217559862003, -0.380905827784091 ], [ 37.0940136, -0.3810228 ], [ 37.0939089, -0.3810747 ], [ 37.093818143514589, -0.381072341956169 ], [ 37.09370278075486, -0.381038603790584 ], [ 37.093564563108757, -0.380906916112013 ], [ 37.093449200349021, -0.380773051777597 ], [ 37.0933289, -0.380612 ], [ 37.093127055284079, -0.380384518709416 ], [ 37.0929415, -0.3801663 ], [ 37.092739, -0.3799648 ] ] ] } },
{ "type": "Feature", "properties": { "id": "343d5831-558b-41eb-b532-c6e940069bd5", "ObjectID": 179, "lineName": "Kangongoro 1.5 '' Line", "lineType": null, "material": "PVC", "intake": "8'' To Nyana", "function": "Service Lines", "dma": "Kangongoro", "schemeName": "Rural", "route": "Kangongoro-Kabiruini", "zone": "83", "size": "50mm", "status": "Active", "length": 3004.2467107912639 }, "geometry": { "type": "MultiLineString", "coordinates": [ [ [ 37.10810675873855, -0.387842950034976 ], [ 37.107243344616492, -0.388543144090501 ], [ 37.106681432202677, -0.388821532432741 ], [ 37.105986496876731, -0.389083905974171 ], [ 37.105518479208236, -0.38923991186367 ], [ 37.104802270351897, -0.389481011874713 ], [ 37.1042492, -0.389696 ], [ 37.103688955595018, -0.38987102659846 ], [ 37.103114570274599, -0.390048306018345 ], [ 37.1025198, -0.3902644 ], [ 37.102086349639265, -0.390445411918888 ], [ 37.101561602556401, -0.390785788405067 ], [ 37.1009434, -0.3912213 ], [ 37.100434105445935, -0.391480723731016 ], [ 37.099753352473577, -0.391509088438198 ], [ 37.099256970097898, -0.391516179614993 ], [ 37.098682584777471, -0.391509088438198 ], [ 37.0982864, -0.3916095 ], [ 37.098044378865886, -0.391672185504492 ], [ 37.097874190622797, -0.391849464924377 ], [ 37.097739458263682, -0.392019653167466 ], [ 37.097597634727776, -0.392225297294533 ], [ 37.097434537661478, -0.392487670835963 ], [ 37.0972365, -0.392925 ] ], [ [ 37.108347848879831, -0.374029345200762 ], [ 37.10834720400004, -0.377543938999963 ], [ 37.107636340432911, -0.378537770252271 ], [ 37.107517936801628, -0.378745873604226 ], [ 37.107460528980397, -0.378997032822103 ], [ 37.10742823708096, -0.379233840084672 ], [ 37.107431825069789, -0.379463471369588 ], [ 37.107306650000055, -0.380075898999962 ], [ 37.106751688000031, -0.381914169999959 ], [ 37.106612947000031, -0.383579019999956 ], [ 37.107370829259715, -0.384547651537174 ], [ 37.107815739874233, -0.385509232542758 ], [ 37.107799145425943, -0.386159555517616 ], [ 37.107738149615891, -0.386421478701966 ], [ 37.107729777641936, -0.386718085778306 ], [ 37.107896021124276, -0.387146252444959 ], [ 37.107946252967849, -0.387314887919814 ], [ 37.107967780900807, -0.387426115573442 ], [ 37.107989308833773, -0.387501463338803 ], [ 37.108035952688518, -0.387623454958911 ], [ 37.108041871525856, -0.387635988787545 ], [ 37.108104047371491, -0.387841180121775 ] ] ] } },
{ "type": "Feature", "properties": { "id": "b3477d6c-edec-4b67-b320-b18efe75988f_1", "ObjectID": 71, "lineName": "Hombe Line", "lineType": null, "material": "HDPE", "intake": "Hombe Dam", "function": "Main Lines", "dma": null, "schemeName": null, "route": null, "zone": null, "size": "225mm", "status": null, "length": 7291.9800808583195 }, "geometry": { "type": "MultiLineString", "coordinates": [ [ [ 37.112454, -0.383086 ], [ 37.112446, -0.383134 ], [ 37.112395931000037, -0.383324045999927 ], [ 37.112356452000029, -0.383429908999972 ], [ 37.112320662000059, -0.383491012999968 ], [ 37.112305909000042, -0.383549099999925 ], [ 37.112275399000055, -0.383644988999947 ], [ 37.112249499000029, -0.383725286999947 ], [ 37.112224605000051, -0.383762502999957 ], [ 37.112219157000027, -0.383797538999943 ], [ 37.112186886000075, -0.38384581899993 ], [ 37.112163836000036, -0.383908179999935 ], [ 37.112156209000034, -0.383936762999951 ], [ 37.112136427000053, -0.383964841999955 ], [ 37.112128213000062, -0.384014881999974 ], [ 37.112052692000077, -0.384171790999972 ], [ 37.112013884000078, -0.384228536999956 ], [ 37.11193425600004, -0.384301961999938 ], [ 37.111889999000027, -0.384352169999943 ], [ 37.111862926000072, -0.384393743999965 ], [ 37.111787908000053, -0.384461972999929 ], [ 37.111745244000076, -0.384520813999927 ], [ 37.111697551000077, -0.384564650999948 ], [ 37.111565033000034, -0.384663892999924 ], [ 37.111472, -0.384727 ], [ 37.111354396000024, -0.384778808999954 ], [ 37.111351714000079, -0.384810910999931 ], [ 37.111289939000073, -0.384844019999946 ], [ 37.111197570000058, -0.384961198999974 ], [ 37.111140825000064, -0.384981482999933 ], [ 37.111114757000053, -0.385021715999926 ], [ 37.11110285500007, -0.385055494999961 ], [ 37.111000679000028, -0.385016686999961 ], [ 37.110921387000076, -0.384985254999947 ], [ 37.110878555000056, -0.385004616999936 ], [ 37.110772021000059, -0.385188264999954 ], [ 37.110681832000068, -0.385347101999969 ], [ 37.110646879000058, -0.385457490999954 ], [ 37.110646041000052, -0.385537957999929 ], [ 37.110672444000045, -0.385616495999955 ], [ 37.110812003000035, -0.385821433999979 ], [ 37.11094577800003, -0.385995106999928 ], [ 37.110893223000062, -0.386056377999978 ], [ 37.110790042000076, -0.386146818999975 ], [ 37.110781905184623, -0.386157909148969 ], [ 37.110770512000045, -0.386178 ], [ 37.110753, -0.386202 ], [ 37.110741, -0.386215 ], [ 37.110732266947061, -0.386230593711122 ], [ 37.110720743784768, -0.386244776064713 ], [ 37.110716311799266, -0.386260731212503 ], [ 37.110710993416674, -0.38628023194869 ], [ 37.110708334225372, -0.38629618709648 ], [ 37.110705217000032, -0.386319402999959 ], [ 37.110654, -0.386336 ], [ 37.110606311000026, -0.386376901999938 ], [ 37.110579824000069, -0.386428702999979 ], [ 37.110560378000059, -0.386474718999978 ], [ 37.110560629000076, -0.386580079999931 ], [ 37.110614693000059, -0.386749561999977 ], [ 37.110620560000029, -0.386781412999937 ], [ 37.110594828000046, -0.386798092999925 ], [ 37.110620812000036, -0.386825920999968 ], [ 37.110653669000044, -0.386840924999944 ], [ 37.110678563000079, -0.38694217799997 ], [ 37.11069432100004, -0.386998755999969 ], [ 37.110730195000031, -0.387056255999937 ], [ 37.110701865000067, -0.387085172999946 ], [ 37.110588, -0.387114 ], [ 37.110604503000047, -0.38728735199993 ], [ 37.110696416000053, -0.388971939999976 ], [ 37.110758023000074, -0.388969927999938 ], [ 37.110805, -0.389011 ], [ 37.110824157000025, -0.389217445999975 ], [ 37.110866150000049, -0.389387262999946 ], [ 37.110924572000044, -0.389527910999959 ], [ 37.111024819000079, -0.389683478999928 ], [ 37.111103609000054, -0.389785402999962 ], [ 37.111280635000071, -0.389938959999938 ], [ 37.111469312000054, -0.390036692999956 ], [ 37.111628568000071, -0.390117661999966 ], [ 37.111703921000071, -0.390026801999966 ], [ 37.111801067000044, -0.389809961999958 ], [ 37.111852113000054, -0.389695297999936 ], [ 37.111901566000029, -0.389656489999936 ], [ 37.112017237000032, -0.38962698499995 ], [ 37.112156, -0.389638 ], [ 37.112282608000044, -0.389696554999944 ], [ 37.112594834000049, -0.390021772999944 ], [ 37.112968583000054, -0.390434581999955 ], [ 37.113145022000026, -0.390631472999928 ], [ 37.113256669000066, -0.390812940999979 ], [ 37.113289945000076, -0.390923413999928 ], [ 37.113309223000044, -0.391153245999931 ], [ 37.11328734600005, -0.39129741499994 ], [ 37.113063382000064, -0.39173779999993 ], [ 37.112983167000039, -0.391928739999969 ], [ 37.112792227000057, -0.39246333799997 ], [ 37.112731962000055, -0.39253542199998 ], [ 37.112565581000069, -0.39264237499998 ], [ 37.112224689000072, -0.39277698799998 ], [ 37.111941632000025, -0.392900453999971 ], [ 37.111807941000052, -0.393019224999932 ], [ 37.111670058000072, -0.39319231199994 ], [ 37.111569, -0.393353 ], [ 37.111396892000073, -0.393562036999924 ], [ 37.111219950000077, -0.39371039699995 ], [ 37.111077793000049, -0.393816930999947 ], [ 37.110923734000039, -0.393959842999948 ], [ 37.110635, -0.39518 ], [ 37.110598013000072, -0.395182761999934 ], [ 37.110580159000051, -0.395257193999953 ], [ 37.110565156000064, -0.395305137999969 ], [ 37.110515535000047, -0.395319805999975 ], [ 37.110482594000075, -0.395354423999947 ], [ 37.110447725000029, -0.395473194999965 ], [ 37.110426938000046, -0.39564510799994 ], [ 37.110401960000047, -0.395774943999925 ], [ 37.110422160000041, -0.396100496999964 ], [ 37.110376982000048, -0.396243575999961 ], [ 37.110322919000055, -0.396330663999947 ], [ 37.110272879000036, -0.396459996999965 ], [ 37.110236920000034, -0.396543982999958 ], [ 37.110196520000045, -0.396749255999964 ], [ 37.11020062700004, -0.396865261999949 ], [ 37.110188222000033, -0.39691965999998 ], [ 37.110266425000077, -0.397095176999926 ], [ 37.110356530000047, -0.39746205299997 ], [ 37.110372875000053, -0.397807135999926 ], [ 37.110348567000074, -0.398014168999964 ], [ 37.110088728000051, -0.398263278999934 ], [ 37.109761, -0.398561 ], [ 37.109734593000042, -0.398577600999943 ], [ 37.109606015000054, -0.398714309999946 ], [ 37.10954365300006, -0.398787566999943 ], [ 37.109489, -0.398908 ], [ 37.10947, -0.398959 ], [ 37.109355, -0.399058 ], [ 37.10911036400006, -0.399112009999953 ], [ 37.108765342000027, -0.399200049999934 ], [ 37.108624954000049, -0.399228603999973 ], [ 37.107849, -0.399217 ], [ 37.107545512000058, -0.399219045999928 ], [ 37.107274253000071, -0.399235702999931 ], [ 37.107207281000058, -0.399421741999959 ], [ 37.107150788000069, -0.399459963999959 ], [ 37.106875358000025, -0.399545542999931 ], [ 37.106465148000041, -0.399664816999973 ], [ 37.106143031000045, -0.399722232999977 ], [ 37.105961898000032, -0.399767746999942 ], [ 37.105820496000035, -0.39986061899998 ], [ 37.105752015000064, -0.399961452999946 ], [ 37.105683703000068, -0.400040912999941 ], [ 37.105602, -0.400058 ], [ 37.105248, -0.400107 ], [ 37.104845932000046, -0.400209975999928 ], [ 37.104704194000078, -0.40023771999995 ], [ 37.104575280000063, -0.400309050999965 ], [ 37.104286530000024, -0.400533804999952 ], [ 37.103801, -0.4009 ], [ 37.103729736000048, -0.401002558999949 ], [ 37.103549, -0.401228 ], [ 37.103487225000038, -0.401306328999965 ], [ 37.103372393000029, -0.401463070999966 ], [ 37.103285305000043, -0.401521743999979 ], [ 37.103141723000078, -0.40153657999997 ], [ 37.102984898000045, -0.401556863999929 ], [ 37.102625, -0.401687 ], [ 37.102479, -0.4018 ], [ 37.102323, -0.402052 ], [ 37.102222269000038, -0.402180931999965 ], [ 37.102044, -0.402494 ], [ 37.101930454000069, -0.402787075999925 ], [ 37.101894178000066, -0.402925323999966 ], [ 37.101883, -0.403058 ], [ 37.101858, -0.403256 ], [ 37.101831632000028, -0.403692991999947 ], [ 37.101825848000033, -0.403826096999978 ], [ 37.101816769000038, -0.404207930999974 ], [ 37.101776, -0.404483 ], [ 37.101614037000047, -0.404644589999975 ], [ 37.101297, -0.404771 ], [ 37.101073099000075, -0.404997033999962 ], [ 37.100986, -0.405123 ], [ 37.100953, -0.40535 ], [ 37.100936, -0.405423 ], [ 37.100935, -0.405506 ], [ 37.100954, -0.405773 ], [ 37.100991, -0.405976 ], [ 37.101192512000068, -0.406390623999926 ], [ 37.101204, -0.406472 ], [ 37.101227, -0.406642 ], [ 37.101269, -0.406858 ], [ 37.101316, -0.407134 ], [ 37.101356, -0.407302 ], [ 37.101446232000058, -0.407589654999924 ], [ 37.101511192000032, -0.407697446999975 ], [ 37.101590820000069, -0.407809009999937 ], [ 37.101724, -0.407993 ], [ 37.101991, -0.408219 ], [ 37.102041, -0.408282 ], [ 37.102339, -0.408425 ], [ 37.102491, -0.408492 ], [ 37.102998270000057, -0.408680260999972 ], [ 37.103089996000051, -0.408691288999933 ], [ 37.103275834000044, -0.408692378999945 ], [ 37.103315071000054, -0.408715742999959 ], [ 37.103347193000047, -0.408747032999941 ], [ 37.103359567000041, -0.408779392999975 ], [ 37.103360518000045, -0.408807946999957 ], [ 37.103277713000068, -0.408968797999933 ], [ 37.103147319000072, -0.409190563999971 ], [ 37.103070403000061, -0.409344395999938 ], [ 37.102991404000079, -0.409543318999965 ], [ 37.102998067000044, -0.409596618999956 ], [ 37.103002469000046, -0.409643256999971 ], [ 37.103060528000071, -0.409745097999973 ], [ 37.103152137000052, -0.409842417999926 ], [ 37.103311, -0.410004 ], [ 37.103424927000049, -0.410105118999979 ], [ 37.103498096000067, -0.410211837999952 ], [ 37.103591609000034, -0.410336996999945 ], [ 37.103764357000045, -0.410593026999948 ], [ 37.103898559000072, -0.410730083999965 ], [ 37.104012773000079, -0.41084325199995 ], [ 37.10416125200004, -0.411031704999971 ], [ 37.104288032000056, -0.411248774999933 ], [ 37.104396410000049, -0.411538956999948 ], [ 37.10446963000004, -0.41176790999998 ], [ 37.104597169000044, -0.412260458999924 ], [ 37.104565165000054, -0.412703513999929 ], [ 37.104531, -0.413139 ], [ 37.104475862000072, -0.413642378999953 ], [ 37.104328290000069, -0.415051208999955 ], [ 37.104315084000064, -0.415245402999972 ], [ 37.104253, -0.41573 ], [ 37.104275711000071, -0.415801405999957 ], [ 37.10427562700005, -0.415918584999929 ], [ 37.104229946000032, -0.416065267999954 ], [ 37.104031, -0.416635 ], [ 37.103983350000078, -0.416755601999967 ], [ 37.10391, -0.416971 ], [ 37.103824513000063, -0.417200428999934 ], [ 37.103713034000066, -0.417520785999955 ], [ 37.103657462000058, -0.417736954999953 ], [ 37.103608931000053, -0.418091844999935 ], [ 37.103584539000053, -0.418307426999945 ], [ 37.103586, -0.418395 ], [ 37.103574, -0.4186 ], [ 37.103552, -0.418827 ], [ 37.103393, -0.419493 ], [ 37.103279, -0.419836 ], [ 37.103218, -0.419984 ], [ 37.102906276000056, -0.420615132999956 ], [ 37.102673, -0.420992 ], [ 37.102512578000074, -0.421256767999978 ], [ 37.102362367000069, -0.421436703999973 ], [ 37.101579, -0.421886 ], [ 37.101721, -0.422076 ], [ 37.101766, -0.422611 ], [ 37.101902, -0.423006 ], [ 37.101978606000046, -0.423147793999931 ], [ 37.10213660200003, -0.423336246999952 ], [ 37.102274968000074, -0.423474136999971 ], [ 37.102550860000065, -0.42377578299994 ], [ 37.102708981000035, -0.423997618999977 ], [ 37.102763114000027, -0.42409220199994 ], [ 37.10289554700006, -0.424435475999928 ], [ 37.102935625000043, -0.42460676099995 ], [ 37.102944548000039, -0.424913115999971 ], [ 37.102828549000037, -0.425249214999951 ], [ 37.102604047000057, -0.425724749999972 ], [ 37.102125, -0.426099 ], [ 37.102048, -0.426118 ], [ 37.102015674000029, -0.426132388999974 ], [ 37.10145135700003, -0.425927360999935 ], [ 37.101094108000041, -0.425790706999976 ], [ 37.09986366000004, -0.426380317999929 ], [ 37.099383, -0.426406 ], [ 37.099322, -0.426437 ], [ 37.098991005000073, -0.426554968999938 ], [ 37.098907689000043, -0.426574581999944 ], [ 37.098463615000071, -0.426761917999954 ], [ 37.098202603000061, -0.426883873999941 ], [ 37.098045610000042, -0.426939948999973 ], [ 37.097658115000058, -0.426936344999945 ], [ 37.097425, -0.426903 ], [ 37.097318352000059, -0.42693664899997 ], [ 37.097664, -0.427176 ], [ 37.097877526000048, -0.427286429999924 ], [ 37.098095, -0.427406 ], [ 37.098817413000063, -0.427756373999955 ], [ 37.099242, -0.42805 ], [ 37.099553, -0.428327 ], [ 37.099656859000049, -0.42841356699995 ], [ 37.09987, -0.428607 ], [ 37.100091, -0.428875 ] ], [ [ 37.123832055712384, -0.355978991419202 ], [ 37.124115, -0.35639933 ], [ 37.124115000057365, -0.356399330039302 ], [ 37.124115000076024, -0.356399330052178 ], [ 37.124115000085247, -0.356399330058285 ], [ 37.124115000104766, -0.356399330071626 ], [ 37.124115000112532, -0.356399330077003 ], [ 37.124115000123552, -0.356399330084503 ], [ 37.124115000129791, -0.356399330088619 ], [ 37.124115000148507, -0.356399330101628 ], [ 37.12411500016497, -0.356399330112713 ], [ 37.124115000194571, -0.356399330133024 ], [ 37.124115000227036, -0.356399330155591 ], [ 37.124115000253589, -0.356399330174309 ], [ 37.124115000295738, -0.356399330203448 ], [ 37.124115000326867, -0.356399330225286 ], [ 37.1241150021336, -0.356399331483832 ], [ 37.124115002737888, -0.356399331902263 ], [ 37.124115003434568, -0.356399332372733 ], [ 37.124115003937959, -0.356399332716824 ], [ 37.124115004228948, -0.356399332921791 ], [ 37.124115004755708, -0.356399333279688 ], [ 37.12411500507325, -0.356399333494214 ], [ 37.124115005653103, -0.356399333889281 ], [ 37.124115006587665, -0.356399334530733 ], [ 37.124115007254609, -0.356399334986335 ], [ 37.124115007961912, -0.356399335469549 ], [ 37.124115008544955, -0.356399335869926 ], [ 37.124115008622475, -0.356399335923026 ], [ 37.124115009142855, -0.356399336279861 ], [ 37.124115009613327, -0.356399336599526 ], [ 37.124115010184696, -0.356399336992469 ], [ 37.124115010621182, -0.356399337289831 ], [ 37.12411501106935, -0.356399337599937 ], [ 37.124115011316803, -0.356399337766673 ], [ 37.124115011739484, -0.356399338055539 ], [ 37.124115012270487, -0.356399338419808 ], [ 37.124115012706973, -0.35639933871717 ], [ 37.124115013167888, -0.356399339032587 ], [ 37.124115013483305, -0.356399339249236 ], [ 37.124115027620753, -0.356399349444516 ], [ 37.124115068401871, -0.356399377311613 ], [ 37.124115081451826, -0.356399386419396 ], [ 37.124115125087627, -0.35639941673336 ], [ 37.124115162130465, -0.356399442289527 ], [ 37.124115171102311, -0.356399448814505 ], [ 37.124115208349068, -0.356399474302704 ], [ 37.124115223166207, -0.35639948463392 ], [ 37.124115244712229, -0.356399499315123 ], [ 37.124115271491831, -0.356399517870531 ], [ 37.124115314651846, -0.356399547436841 ], [ 37.124115343130661, -0.356399567555526 ], [ 37.124115367123558, -0.356399584139847 ], [ 37.124115380989132, -0.356399593927316 ], [ 37.124115402807035, -0.356399609288203 ], [ 37.12411541279841, -0.356399616085056 ], [ 37.124115443656123, -0.356399637223269 ], [ 37.124115455142807, -0.356399645175587 ], [ 37.124115466901358, -0.35639965333181 ], [ 37.12411548144663, -0.356399663323184 ], [ 37.124115491777843, -0.356399670663785 ], [ 37.124115502992652, -0.356399678140323 ], [ 37.124115533238644, -0.356399699210567 ], [ 37.124115544045644, -0.356399706619137 ], [ 37.124115563484644, -0.356399719940969 ], [ 37.124115574699445, -0.356399727893287 ], [ 37.124115583263482, -0.356399733942486 ], [ 37.124115613713386, -0.35639975501273 ], [ 37.12411562309304, -0.356399761605677 ], [ 37.124115653814819, -0.356399782879827 ], [ 37.124115703499811, -0.356399817135966 ], [ 37.124115733813774, -0.356399838070273 ], [ 37.124115767594127, -0.356399861587384 ], [ 37.124115801170575, -0.356399884764652 ], [ 37.124115824687685, -0.356399901145068 ], [ 37.124115851603221, -0.356399919836414 ], [ 37.124115926776412, -0.356399971900307 ], [ 37.124115967489558, -0.35639999997131 ], [ 37.124116013572227, -0.356400031916518 ], [ 37.124116042934631, -0.356400052375046 ], [ 37.124116101455535, -0.356400092884289 ], [ 37.124116122253902, -0.356400107293617 ], [ 37.124116143052277, -0.356400121634977 ], [ 37.124116206398945, -0.356400165474679 ], [ 37.124116248675371, -0.356400194633178 ], [ 37.124116284902591, -0.356400219985439 ], [ 37.124116307128304, -0.356400235414295 ], [ 37.124116340704759, -0.356400258523595 ], [ 37.124116363202347, -0.356400274156357 ], [ 37.124116378903075, -0.356400284895385 ], [ 37.124116416013891, -0.356400310723426 ], [ 37.124116445716133, -0.356400331113984 ], [ 37.124116475826192, -0.356400352184228 ], [ 37.124116532715853, -0.356400391334101 ], [ 37.124116545086125, -0.35640040017001 ], [ 37.124116576351646, -0.356400421648065 ], [ 37.124116597557823, -0.356400436397236 ], [ 37.124116611287469, -0.356400445844862 ], [ 37.124116645203763, -0.356400469429941 ], [ 37.124116679120057, -0.356400492947053 ], [ 37.124116703860601, -0.356400510007153 ], [ 37.124116759662769, -0.356400548681247 ], [ 37.124116798540769, -0.356400575664753 ], [ 37.124116833408628, -0.356400599725612 ], [ 37.124116886967826, -0.356400636904398 ], [ 37.124116892133436, -0.356400640574698 ], [ 37.124116931691127, -0.356400668101953 ], [ 37.124116966830854, -0.356400692298749 ], [ 37.124117019710361, -0.356400728729881 ], [ 37.124117034867346, -0.356400739332971 ], [ 37.124117066812559, -0.356400761286806 ], [ 37.124117091960912, -0.356400778822687 ], [ 37.12411711180772, -0.35640079255233 ], [ 37.124117122818625, -0.356400800368711 ], [ 37.124117150957595, -0.356400819739742 ], [ 37.124117161152874, -0.3564008267405 ], [ 37.124117181679374, -0.356400840945923 ], [ 37.124117207983197, -0.35640085909352 ], [ 37.124117245161976, -0.356400884853593 ], [ 37.124117249172123, -0.356400887572334 ], [ 37.124117286554814, -0.356400913604281 ], [ 37.124117315237534, -0.356400933247186 ], [ 37.12411734833821, -0.356400956492423 ], [ 37.124117364310813, -0.356400967979104 ], [ 37.124117423035621, -0.356401008216473 ], [ 37.124117474283892, -0.35640104349214 ], [ 37.124117522881392, -0.356401077272499 ], [ 37.124117546874281, -0.356401094060726 ], [ 37.124117555166443, -0.356401099770082 ], [ 37.124117579023398, -0.356401116354404 ], [ 37.124117587587435, -0.35640112206376 ], [ 37.124117592345229, -0.356401125258281 ], [ 37.124117630747449, -0.356401152037881 ], [ 37.124117655623927, -0.356401169165951 ], [ 37.124117659702044, -0.356401172020629 ], [ 37.124117690219911, -0.35640119322681 ], [ 37.124117698783948, -0.356401199208041 ], [ 37.124117754857984, -0.356401237882134 ], [ 37.124117761179058, -0.356401242368057 ], [ 37.124117801552359, -0.356401270303122 ], [ 37.124117858645924, -0.356401309928775 ], [ 37.124117866666211, -0.356401315434226 ], [ 37.124117892630196, -0.356401333513855 ], [ 37.124117907855144, -0.356401343845071 ], [ 37.124117910981695, -0.356401346088033 ], [ 37.124117970997901, -0.356401387480867 ], [ 37.124118044471878, -0.356401438525233 ], [ 37.124118115974774, -0.356401488006322 ], [ 37.124118132627061, -0.356401499493003 ], [ 37.124119779028739, -0.356402649452551 ], [ 37.124124007215016, -0.356405620492904 ], [ 37.124128774799537, -0.356408917782197 ], [ 37.124135343278212, -0.356413624466915 ], [ 37.124142929653573, -0.356418844449965 ], [ 37.124152778021596, -0.356425665227818 ], [ 37.124157824005209, -0.356429180016406 ], [ 37.12415997246309, -0.356430479305975 ], [ 37.124167707173122, -0.356442021174711 ], [ 37.124170595563747, -0.356446266760925 ], [ 37.124176824743522, -0.356455245131773 ], [ 37.124178992753706, -0.356458287385837 ], [ 37.12417968268425, -0.356459721267239 ], [ 37.124180143782752, -0.35646064781423 ], [ 37.124180374332006, -0.356461161112563 ], [ 37.124181283479061, -0.356462988106631 ], [ 37.124185803114372, -0.356472375376151 ], [ 37.124268, -0.35664234 ], [ 37.12423, -0.356811 ], [ 37.124226, -0.35682267 ], [ 37.123676, -0.35768616 ], [ 37.123558, -0.35782567 ], [ 37.123447, -0.35788184 ], [ 37.123238376190663, -0.358156794306846 ], [ 37.123044610419818, -0.358698002149546 ], [ 37.122924342010329, -0.35895635651067 ], [ 37.12229, -0.36003783 ], [ 37.122208, -0.3603845 ], [ 37.12224, -0.36055782 ], [ 37.12227, -0.36065084 ], [ 37.12277, -0.36212033 ], [ 37.122784, -0.3623205 ], [ 37.12206, -0.36425915 ], [ 37.121513, -0.364618 ], [ 37.12135, -0.3647135 ], [ 37.12095, -0.36498934 ], [ 37.12078, -0.36516732 ], [ 37.120735, -0.36522534 ], [ 37.120724, -0.36524 ], [ 37.120625, -0.3653755 ], [ 37.12033, -0.36566016 ], [ 37.12018, -0.36568433 ], [ 37.120148, -0.36568233 ], [ 37.11972, -0.3656895 ], [ 37.119568, -0.36588666 ], [ 37.119545, -0.36601415 ], [ 37.11955, -0.366243 ], [ 37.119553, -0.366302 ], [ 37.11978, -0.36744267 ], [ 37.119656, -0.36768118 ], [ 37.119602, -0.36787218 ], [ 37.119360833581048, -0.368290521402659 ], [ 37.11776, -0.369212 ], [ 37.116856, -0.36932233 ], [ 37.11512, -0.37110284 ], [ 37.114807, -0.37141985 ], [ 37.11465, -0.37291184 ], [ 37.114555, -0.37319216 ], [ 37.114197, -0.373447 ], [ 37.113987, -0.37385982 ], [ 37.114143, -0.37495282 ], [ 37.113968, -0.37574434 ], [ 37.113945, -0.3758095 ], [ 37.113884, -0.3760435 ], [ 37.114326, -0.37710318 ], [ 37.114124, -0.37828368 ], [ 37.113094, -0.381711 ], [ 37.112446, -0.383134 ] ] ] } },
{ "type": "Feature", "properties": { "id": "6c5e3c6b-e0b5-41a1-bb7f-ea3047676d20_1", "ObjectID": 201, "lineName": "Hiriga line", "lineType": null, "material": "HDPE", "intake": "4", "function": "Main Lines", "dma": null, "schemeName": "Rural", "route": "Hiriga", "zone": "013 84", "size": "90mm", "status": "Active", "length": 3252.7514016915957 }, "geometry": { "type": "MultiLineString", "coordinates": [ [ [ 37.0840441, -0.3836048 ], [ 37.0840475, -0.3836572 ], [ 37.0840243, -0.3836888 ], [ 37.0839828, -0.3837424 ], [ 37.0839659, -0.3837663 ], [ 37.0839521, -0.3838297 ], [ 37.0839349, -0.3838511 ], [ 37.0839186, -0.3838977 ], [ 37.0839026, -0.3839321 ], [ 37.0838677, -0.3839946 ], [ 37.0838403, -0.3840588 ], [ 37.0838106, -0.3840923 ], [ 37.0837834, -0.3841752 ], [ 37.0837581, -0.3842396 ], [ 37.0837263, -0.3842924 ], [ 37.0837158, -0.3843248 ], [ 37.083671, -0.3843994 ], [ 37.0836618, -0.3844669 ], [ 37.0836269, -0.3845292 ], [ 37.0835608, -0.3845665 ], [ 37.083530021493083, -0.384569684075046 ], [ 37.083492, -0.3845533 ], [ 37.083392844511962, -0.38453148289043 ], [ 37.083366798249727, -0.384587048249871 ], [ 37.083321651395181, -0.384675605541481 ], [ 37.083279977375604, -0.384752007910712 ], [ 37.083260876783292, -0.384790209095328 ], [ 37.083229621268607, -0.384850983707217 ], [ 37.083187947249023, -0.384943013833792 ], [ 37.083148009646941, -0.385036780377849 ], [ 37.083102862792394, -0.385128810504423 ], [ 37.0830642, -0.3851921 ], [ 37.082979577151136, -0.385252096145684 ], [ 37.082727796616162, -0.385274669572957 ], [ 37.082552418450426, -0.385288560912817 ], [ 37.08237009461476, -0.38531808001002 ], [ 37.082125259749724, -0.385368436117014 ], [ 37.081955090836431, -0.385394482379252 ], [ 37.081725883728737, -0.385410110136595 ], [ 37.08147931244622, -0.385410110136595 ], [ 37.081232741163696, -0.385378854621909 ], [ 37.080956650783975, -0.385349335524706 ], [ 37.080788218288163, -0.385335444184846 ], [ 37.080538174170684, -0.385305925087643 ], [ 37.080230828276264, -0.385271196737992 ], [ 37.079935637304231, -0.385232995553376 ], [ 37.079628291409826, -0.385200003621208 ], [ 37.079407766389537, -0.3851809030289 ], [ 37.079145567349677, -0.385146174679249 ], [ 37.07894587933918, -0.385128810504424 ], [ 37.078779183260856, -0.385111446329598 ], [ 37.078624642104913, -0.385107973494633 ], [ 37.078327402312823, -0.385097603382081 ], [ 37.078178811079397, -0.385100731618574 ], [ 37.078025527491235, -0.385119501037533 ], [ 37.077920731568717, -0.385174245176162 ], [ 37.07778308916302, -0.385241502260763 ], [ 37.07762725821658, -0.385347555280131 ] ] ] } },
{ "type": "Feature", "properties": { "id": "0303e357-f6d4-476a-b60d-4bddd197e5d8", "ObjectID": null, "lineName": "Opposite kianjau 1", "lineType": null, "material": "PVC", "intake": "110", "function": "Laterals", "dma": "N/A", "schemeName": "Rural", "route": "Kianjau", "zone": "012 83", "size": "25mm", "status": "Active", "length": 581.43055253375883 }, "geometry": { "type": "MultiLineString", "coordinates": [ [ [ 37.096724616136193, -0.384778611225711 ], [ 37.0966014, -0.3851009 ], [ 37.0965448, -0.3852486 ], [ 37.0964671, -0.3854483 ], [ 37.0963749, -0.3862445 ], [ 37.0961797, -0.3867585 ], [ 37.0960195, -0.3868021 ], [ 37.0958305, -0.3868059 ], [ 37.0956873, -0.3867898 ], [ 37.0949789, -0.386858 ], [ 37.0945168, -0.3870136 ], [ 37.0942136, -0.3872666 ], [ 37.0941178, -0.3873775 ], [ 37.0939943, -0.3875881 ], [ 37.0938411, -0.3876026 ], [ 37.0937017, -0.3875737 ], [ 37.0935905, -0.3875228 ], [ 37.0934064, -0.3873268 ] ] ] } },
{ "type": "Feature", "properties": { "id": "4b725222-e70f-4590-914e-386d70859cc6", "ObjectID": null, "lineName": "opposite kianjau line 2", "lineType": null, "material": "PVC", "intake": "110", "function": "Laterals", "dma": "N/A", "schemeName": "Rural", "route": "Kianjau ", "zone": "012 83", "size": "25mm", "status": "Active", "length": 461.93340340409947 }, "geometry": { "type": "MultiLineString", "coordinates": [ [ [ 37.0990813, -0.3846174 ], [ 37.0990617, -0.3847375 ], [ 37.0989167, -0.3849474 ], [ 37.0987513, -0.3852614 ], [ 37.0985668, -0.3857979 ], [ 37.098453, -0.3863399 ], [ 37.0982246, -0.3867092 ], [ 37.0981677, -0.3868099 ], [ 37.0980791, -0.3870276 ], [ 37.0983449, -0.3872841 ], [ 37.0985526, -0.3874109 ], [ 37.0987376, -0.3875 ], [ 37.0990259, -0.3871835 ], [ 37.0991233, -0.3870055 ], [ 37.0991713, -0.3869385 ] ] ] } },
{ "type": "Feature", "properties": { "id": "47776b86-c0a6-4d62-80b6-2760f13f801d", "ObjectID": null, "lineName": "Opposite kianjau line 3", "lineType": null, "material": "PVC", "intake": "110", "function": "Laterals", "dma": "N/A", "schemeName": "Rural", "route": "Kianjau ", "zone": "012 83", "size": "25mm", "status": "Active", "length": 276.52119362295252 }, "geometry": { "type": "MultiLineString", "coordinates": [ [ [ 37.1000713, -0.3866157 ], [ 37.1001897, -0.3866096 ], [ 37.1004056, -0.386546 ], [ 37.1005758, -0.38638 ], [ 37.1006925, -0.3862239 ], [ 37.1007616, -0.3861415 ], [ 37.1008704, -0.3857131 ], [ 37.1006843, -0.3853516 ], [ 37.1005898, -0.3851074 ], [ 37.1005256, -0.3848747 ], [ 37.100561, -0.3846169 ] ] ] } },
{ "type": "Feature", "properties": { "id": "8f085646-a3f8-4d55-b81a-74560f854142", "ObjectID": 250, "lineName": "kiamariga lower2", "lineType": null, "material": "HDPE", "intake": "1.5", "function": "Service Lines", "dma": "Kiamariga Lower", "schemeName": "Rural", "route": "Kiamariga lower", "zone": "012 83", "size": "32mm", "status": "Active", "length": 202.81205212321592 }, "geometry": { "type": "MultiLineString", "coordinates": [ [ [ 37.078781436512926, -0.386914277846592 ], [ 37.078795513577148, -0.386860315767092 ], [ 37.07872043590131, -0.386552966531677 ], [ 37.078687589418138, -0.386393426470546 ], [ 37.078650050580229, -0.38625734818311 ], [ 37.0785703, -0.38623 ], [ 37.0783126, -0.3862682 ], [ 37.0780231, -0.386346 ], [ 37.0780205, -0.3865123 ], [ 37.0780647, -0.386642 ], [ 37.0781234, -0.3868389 ] ] ] } },
{ "type": "Feature", "properties": { "id": "43d971fa-3b1f-4f6b-83eb-529ce0ea5b85", "ObjectID": null, "lineName": "Kianjau pry", "lineType": null, "material": "PVC", "intake": "90", "function": "Service Lines", "dma": "N/A", "schemeName": "Rural", "route": "Kianjau ", "zone": "012 83", "size": "32mm", "status": "Active", "length": 575.2024685254238 }, "geometry": { "type": "MultiLineString", "coordinates": [ [ [ 37.099964042809447, -0.382582613743567 ], [ 37.100074620484996, -0.382576956407218 ], [ 37.100185198160553, -0.382705017929112 ], [ 37.100258230857897, -0.382853137277351 ], [ 37.100349778886965, -0.383001256623032 ], [ 37.100422811584309, -0.383122632196057 ], [ 37.100500987429356, -0.383266637110975 ], [ 37.100553447535901, -0.383392127106286 ], [ 37.10058533505164, -0.383504245215296 ], [ 37.100599735865195, -0.383781968965233 ], [ 37.10059562134704, -0.384041177790372 ], [ 37.100606936271987, -0.384382675119428 ], [ 37.100561162257449, -0.384617711676824 ], [ 37.100279559852929, -0.38469117968533 ], [ 37.099763187819995, -0.384670607558051 ], [ 37.099600664351463, -0.384643863792514 ], [ 37.099090464095823, -0.38457597577193 ], [ 37.098713985681385, -0.384514259389112 ], [ 37.098008345811678, -0.384466943495316 ], [ 37.097699756947378, -0.384473115133652 ] ] ] } },
{ "type": "Feature", "properties": { "id": "e0478bc1-3535-4508-816d-c7d4479603cf", "ObjectID": null, "lineName": "next kianjau primary ", "lineType": null, "material": "PVC", "intake": "90", "function": "Service Lines", "dma": "N/A", "schemeName": "Rural", "route": "Kianjau ", "zone": "012 83", "size": "32mm", "status": "Active", "length": 451.69797693315593 }, "geometry": { "type": "MultiLineString", "coordinates": [ [ [ 37.097262589389629, -0.383532968842409 ], [ 37.0974718, -0.3838364 ], [ 37.09755266292207, -0.383976298233327 ], [ 37.0977097, -0.3842874 ], [ 37.097598951251705, -0.384439171122748 ], [ 37.097428198746798, -0.384467972101705 ], [ 37.097222472837259, -0.38450705914442 ], [ 37.097045548555059, -0.38459757650581 ], [ 37.096845994422814, -0.384702494355312 ], [ 37.096650554808754, -0.384823869905086 ], [ 37.096306992539844, -0.385009019045483 ], [ 37.095994289157346, -0.385113936889923 ], [ 37.095574608301895, -0.385109822464676 ], [ 37.095047949973484, -0.384998732982233 ], [ 37.094813422436623, -0.384838270393928 ] ] ] } },
{ "type": "Feature", "properties": { "id": "71c0f341-3d4e-4a28-9ed0-fe31e821554a", "ObjectID": null, "lineName": "Githambiro line", "lineType": null, "material": "PVC", "intake": "90 mm Kiamariga Line", "function": "Service Lines", "dma": "N/A", "schemeName": "Rural", "route": "Githambiro ", "zone": "012 83", "size": "63mm", "status": "Active", "length": 1896.6206877232623 }, "geometry": { "type": "MultiLineString", "coordinates": [ [ [ 37.085106759710023, -0.380924422356496 ], [ 37.086147475654876, -0.380316515707689 ], [ 37.086403604412261, -0.380416290575153 ], [ 37.08725530967773, -0.380399832865135 ], [ 37.087547440469272, -0.380399832865135 ], [ 37.088016495543009, -0.380379260727569 ], [ 37.08870362008085, -0.37996781796595 ], [ 37.089032781536112, -0.379753867722164 ], [ 37.0893211, -0.3795581 ], [ 37.0899734, -0.3791426 ], [ 37.0902054, -0.3790191 ], [ 37.090671000100507, -0.378671756629725 ], [ 37.091131185813346, -0.378091638724898 ], [ 37.091275193950018, -0.37770899685616 ], [ 37.091666073178132, -0.376902568776578 ], [ 37.0920318, -0.3760673 ], [ 37.0921145, -0.3758634 ], [ 37.0922597, -0.3754059 ], [ 37.092649960080841, -0.374895659543117 ], [ 37.093158835504354, -0.374677574741695 ], [ 37.093926187333466, -0.374847196254382 ], [ 37.094867202997591, -0.375683187947453 ], [ 37.095473007073203, -0.376608028906018 ], [ 37.09575167694797, -0.377181511021902 ], [ 37.096272668453018, -0.377787301950994 ], [ 37.097048097669791, -0.378389054230799 ], [ 37.097420630098142, -0.378568362986894 ] ] ] } },
{ "type": "Feature", "properties": { "id": "8a110b5a-bce4-44ca-8fb4-913e8ce90666", "ObjectID": 151, "lineName": "King'ukiro line", "lineType": null, "material": "HDPE", "intake": null, "function": "Service Lines", "dma": "--Select--", "schemeName": "Rural", "route": "King'ukiro", "zone": "013 84", "size": "63mm", "status": "Active", "length": 1281.0611012602219 }, "geometry": { "type": "MultiLineString", "coordinates": [ [ [ 37.091199603674461, -0.399416423415113 ], [ 37.091286964726564, -0.399365146275834 ], [ 37.091418006304721, -0.399230306391065 ], [ 37.09147118259731, -0.399199919938159 ], [ 37.09160222417546, -0.399068878360002 ], [ 37.091756055593301, -0.398930240168619 ], [ 37.091864307331775, -0.398846677423128 ], [ 37.092099802341785, -0.398683350238759 ], [ 37.092346692271647, -0.398512426441164 ], [ 37.092483431309731, -0.398444056922126 ], [ 37.092737917852816, -0.39830731788405 ], [ 37.092960118789691, -0.398212360218719 ], [ 37.093182319726566, -0.398092713560402 ], [ 37.093301966384878, -0.398045234727737 ], [ 37.093482385949009, -0.397959772828939 ], [ 37.093765359791689, -0.397997755895071 ], [ 37.094067325167444, -0.398068024567416 ], [ 37.094209761665439, -0.398081318640563 ], [ 37.094506029581268, -0.398113604246775 ], [ 37.0947715, -0.398122383912826 ], [ 37.0949145, -0.398079183912826 ], [ 37.095180229005116, -0.397872411776835 ], [ 37.095400530788687, -0.3976900930594 ], [ 37.095506883373858, -0.397572345554389 ], [ 37.095685403784692, -0.397390026836955 ], [ 37.095882915728581, -0.397203909812906 ], [ 37.096091822592307, -0.397008297022325 ], [ 37.09621336840393, -0.396882952904088 ], [ 37.096395687121365, -0.39670253333996 ], [ 37.096549518539199, -0.396527811235751 ], [ 37.096741333023182, -0.396299912838957 ], [ 37.096927450047232, -0.396094804281843 ], [ 37.09701860940595, -0.396007443229739 ], [ 37.097174339977087, -0.395718771927133 ], [ 37.09738324684082, -0.395395915865008 ], [ 37.097516187572282, -0.395266773440159 ], [ 37.097725094436015, -0.395050269963204 ], [ 37.097892219926997, -0.394848959712703 ], [ 37.098082135257656, -0.394567885023324 ], [ 37.098211277682502, -0.39433998662653 ], [ 37.098279647201544, -0.394184256055388 ], [ 37.098321428574287, -0.394096895003284 ], [ 37.098355613333808, -0.394043718710698 ], [ 37.098384100633403, -0.393958256811901 ], [ 37.098348, -0.3939194 ], [ 37.0983142, -0.3938549 ], [ 37.09802, -0.3937087 ], [ 37.0977067, -0.3935783 ], [ 37.0974516, -0.393484 ], [ 37.097482002812761, -0.393306847227732 ], [ 37.097432624826787, -0.393297351461199 ], [ 37.097316776475083, -0.393242276015307 ], [ 37.0971496509841, -0.393190998876028 ], [ 37.097104071304742, -0.393168209036349 ], [ 37.097292087482089, -0.392980192858994 ] ] ] } },
{ "type": "Feature", "properties": { "id": "546606de-d27a-4957-afe9-a4c86d7a94fe", "ObjectID": 48, "lineName": "Kiahuru", "lineType": "Service Line", "material": "HDPE", "intake": "4", "function": "Service Lines", "dma": "N/A", "schemeName": "Rural", "route": "Kiahuru", "zone": "012 83", "size": "32mm", "status": "Active", "length": 1284.0465304345416 }, "geometry": { "type": "MultiLineString", "coordinates": [ [ [ 37.093694223354269, -0.369543218644724 ], [ 37.093690947369424, -0.369544640268963 ], [ 37.092673600990722, -0.370029753669947 ], [ 37.091920011080575, -0.370298214472684 ], [ 37.089098758854455, -0.371037659097819 ], [ 37.087793517580394, -0.371460955794114 ], [ 37.085626946588718, -0.37287390706737 ], [ 37.082999758483005, -0.373651324535853 ] ] ] } },
{ "type": "Feature", "properties": { "id": "7303d0fa-f8f8-47f2-9f8c-5cd62fc9c7e8", "ObjectID": 153, "lineName": "Kabiruini Village", "lineType": null, "material": "HDPE", "intake": null, "function": "Service Lines", "dma": null, "schemeName": "Rural", "route": "Kabiruini Village", "zone": "013 84", "size": "32mm", "status": "Active", "length": 1274.5015959418015 }, "geometry": { "type": "MultiLineString", "coordinates": [ [ [ 37.097099306194757, -0.39316960592153 ], [ 37.097107213678477, -0.393172175853739 ], [ 37.097119865652424, -0.393175931908504 ], [ 37.097181544025418, -0.393199654359657 ], [ 37.097278015326772, -0.393223376810809 ], [ 37.097395046085794, -0.393281892190318 ], [ 37.097482819155054, -0.393307196138214 ], [ 37.097452770716927, -0.393481160779997 ], [ 37.097495471129001, -0.393495394250689 ], [ 37.097568219979202, -0.393527024185558 ], [ 37.097614083384762, -0.393539676159506 ], [ 37.097643341074502, -0.393626658480398 ], [ 37.097632270597295, -0.393655125421781 ], [ 37.097519984328514, -0.393727874271981 ], [ 37.097257455869098, -0.393863882991921 ], [ 37.09708981721429, -0.393961935790017 ], [ 37.0968762, -0.3939987 ], [ 37.0967292, -0.3940768 ], [ 37.0964722, -0.3942104 ], [ 37.0962921, -0.3942907 ], [ 37.096107, -0.3943802 ], [ 37.0960021, -0.3944337 ], [ 37.0960006, -0.3944354 ], [ 37.0957336, -0.3945327 ], [ 37.0955914, -0.3945476 ], [ 37.0953872, -0.3945523 ], [ 37.0952426, -0.3945626 ], [ 37.0950768, -0.3945595 ], [ 37.095059, -0.3945668 ], [ 37.0950354, -0.3945711 ], [ 37.0949352, -0.3945767 ], [ 37.0947799, -0.3945762 ], [ 37.0946385, -0.3945894 ], [ 37.0944355, -0.3945987 ], [ 37.0942993, -0.3946083 ], [ 37.0941424, -0.3946123 ], [ 37.0939578, -0.3946011 ], [ 37.0937857, -0.3945926 ], [ 37.0936337, -0.3945884 ], [ 37.093455, -0.3945712 ], [ 37.0933453, -0.3946242 ], [ 37.093313, -0.394713 ], [ 37.0932933, -0.3948282 ], [ 37.0932814, -0.3949252 ], [ 37.0932669, -0.3950167 ], [ 37.0932453, -0.395123 ], [ 37.0932331, -0.3952189 ], [ 37.0932374, -0.3953515 ], [ 37.0932474, -0.3954462 ], [ 37.0932592, -0.3955529 ], [ 37.093249152372728, -0.395620925873936 ], [ 37.093222266928088, -0.395670743021355 ], [ 37.092909130572878, -0.395699209962738 ], [ 37.092782610833396, -0.395708698943199 ], [ 37.092621298165561, -0.395748236361786 ], [ 37.092436263046572, -0.395751399355273 ], [ 37.092339791745211, -0.395767214322708 ], [ 37.092222760986196, -0.395771958812939 ], [ 37.092142104652275, -0.395792518270604 ], [ 37.091748311963144, -0.395820985211987 ], [ 37.091501598471162, -0.395846289159883 ], [ 37.091351356280533, -0.39585894113383 ], [ 37.091280188927072, -0.395863685624061 ], [ 37.0913246, -0.3959571 ], [ 37.0913555, -0.3960146 ], [ 37.0913787, -0.3960545 ], [ 37.0914396, -0.396196 ], [ 37.0914868, -0.3962964 ], [ 37.0915114, -0.3963498 ], [ 37.091561695347409, -0.396499447314943 ], [ 37.091531646909282, -0.396535821740043 ], [ 37.091482, -0.3965486 ], [ 37.0913713, -0.3965819 ], [ 37.0913387, -0.3966036 ], [ 37.0911975, -0.3966437 ], [ 37.0911252, -0.3966648 ], [ 37.0909644, -0.3966921 ], [ 37.0907505, -0.3967064 ], [ 37.0906029, -0.3967337 ], [ 37.0905368, -0.3967382 ], [ 37.0903935, -0.3967577 ], [ 37.0902214, -0.3967686 ], [ 37.089969, -0.3967836 ], [ 37.089593, -0.396787 ], [ 37.089372, -0.3967844 ], [ 37.0892515, -0.3967888 ] ] ] } },
{ "type": "Feature", "properties": { "id": "0559b6ff-a2fc-4039-9697-4fec514fa308", "ObjectID": 18, "lineName": "4' Kabiruini", "lineType": null, "material": "PVC", "intake": "110mm- Nyana Tank", "function": "Main Lines", "dma": null, "schemeName": "Rural", "route": null, "zone": null, "size": "110mm", "status": null, "length": 4034.5309448745379 }, "geometry": { "type": "MultiLineString", "coordinates": [ [ [ 37.105050649819106, -0.373686604576572 ], [ 37.105036, -0.373719 ], [ 37.104995, -0.373716 ], [ 37.104968, -0.373712 ], [ 37.104909817000078, -0.373668117999955 ], [ 37.104523154000049, -0.373883458999956 ], [ 37.10386524900008, -0.374282570999981 ], [ 37.103655322880861, -0.374391948272417 ], [ 37.103483070284177, -0.374496530206118 ], [ 37.103435905882705, -0.374720048456577 ], [ 37.103388741481226, -0.374914857940923 ], [ 37.103374387098171, -0.374984579230057 ], [ 37.103316969565945, -0.375199894975912 ], [ 37.103238, -0.375389 ], [ 37.102791692000039, -0.375899385999958 ], [ 37.102359, -0.376427 ], [ 37.102331573805913, -0.376451338443329 ], [ 37.101926520000063, -0.376822140999934 ], [ 37.101627660000077, -0.377109579999967 ], [ 37.101619764000077, -0.377117093999971 ], [ 37.101192456000035, -0.377523724999946 ], [ 37.100814717000048, -0.377886592999971 ], [ 37.100721599000053, -0.377995491999968 ], [ 37.100507263000054, -0.378246150999928 ], [ 37.10010623200003, -0.378734275999932 ], [ 37.099900409000043, -0.379005534999976 ], [ 37.099818536000043, -0.379110441999956 ], [ 37.09977570500007, -0.379219896999928 ], [ 37.099728116000051, -0.379567298999973 ], [ 37.09972097800005, -0.380074123999975 ], [ 37.099725737000028, -0.380378694999933 ], [ 37.099915180000039, -0.381095211999934 ], [ 37.099943734000078, -0.381437853999955 ], [ 37.099961, -0.382306 ], [ 37.099963528494676, -0.38258415665348 ], [ 37.099698142073336, -0.38269421755987 ], [ 37.099495502053941, -0.382765191414643 ], [ 37.099249659593873, -0.382847479941181 ], [ 37.099091250644697, -0.382900967483007 ], [ 37.098657168978797, -0.383049086827862 ], [ 37.098420584184581, -0.383131375351675 ], [ 37.098299205898854, -0.38317457682636 ], [ 37.097994731554998, -0.383281551905596 ], [ 37.097881582305597, -0.383318581740405 ], [ 37.097270062044032, -0.3835309889842 ], [ 37.096885354596033, -0.383648250123796 ], [ 37.095844381501493, -0.383989747468548 ], [ 37.094878447472269, -0.384230525745993 ], [ 37.094556223057964, -0.384269192675709 ], [ 37.094337110456237, -0.384307859605425 ], [ 37.094147, -0.384336 ], [ 37.093843, -0.384393 ], [ 37.093589549815057, -0.384443193859433 ], [ 37.093123, -0.384633 ], [ 37.092900795129481, -0.384747695930949 ], [ 37.092685, -0.384872 ], [ 37.092561653933423, -0.385032864537608 ], [ 37.092455319876706, -0.385210087965475 ], [ 37.092368319284844, -0.385435645055487 ], [ 37.092236207274979, -0.385870648014797 ], [ 37.092162095659695, -0.386212205893958 ], [ 37.092096845215792, -0.386714070419236 ], [ 37.092008233501858, -0.387173240209618 ], [ 37.091914788421732, -0.387790299963009 ], [ 37.091856788027158, -0.388296192293465 ], [ 37.091860010271297, -0.388570083045623 ], [ 37.091940566374873, -0.388953530098644 ], [ 37.092079122873024, -0.389336977151665 ], [ 37.092002, -0.389471 ], [ 37.092115307000029, -0.38983497199996 ], [ 37.092110905000027, -0.390107657999977 ], [ 37.091987173000064, -0.390264702999957 ], [ 37.09187260200008, -0.390363212999944 ], [ 37.091501763000053, -0.390666831999965 ], [ 37.091332821000037, -0.39086670599994 ], [ 37.091204330000039, -0.391161759999932 ], [ 37.091111531000024, -0.391551990999972 ], [ 37.091080598000076, -0.391704276999974 ], [ 37.091008858000066, -0.391862272999958 ], [ 37.090812909000078, -0.392062385999964 ], [ 37.090572, -0.392241 ], [ 37.089489, -0.392769 ], [ 37.0886, -0.393185 ], [ 37.088174920000029, -0.393311364999931 ], [ 37.087424, -0.393438 ], [ 37.086461, -0.393681 ], [ 37.08553, -0.394113 ], [ 37.08504688000005, -0.394396636999943 ], [ 37.084484375000045, -0.39470334899994 ], [ 37.084313054000063, -0.394938915999944 ], [ 37.084256, -0.395055 ], [ 37.083976717000041, -0.395888558999957 ], [ 37.083851, -0.396207 ], [ 37.083756617000063, -0.396374563999927 ], [ 37.083587676000036, -0.396505433999948 ], [ 37.083294, -0.396746 ] ] ] } },
{ "type": "Feature", "properties": { "id": "a387a8c2-dbc5-4056-a998-f9f7eebf3180", "ObjectID": 154, "lineName": "Kabiruini Village", "lineType": null, "material": "HDPE", "intake": null, "function": "Service Lines", "dma": null, "schemeName": "Rural", "route": "Kabiruini Village", "zone": "013 84", "size": "32mm", "status": "Active", "length": 201.16837514569562 }, "geometry": { "type": "MultiLineString", "coordinates": [ [ [ 37.089856051109564, -0.396784314415863 ], [ 37.089857, -0.3967892 ], [ 37.0898545, -0.3967953 ], [ 37.0899118, -0.3970253 ], [ 37.0899401, -0.3971107 ], [ 37.0899547, -0.3972565 ], [ 37.089995, -0.3973939 ], [ 37.0900052, -0.3975627 ], [ 37.0900247, -0.3976561 ], [ 37.0900841, -0.3977903 ], [ 37.0901452, -0.3979382 ], [ 37.0902166, -0.3981 ], [ 37.090276, -0.3982306 ], [ 37.090344, -0.398396 ], [ 37.090389, -0.3985065 ] ] ] } },
{ "type": "Feature", "properties": { "id": "f12b7435-304b-4ef9-9ac3-e611a1217974", "ObjectID": 274, "lineName": "behind dunjos", "lineType": null, "material": "PVC", "intake": "3", "function": "Service Lines", "dma": null, "schemeName": "Rural", "route": "Behind dunjos", "zone": "012 83", "size": "32mm", "status": "Active", "length": 362.8844295837601 }, "geometry": { "type": "MultiLineString", "coordinates": [ [ [ 37.087828222408881, -0.383693899112518 ], [ 37.087748405103021, -0.384402277702059 ], [ 37.087711822171165, -0.384718221204436 ], [ 37.087592096212369, -0.385143913502376 ], [ 37.0874451, -0.3856123 ], [ 37.087355970015857, -0.385962040887479 ], [ 37.087296107036458, -0.386204818526148 ], [ 37.087269501267841, -0.386474201933438 ], [ 37.087319387084001, -0.386906545673533 ] ] ] } },
{ "type": "Feature", "properties": { "id": "66c0fb00-99d7-427f-a5b0-a2e12da4a04f", "ObjectID": 253, "lineName": "kiamariga police", "lineType": null, "material": "PVC", "intake": "3", "function": "Service Lines", "dma": null, "schemeName": "Rural", "route": "Kiamariga police", "zone": "012 83", "size": "32mm", "status": "Active", "length": 587.0497823733524 }, "geometry": { "type": "MultiLineString", "coordinates": [ [ [ 37.077740857970369, -0.385244630497256 ], [ 37.078017706900006, -0.385103859855068 ], [ 37.078206965207833, -0.385088218672602 ], [ 37.078640225962125, -0.385092911027342 ], [ 37.0788671, -0.3851057 ], [ 37.07938943860222, -0.38516173223019 ], [ 37.079902469387086, -0.385208655777586 ], [ 37.080356063678586, -0.385268092270954 ], [ 37.080768990895663, -0.385321272291337 ], [ 37.081275765207543, -0.385368195838733 ], [ 37.081557306491923, -0.385399478203663 ], [ 37.081813821884353, -0.385390093494184 ], [ 37.082361263270641, -0.385305631108871 ], [ 37.082668612506083, -0.385272784625694 ], [ 37.082950935849581, -0.385250886970242 ], [ 37.082950691456112, -0.385254943901945 ] ] ] } },
{ "type": "Feature", "properties": { "id": "245102fa-7d58-4fb8-ab93-7aa9d994fd4e", "ObjectID": 273, "lineName": "Dujo's", "lineType": null, "material": "PVC", "intake": "3", "function": "Service Lines", "dma": null, "schemeName": "Rural", "route": "Dunjos", "zone": "012 83", "size": "50mm", "status": "Active", "length": 989.33646618191858 }, "geometry": { "type": "MultiLineString", "coordinates": [ [ [ 37.087189683961974, -0.387106088938192 ], [ 37.087296107036458, -0.387072831727416 ], [ 37.0875768, -0.3870698 ], [ 37.088340383454842, -0.386753562503961 ], [ 37.088865847385115, -0.386467550491282 ], [ 37.0893906, -0.3861435 ], [ 37.08977709496039, -0.385769149064975 ], [ 37.090142924278929, -0.385170519270997 ], [ 37.090382376196523, -0.384558586592709 ], [ 37.090408981965133, -0.38405972843106 ], [ 37.090515405039618, -0.383600778922344 ], [ 37.090734902630743, -0.383214995277336 ], [ 37.090994308874812, -0.382456730871631 ], [ 37.091160594928695, -0.382057644342312 ], [ 37.091273669445336, -0.381751678003168 ], [ 37.091346835309039, -0.381419105895403 ], [ 37.091193852139469, -0.381133093882724 ], [ 37.090914491568945, -0.380753961679872 ], [ 37.09060519950873, -0.380381480919174 ] ] ] } },
{ "type": "Feature", "properties": { "id": "1ec0af45-31c8-4ac7-903a-05fa9ded60e7", "ObjectID": 275, "lineName": "kiamariga 1", "lineType": null, "material": "HDPE", "intake": "3", "function": "Service Lines", "dma": null, "schemeName": "Rural", "route": "kiamariga upper", "zone": "012 83", "size": "32mm", "status": "Active", "length": 144.80947986416481 }, "geometry": { "type": "MultiLineString", "coordinates": [ [ [ 37.08439853844915, -0.385255035531756 ], [ 37.0842582, -0.3853291 ], [ 37.084162, -0.3853464 ], [ 37.083927261598994, -0.385478387050151 ], [ 37.083702880810925, -0.385595723792534 ], [ 37.08357525137184, -0.385653362894055 ], [ 37.083476441483519, -0.385702767838217 ], [ 37.083427036539362, -0.385727470310297 ], [ 37.0833308, -0.3858615 ], [ 37.0833387, -0.3859146 ] ] ] } },
{ "type": "Feature", "properties": { "id": "96e1bdfc-c486-4528-afb9-733cb60b21b9", "ObjectID": 38, "lineName": "ngorano", "lineType": null, "material": "HDPE", "intake": "0", "function": "Service Lines", "dma": "N/A", "schemeName": "Rural", "route": "hiriga", "zone": "012 83", "size": "32mm", "status": "Active", "length": 894.89928407113905 }, "geometry": { "type": "MultiLineString", "coordinates": [ [ [ 37.065332836326377, -0.402282345232414 ], [ 37.06533290122556, -0.402282358211932 ], [ 37.065333381479547, -0.402282916331187 ], [ 37.065394451614942, -0.402399978599198 ], [ 37.065648142538635, -0.402505722726536 ], [ 37.06691082112944, -0.402964263097387 ], [ 37.067680564431996, -0.40415439381431 ], [ 37.068891232813961, -0.406175706346482 ], [ 37.07127703078293, -0.40703796119751 ] ] ] } },
{ "type": "Feature", "properties": { "id": "8da45be4-8446-474d-96e1-d5876c88c39a", "ObjectID": 179, "lineName": "3'Kiamariga old line", "lineType": null, "material": "PVC", "intake": null, "function": "Main Lines", "dma": null, "schemeName": "Rural", "route": null, "zone": null, "size": "90mm", "status": null, "length": 988.97249306180947 }, "geometry": { "type": "MultiLineString", "coordinates": [ [ [ 37.102339963000325, -0.376443448065893 ], [ 37.101754442578226, -0.376266866860524 ], [ 37.101091288097656, -0.376056456795575 ], [ 37.100264158876804, -0.375790179230622 ], [ 37.099974300873534, -0.375690778613733 ], [ 37.099936934948211, -0.37568243476633 ], [ 37.099898765000034, -0.375694753999937 ], [ 37.099864742529384, -0.375753176081269 ], [ 37.099805972821585, -0.375917513597514 ], [ 37.099723985451448, -0.375998049863753 ], [ 37.09970004223716, -0.376031425253366 ], [ 37.099702293000064, -0.376077973999941 ], [ 37.099751746000038, -0.376204121999933 ], [ 37.099731603746896, -0.376216803776105 ], [ 37.099768510000047, -0.376331945999937 ], [ 37.099782755159254, -0.37670002137354 ], [ 37.099782755159254, -0.376985888841092 ], [ 37.099787108470935, -0.377350115919038 ], [ 37.099776225191697, -0.377610589068406 ], [ 37.099740458000042, -0.377852848999964 ], [ 37.099309, -0.378496 ], [ 37.099307, -0.378542 ], [ 37.099295570000038, -0.378586150999979 ], [ 37.099081026000079, -0.378583294999942 ], [ 37.098762220997187, -0.378654476933734 ], [ 37.098430643756913, -0.378671164628541 ], [ 37.098213703724433, -0.378676243492178 ], [ 37.097842221126996, -0.378668987972696 ], [ 37.097476, -0.37872 ], [ 37.097437, -0.378733 ], [ 37.096053, -0.378953 ] ] ] } },
{ "type": "Feature", "properties": { "id": "42e86066-6576-4b98-b00b-88fa3b703b72", "ObjectID": 257, "lineName": "Nyana 6 line", "lineType": null, "material": "PVC", "intake": "INTAKE", "function": "Main Lines", "dma": null, "schemeName": "Rural", "route": "Nyana line", "zone": null, "size": "160mm", "status": "Active", "length": 8080.0309832059793 }, "geometry": { "type": "MultiLineString", "coordinates": [ [ [ 37.105050145373681, -0.37368587594867 ], [ 37.105250634407469, -0.373692881986188 ], [ 37.10641614997774, -0.373800184424411 ], [ 37.107516640907832, -0.373892175926307 ], [ 37.108143545957788, -0.373987574520866 ], [ 37.108542175799343, -0.374018238354831 ], [ 37.108750008451771, -0.374021645447494 ], [ 37.108838592861005, -0.373960317779563 ], [ 37.10923381560989, -0.373537838289373 ], [ 37.109860720659853, -0.37307447368723 ], [ 37.110419483856553, -0.372692879308994 ], [ 37.111100902389119, -0.372447568637271 ], [ 37.111945861369499, -0.371997832405779 ], [ 37.112545509678156, -0.371847920328615 ], [ 37.113131529616155, -0.371752521734056 ], [ 37.113458610511792, -0.371711636622102 ], [ 37.11467153549976, -0.372638365826389 ], [ 37.116225169754003, -0.373592351771979 ], [ 37.117421059278627, -0.374304434138508 ], [ 37.118755255471051, -0.373913683198741 ], [ 37.119226818389919, -0.373742263849143 ], [ 37.12037021739323, -0.373600230673762 ], [ 37.122802881554477, -0.373975010866672 ], [ 37.124451914403281, -0.374452003839467 ], [ 37.125978291916226, -0.37363430160039 ], [ 37.126905021120514, -0.372244207793959 ], [ 37.127177588533542, -0.370935884211436 ], [ 37.128731222787785, -0.369791101076729 ], [ 37.129194587389932, -0.36938224995719 ], [ 37.133010531172289, -0.370172695454965 ], [ 37.137616920452423, -0.373116423515641 ], [ 37.140696932219612, -0.375487760008964 ], [ 37.142523133886883, -0.378186177397918 ], [ 37.146230050704034, -0.37810440717401 ], [ 37.1508066, -0.3769433 ], [ 37.1510123, -0.3767228 ], [ 37.152819367913935, -0.374268020835674 ], [ 37.155262253353193, -0.370268094049524 ], [ 37.155940264793095, -0.368724681073266 ], [ 37.156601, -0.3678064 ], [ 37.159361797672894, -0.36454669376863 ], [ 37.160455474417653, -0.36347005248718 ], [ 37.161593443367018, -0.362304826796497 ], [ 37.162724598131078, -0.361940267881576 ] ] ] } },
{ "type": "Feature", "properties": { "id": "a17ac39c-29a6-460d-acfd-bceb4140ca3d", "ObjectID": 209, "lineName": "1'Gichoru B line", "lineType": null, "material": "PVC", "intake": null, "function": "Service Lines", "dma": null, "schemeName": null, "route": "Gichoru B", "zone": null, "size": "32mm", "status": null, "length": 571.60830216549687 }, "geometry": { "type": "MultiLineString", "coordinates": [ [ [ 37.101622, -0.380464 ], [ 37.101637004000054, -0.380509485999937 ], [ 37.101745717000028, -0.38082690899995 ], [ 37.101792823000039, -0.380898993999949 ], [ 37.101815455000065, -0.380945931999975 ], [ 37.102076802000056, -0.381127818999971 ], [ 37.102198759000032, -0.381187330999978 ], [ 37.102558846000079, -0.381391932999975 ], [ 37.102955645000065, -0.381612376999954 ], [ 37.103338027000063, -0.38183407899993 ], [ 37.103503486000079, -0.381916388999969 ], [ 37.103543133000073, -0.381963578999944 ], [ 37.103580851000061, -0.382254682999928 ], [ 37.103540786000053, -0.382604374999971 ], [ 37.103471551000041, -0.383154730999934 ], [ 37.103359234000038, -0.383684131999928 ], [ 37.103314893000061, -0.383973810999976 ], [ 37.10330994800006, -0.384094174999973 ], [ 37.103323862000025, -0.384119068999951 ], [ 37.103554532000032, -0.384234738999965 ], [ 37.103722, -0.384307 ] ] ] } },
{ "type": "Feature", "properties": { "id": "a311df5b-508c-4750-9b5a-01d51d23f81a", "ObjectID": 252, "lineName": "kiamariga lower 4", "lineType": null, "material": "HDPE", "intake": "1.5", "function": "Service Lines", "dma": "Kiamariga Lower", "schemeName": "Rural", "route": "Kiamariga lower", "zone": "012 83", "size": "32mm", "status": "Active", "length": 105.83737318347063 }, "geometry": { "type": "MultiLineString", "coordinates": [ [ [ 37.078557376574125, -0.385711861944684 ], [ 37.0784575, -0.3857279 ], [ 37.0782532, -0.3857694 ], [ 37.077987255473325, -0.385859084574625 ], [ 37.0778559, -0.3859179 ], [ 37.0776516, -0.3859915 ] ] ] } },
{ "type": "Feature", "properties": { "id": "62ee369c-5336-4b82-956b-dd81745b5461", "ObjectID": 150, "lineName": "New Mutiini", "lineType": null, "material": "HDPE", "intake": null, "function": "Laterals", "dma": "--Select--", "schemeName": "Rural", "route": "Mutiini", "zone": "013 84", "size": "25mm", "status": "Active", "length": 411.87180256608497 }, "geometry": { "type": "MultiLineString", "coordinates": [ [ [ 37.088454199524051, -0.398554029768286 ], [ 37.088492538681422, -0.39849432513621 ], [ 37.088501915750875, -0.398479784743706 ], [ 37.0887202, -0.398682 ], [ 37.0889276, -0.3988511 ], [ 37.0891874, -0.3989971 ], [ 37.0894742, -0.3991015 ], [ 37.0897909, -0.3991726 ], [ 37.0901353, -0.3992065 ], [ 37.090205515615473, -0.399226626781532 ], [ 37.090269137251255, -0.399267458577625 ], [ 37.0903561, -0.3993868 ], [ 37.0904696, -0.3996532 ], [ 37.0905714, -0.3999304 ], [ 37.0906221, -0.4000645 ], [ 37.090723, -0.4003218 ], [ 37.0908252, -0.4005712 ], [ 37.0909229, -0.4007621 ] ] ] } },
{ "type": "Feature", "properties": { "id": "834f848d-38e2-41de-93f1-d56743bda956", "ObjectID": 249, "lineName": "kiamariga lower 1", "lineType": null, "material": "HDPE", "intake": "1.5", "function": "Service Lines", "dma": "Kiamariga Lower", "schemeName": "Rural", "route": "kiamariga lower", "zone": "012 83", "size": "32mm", "status": "Active", "length": 91.222980921729686 }, "geometry": { "type": "MultiLineString", "coordinates": [ [ [ 37.077713925809768, -0.387096106592734 ], [ 37.077654684831181, -0.386981730445967 ], [ 37.0776363, -0.3869443 ], [ 37.07749983712479, -0.386613380598944 ], [ 37.07744822122266, -0.386477302311508 ], [ 37.077384874433683, -0.386341224024073 ] ] ] } },
{ "type": "Feature", "properties": { "id": "63749961-dfa0-41d0-b458-5e378148edf5", "ObjectID": 251, "lineName": "kiamariga lower 3", "lineType": null, "material": "HDPE", "intake": "1.5", "function": "Service Lines", "dma": "Kiamariga Lower", "schemeName": "Rural", "route": "Kiamariga lower", "zone": "012 83", "size": "32mm", "status": "Active", "length": 73.291779642698089 }, "geometry": { "type": "MultiLineString", "coordinates": [ [ [ 37.078650637124568, -0.386259107816138 ], [ 37.078651223668906, -0.386244444207578 ], [ 37.078538607155167, -0.385606283963053 ] ] ] } },
{ "type": "Feature", "properties": { "id": "bbbd303f-91c2-4db3-b6e9-7fcfcbff0f3c", "ObjectID": 248, "lineName": "Kiamariga lower", "lineType": null, "material": "HDPE", "intake": "1", "function": "Service Lines", "dma": null, "schemeName": "Rural", "route": "Kiamariga lower", "zone": "012 83", "size": "32mm", "status": "Active", "length": 401.46385679565429 }, "geometry": { "type": "MultiLineString", "coordinates": [ [ [ 37.073771956799327, -0.388921432586265 ], [ 37.074169242833904, -0.38849912065974 ], [ 37.074503964138636, -0.388045526368288 ], [ 37.0748139, -0.3877339 ], [ 37.0751592, -0.3874129 ], [ 37.075678616941666, -0.386947515359326 ], [ 37.076033671783605, -0.386645640537772 ], [ 37.07636839308833, -0.386432920456262 ], [ 37.07636995720658, -0.386429792219769 ] ] ] } },
{ "type": "Feature", "properties": { "id": "fdecad42-2cd5-44fb-b97d-384ad3ab8ce1", "ObjectID": 214, "lineName": "1' Gichoru A line", "lineType": null, "material": "PVC", "intake": null, "function": "Service Lines", "dma": null, "schemeName": null, "route": "Gichoru A", "zone": null, "size": "32mm", "status": null, "length": 509.4008322033456 }, "geometry": { "type": "MultiLineString", "coordinates": [ [ [ 37.103238, -0.375389 ], [ 37.103264, -0.375383 ], [ 37.103306, -0.375444 ], [ 37.103366191000077, -0.375544214999934 ], [ 37.103432911000027, -0.375591068999938 ], [ 37.103552437000076, -0.375732136999943 ], [ 37.103910176000056, -0.376163217999931 ], [ 37.104239585000073, -0.376525818999937 ], [ 37.104411582000068, -0.376801834999981 ], [ 37.104507051000041, -0.376968383999952 ], [ 37.104597995000063, -0.377207854999938 ], [ 37.104688939000027, -0.377496694999934 ], [ 37.104682317000027, -0.37753810199996 ], [ 37.10452549200005, -0.37771906699993 ], [ 37.104326589000038, -0.377882513999964 ], [ 37.104034144000025, -0.378115865999973 ], [ 37.103734659000054, -0.378330107999943 ], [ 37.103533577000064, -0.378448292999963 ], [ 37.103450010000074, -0.378472767999938 ], [ 37.103285808000066, -0.37850545699996 ], [ 37.103074, -0.378525 ] ] ] } },
{ "type": "Feature", "properties": { "id": "335c8dc3-a0dd-4f2e-b47b-7eb9ec5d0aa3", "ObjectID": 256, "lineName": "8 Nyana line", "lineType": null, "material": "PVC", "intake": "12", "function": "Main Lines", "dma": null, "schemeName": "Rural", "route": "Nyana", "zone": null, "size": "225mm", "status": "Active", "length": 6360.9138100111031 }, "geometry": { "type": "MultiLineString", "coordinates": [ [ [ 37.105050047287087, -0.373686219244509 ], [ 37.108221909089018, -0.374023348993826 ], [ 37.108794300656371, -0.374050605735128 ], [ 37.109502975930234, -0.373355558831913 ], [ 37.110388820022571, -0.372728653781954 ], [ 37.110920326477967, -0.37257874170479 ], [ 37.11110430948176, -0.372510599851533 ], [ 37.111513160601305, -0.372285731735787 ], [ 37.111928825906169, -0.37204723524939 ], [ 37.112562545141451, -0.37187858416258 ], [ 37.112945843066022, -0.371856438060272 ], [ 37.113148565079456, -0.371815552948318 ], [ 37.113467128243435, -0.371766150104707 ], [ 37.114341047511445, -0.37246971473958 ], [ 37.1173936, -0.3743758 ], [ 37.1175655, -0.3743224 ], [ 37.117928716085395, -0.374181778802647 ], [ 37.1181982, -0.3740931 ], [ 37.1183499, -0.3740565 ], [ 37.11854199276469, -0.373997795798854 ], [ 37.1187365, -0.3739513 ], [ 37.1189089, -0.3738712 ], [ 37.119006, -0.3738491 ], [ 37.1191489, -0.3738145 ], [ 37.119250668038561, -0.373779741868434 ], [ 37.1193719, -0.3737331 ], [ 37.1195077, -0.373716 ], [ 37.11972425391869, -0.373701378737189 ], [ 37.1198621, -0.3736977 ], [ 37.1201464, -0.3736697 ], [ 37.1204848, -0.3736356 ], [ 37.1206217, -0.3736438 ], [ 37.1210186, -0.3737057 ], [ 37.12131, -0.3737664 ], [ 37.1215016, -0.3737973 ], [ 37.121727, -0.3738414 ], [ 37.122164, -0.3739181 ], [ 37.1223174, -0.3739902 ], [ 37.1228355, -0.3740371 ], [ 37.1229717, -0.3740427 ], [ 37.1233986, -0.3741288 ], [ 37.1236952, -0.3742596 ], [ 37.1239178, -0.3744023 ], [ 37.1245863, -0.3746079 ], [ 37.1253107, -0.3742353 ], [ 37.1256545, -0.3740698 ], [ 37.1263457, -0.3734459 ], [ 37.1266306, -0.3730825 ], [ 37.1267727, -0.3728881 ], [ 37.1270947, -0.3722104 ], [ 37.1270853, -0.3715763 ], [ 37.1272537, -0.3711723 ], [ 37.1275905, -0.3708693 ], [ 37.127793, -0.3706461 ], [ 37.1281098, -0.3704733 ], [ 37.1284718, -0.370235 ], [ 37.1288337, -0.3699283 ], [ 37.1292871, -0.369504 ], [ 37.1327004, -0.3701954 ], [ 37.1332209, -0.3704223 ], [ 37.1335693, -0.3706376 ], [ 37.1340585, -0.3711038 ], [ 37.1353059, -0.3718457 ], [ 37.1367802, -0.3727845 ], [ 37.1376539, -0.3733117 ], [ 37.138738, -0.3739917 ], [ 37.139469, -0.3746646 ], [ 37.1396361, -0.3748114 ], [ 37.1399782, -0.3751034 ], [ 37.140618143201792, -0.375984769651153 ], [ 37.141081507803939, -0.376557161218507 ], [ 37.142308061162552, -0.378383362885779 ], [ 37.1471784, -0.3782157 ], [ 37.148427199584972, -0.377892741542333 ], [ 37.149135874858842, -0.377701944353215 ], [ 37.1497377, -0.3774855 ], [ 37.1507769, -0.3770479 ], [ 37.1510158, -0.3769858 ], [ 37.1519437, -0.3766155 ], [ 37.1534624, -0.3761018 ], [ 37.154229784495776, -0.375824676222868 ] ] ] } },
{ "type": "Feature", "properties": { "id": "bfe3f64d-a808-462e-b98e-908e37200bd6", "ObjectID": 48, "lineName": "Kiahuru", "lineType": null, "material": "HDPE", "intake": "4", "function": "Service Lines", "dma": "Nyana", "schemeName": "Rural", "route": "Kiahuru", "zone": "012 83", "size": "63mm", "status": "Active", "length": 744.55204852082409 }, "geometry": { "type": "MultiLineString", "coordinates": [ [ [ 37.105049753027231, -0.373683914258164 ], [ 37.105013432956248, -0.373664633642882 ], [ 37.104921791999104, -0.373714024237815 ], [ 37.104843298348221, -0.373766789230939 ], [ 37.103429754004253, -0.374451416430796 ], [ 37.103401045238144, -0.374262758824904 ], [ 37.103458462770369, -0.373651672231905 ], [ 37.103446159013465, -0.373364584570765 ], [ 37.103442057761164, -0.373015978125094 ], [ 37.103458462770369, -0.372655067922518 ], [ 37.103565095330225, -0.372261347701525 ], [ 37.103597905348643, -0.371929146265063 ], [ 37.103503576545691, -0.371297553410554 ], [ 37.103351830210521, -0.370998161992508 ], [ 37.103122160081604, -0.370772593115897 ], [ 37.102597438119993, -0.370246406248227 ], [ 37.102569211406355, -0.370030005959357 ] ] ] } },
{ "type": "Feature", "properties": { "id": "7151bbe0-14fc-4c5e-9f73-885eae25f8e2", "ObjectID": 1228, "lineName": "Maria A", "lineType": "Service", "material": "PVC", "intake": "3", "function": "Main Lines", "dma": null, "schemeName": "Rural", "route": "Maria", "zone": "84", "size": "90mm", "status": null, "length": 1167.4110437402076 }, "geometry": { "type": "MultiLineString", "coordinates": [ [ [ 37.086600918225571, -0.393626343075483 ], [ 37.086197444514916, -0.393313445095796 ], [ 37.085785736646912, -0.393025249588189 ], [ 37.085464604509859, -0.392786459024743 ], [ 37.084896447652007, -0.39264647834962 ], [ 37.084254183377915, -0.392621775877539 ], [ 37.083644855733262, -0.39263824419226 ], [ 37.082961420672362, -0.392942908014587 ], [ 37.082228580667305, -0.393362850039957 ], [ 37.081298120885606, -0.39388983611101 ], [ 37.080729964027746, -0.394103924202375 ], [ 37.079815972560766, -0.394169797461256 ], [ 37.079223113230832, -0.394285075664299 ], [ 37.078572614799384, -0.394441524654143 ], [ 37.07797975546945, -0.394803827577991 ], [ 37.077466315410021, -0.395242453419442 ], [ 37.077120314662061, -0.395480803815622 ] ] ] } },
{ "type": "Feature", "properties": { "id": "84f3edd2-88a9-40a3-8483-20d2eb5e8290", "ObjectID": 277, "lineName": "slaughter line", "lineType": null, "material": "HDPE", "intake": "3", "function": "Service Lines", "dma": null, "schemeName": "Rural", "route": "kiamariga upper", "zone": "012 83", "size": "32mm", "status": "Active", "length": 138.44098131416339 }, "geometry": { "type": "MultiLineString", "coordinates": [ [ [ 37.084660101604044, -0.385035543774623 ], [ 37.084597830788994, -0.384833292284463 ], [ 37.084554601462855, -0.38469742868802 ], [ 37.084499020900672, -0.384598618799698 ], [ 37.084437264720471, -0.384458638124574 ], [ 37.084363157304225, -0.384341301382191 ], [ 37.084284932809304, -0.384234257336509 ], [ 37.084206708314383, -0.384096335200726 ], [ 37.084122308201444, -0.383968705761642 ], [ 37.084091430111343, -0.383933710592862 ] ] ] } },
{ "type": "Feature", "properties": { "id": "bc9479c3-8b7e-4994-b7d3-f7651730d88b", "ObjectID": 48, "lineName": "Kiahuru", "lineType": "Service Line", "material": "HDPE", "intake": "1.5''", "function": "Service Lines", "dma": "N/A", "schemeName": "Rural", "route": "Kiahuru", "zone": "012 83", "size": "32mm", "status": "Active", "length": 1470.609177822831 }, "geometry": { "type": "MultiLineString", "coordinates": [ [ [ 37.102569003677388, -0.370030779105773 ], [ 37.102569178498356, -0.370029753669947 ], [ 37.103153210678727, -0.36971890430926 ], [ 37.103143790804843, -0.369163143303948 ], [ 37.102456140011839, -0.368805195519422 ], [ 37.102248902786542, -0.368437828041388 ], [ 37.101956886696364, -0.367288627114932 ], [ 37.100986639687044, -0.366252462218489 ], [ 37.09735056837058, -0.367731352079532 ], [ 37.096191923883723, -0.36889939230622 ], [ 37.095344135234804, -0.369389215581489 ], [ 37.093940574027158, -0.36943631397192 ], [ 37.093694223354269, -0.369543218644724 ] ] ] } },
{ "type": "Feature", "properties": { "id": "071aa2b4-c919-4b2c-a467-6fed151bf2fa", "ObjectID": 306, "lineName": "1'' Gichoru B line", "lineType": null, "material": "PVC", "intake": "90mm", "function": "Service Lines", "dma": null, "schemeName": "Rural", "route": "Gichoru B", "zone": null, "size": "32mm", "status": null, "length": 293.56953181865481 }, "geometry": { "type": "MultiLineString", "coordinates": [ [ [ 37.100753755285098, -0.378043562193435 ], [ 37.100754269217731, -0.37804446913337 ], [ 37.100773749243608, -0.378089070662867 ], [ 37.100923033000072, -0.37844552699994 ], [ 37.100951867000049, -0.378544935999969 ], [ 37.101038368000047, -0.378750292999939 ], [ 37.101175, -0.379177 ], [ 37.101156972000069, -0.379242561999945 ], [ 37.101376746000028, -0.379860391999955 ], [ 37.101582857000039, -0.380398090999961 ], [ 37.101622, -0.380464 ] ] ] } },
{ "type": "Feature", "properties": { "id": "26348c48-722d-4041-b5ad-809e19eb934c", "ObjectID": 93, "lineName": null, "lineType": null, "material": "PVC", "intake": null, "function": "Service Lines", "dma": null, "schemeName": null, "route": null, "zone": null, "size": "50mm", "status": null, "length": 1542.597375969221 }, "geometry": { "type": "MultiLineString", "coordinates": [ [ [ 37.085084, -0.386768 ], [ 37.085016, -0.386808 ], [ 37.084974161000048, -0.386845420999975 ], [ 37.085050304000049, -0.387061951999954 ], [ 37.085107411000024, -0.387252308999962 ], [ 37.084762389000048, -0.387343917999942 ], [ 37.084399522000069, -0.387465864999967 ], [ 37.084185370000057, -0.387504530999934 ], [ 37.083777887000053, -0.387605658999973 ], [ 37.083632145000024, -0.387626478999948 ], [ 37.083441789000062, -0.387671093999927 ], [ 37.083319841000048, -0.387748425999973 ], [ 37.083099741000069, -0.387903090999941 ], [ 37.083001588000059, -0.387977448999948 ], [ 37.082775539000068, -0.388063704999979 ], [ 37.08233236500007, -0.388200523999956 ], [ 37.081871344000035, -0.388343290999956 ], [ 37.081296110000039, -0.38852413099994 ], [ 37.080728608000072, -0.38870615899998 ], [ 37.080300305000037, -0.388853685999948 ], [ 37.079729234000069, -0.389034524999943 ], [ 37.079453217000037, -0.389143979999972 ], [ 37.079200994000075, -0.389220122999973 ], [ 37.078515709000044, -0.389439032999974 ], [ 37.07817306700008, -0.389529452999966 ], [ 37.077839942000026, -0.389638907999938 ], [ 37.077273631000025, -0.389795951999929 ], [ 37.076859605000038, -0.389891130999956 ], [ 37.076288534000071, -0.389962514999979 ], [ 37.075674633000062, -0.390019621999954 ], [ 37.074803750000058, -0.390124317999948 ], [ 37.074024, -0.390224 ], [ 37.073215, -0.390315 ], [ 37.072619405000069, -0.390362263999975 ], [ 37.072278, -0.390398 ] ] ] } },
{ "type": "Feature", "properties": { "id": "4ed7b497-de83-4253-9405-a4ebe1242256", "ObjectID": 164, "lineName": null, "lineType": null, "material": "PVC", "intake": null, "function": "Service Lines", "dma": null, "schemeName": null, "route": null, "zone": null, "size": "50mm", "status": null, "length": 766.14254272586697 }, "geometry": { "type": "MultiLineString", "coordinates": [ [ [ 37.092002, -0.389471 ], [ 37.09194, -0.389465 ], [ 37.091495, -0.389218 ], [ 37.09120736300008, -0.389064409999946 ], [ 37.091070306000063, -0.389033952999966 ], [ 37.090889467000068, -0.389033952999966 ], [ 37.090716242000042, -0.389094866999926 ], [ 37.090492, -0.389197 ], [ 37.090110907000053, -0.389349588999949 ], [ 37.089791108000043, -0.389440959999945 ], [ 37.089629304000027, -0.38946760999994 ], [ 37.089414201000068, -0.389454284999943 ], [ 37.089126762000035, -0.389357202999975 ], [ 37.088907, -0.389237 ], [ 37.088596618000054, -0.389047872999924 ], [ 37.088269680000053, -0.388879406999934 ], [ 37.087988428000074, -0.388750915999935 ], [ 37.087774277000051, -0.388652406999938 ], [ 37.087591534000069, -0.388608148999936 ], [ 37.087484, -0.388596 ], [ 37.087090181000065, -0.38852688999998 ], [ 37.086501, -0.388536 ], [ 37.086188, -0.388517 ], [ 37.085973, -0.388492 ], [ 37.085794, -0.388429 ], [ 37.085595, -0.388229 ] ] ] } },
{ "type": "Feature", "properties": { "id": "5dbb76c5-f2ea-4d9e-95bd-e0b30b36f006", "ObjectID": 264, "lineName": "Maria", "lineType": null, "material": "PVC", "intake": null, "function": "Main Lines", "dma": null, "schemeName": null, "route": null, "zone": null, "size": "110mm", "status": null, "length": 892.10890261029056 }, "geometry": { "type": "MultiLineString", "coordinates": [ [ [ 37.083294, -0.396746 ], [ 37.08322, -0.396592 ], [ 37.082941, -0.396234 ], [ 37.082575810000037, -0.395758877999924 ], [ 37.082415791000074, -0.395812415999956 ], [ 37.082096, -0.395998 ], [ 37.081678158000045, -0.39620800199998 ], [ 37.081032, -0.396521 ], [ 37.080512, -0.396785 ], [ 37.079988, -0.397083 ], [ 37.079569, -0.397276 ], [ 37.078938, -0.397592 ], [ 37.078555, -0.397796 ], [ 37.078026, -0.398098 ], [ 37.077365, -0.398455 ], [ 37.077209, -0.398519 ], [ 37.076541, -0.398892 ] ] ] } },
{ "type": "Feature", "properties": { "id": "b4bb276f-6c3c-4df9-bff8-224e543d2777", "ObjectID": 258, "lineName": null, "lineType": null, "material": "PVC", "intake": null, "function": "Main Lines", "dma": null, "schemeName": null, "route": null, "zone": "Rural", "size": "90mm", "status": null, "length": 1623.0790215650063 }, "geometry": { "type": "MultiLineString", "coordinates": [ [ [ 37.078143, -0.406342 ], [ 37.077405816000066, -0.405826125999965 ], [ 37.076766, -0.405343 ], [ 37.075898842000072, -0.404659890999937 ], [ 37.075144139000031, -0.404082813999935 ], [ 37.075113, -0.403957 ], [ 37.075095225000041, -0.403718343999969 ], [ 37.074997095000072, -0.402446664999957 ], [ 37.074989593000055, -0.402086683999926 ], [ 37.07497436400007, -0.40182970199993 ], [ 37.074938196000062, -0.401616501999968 ], [ 37.074886800000058, -0.401382362999925 ], [ 37.073537, -0.399322 ], [ 37.073078592000059, -0.398746852999977 ], [ 37.073067093760123, -0.398739018602912 ] ] ] } },
{ "type": "Feature", "properties": { "id": "183d66e7-2d01-4910-a6d9-6228da4c1cdc", "ObjectID": 1146, "lineName": null, "lineType": null, "material": "PVC", "intake": null, "function": "Service Lines", "dma": null, "schemeName": null, "route": null, "zone": null, "size": "32mm", "status": null, "length": 85.445916843826453 }, "geometry": { "type": "MultiLineString", "coordinates": [ [ [ 37.078706929000077, -0.401168879999943 ], [ 37.078322990000061, -0.400499744999934 ] ] ] } },
{ "type": "Feature", "properties": { "id": "1826e1da-7d3f-4241-a167-e74b70f6834f", "ObjectID": 160, "lineName": "Lela1'' Line", "lineType": null, "material": "PVC", "intake": "Old Kaiahuru Line", "function": "Lateral", "dma": null, "schemeName": "Rural", "route": "Lela", "zone": "83", "size": "32", "status": "Inactive", "length": 1533.1982982058203 }, "geometry": { "type": "MultiLineString", "coordinates": [ [ [ 37.091542693000065, -0.370402081999941 ], [ 37.091600711000069, -0.37110993999994 ], [ 37.091113565000057, -0.371658667999952 ], [ 37.090290457000037, -0.372218593999946 ], [ 37.089467349000074, -0.372823312999969 ], [ 37.087985640000056, -0.373788642999955 ], [ 37.087465656000063, -0.374054969999975 ], [ 37.087598822000075, -0.374289591999968 ], [ 37.08763052900008, -0.374346661999937 ], [ 37.087605164000024, -0.374517871999956 ], [ 37.087560775000043, -0.375025162999975 ], [ 37.087414926000065, -0.375323195999954 ], [ 37.087212005000026, -0.37569732299994 ], [ 37.087072497000065, -0.375830485999927 ], [ 37.086818847000075, -0.375919261999968 ], [ 37.086596902000053, -0.375938284999961 ], [ 37.086343252000063, -0.375760733999925 ], [ 37.085132070000043, -0.375824144999967 ], [ 37.08486573700003, -0.375836826999944 ], [ 37.084510626000053, -0.376014378999969 ], [ 37.08399064200006, -0.376306070999931 ], [ 37.083629190000067, -0.376521668999942 ], [ 37.083178960000055, -0.376940183999977 ], [ 37.082690683000067, -0.377453814999967 ], [ 37.082259477000036, -0.378094268999973 ], [ 37.082119969000075, -0.378290843999935 ] ] ] } },
{ "type": "Feature", "properties": { "id": "09e115d2-1572-4db5-ad6a-dffb548b4726", "ObjectID": 97, "lineName": "Mutiini line", "lineType": "Service", "material": "HDPE", "intake": "110", "function": "Service Lines", "dma": null, "schemeName": "Rural", "route": "Mutiini", "zone": "Zone", "size": "50mm", "status": "Active", "length": 904.36336651701265 }, "geometry": { "type": "MultiLineString", "coordinates": [ [ [ 37.082859450879738, -0.397419385336293 ], [ 37.084347329127411, -0.39872475644396 ], [ 37.085189524361944, -0.39965114871743 ], [ 37.085217597536428, -0.400886338252824 ], [ 37.084459621825353, -0.402037310152213 ], [ 37.083659536352542, -0.402907557090408 ], [ 37.083294585084239, -0.403426897960864 ], [ 37.083154219211828, -0.40390413008287 ] ] ] } },
{ "type": "Feature", "properties": { "id": "d9dde555-e54d-4790-a219-4efd6646bed9", "ObjectID": 316, "lineName": null, "lineType": null, "material": "PVC", "intake": null, "function": "Main Lines", "dma": null, "schemeName": null, "route": null, "zone": null, "size": "110mm", "status": null, "length": 1228.6684951954992 }, "geometry": { "type": "MultiLineString", "coordinates": [ [ [ 37.083294, -0.396746 ], [ 37.08303634300006, -0.39701439199996 ], [ 37.082471708000071, -0.398314418999973 ], [ 37.082263, -0.398646 ], [ 37.081625810000048, -0.399135332999947 ], [ 37.08105117000008, -0.399623122999969 ], [ 37.080788, -0.399996 ], [ 37.080356368000025, -0.401198325999928 ], [ 37.079873337000038, -0.402490372999978 ], [ 37.079688929000042, -0.402990059999979 ], [ 37.07945, -0.403279 ], [ 37.078875986000071, -0.404418688999954 ], [ 37.078566656000078, -0.405280053999945 ], [ 37.078143, -0.406342 ] ] ] } },
{ "type": "Feature", "properties": { "id": "e38ad21a-654f-423e-b548-b2737f0400dd", "ObjectID": 296, "lineName": null, "lineType": null, "material": "PVC", "intake": null, "function": "Service Lines", "dma": null, "schemeName": null, "route": null, "zone": null, "size": "63mm", "status": null, "length": 232.38496119421922 }, "geometry": { "type": "MultiLineString", "coordinates": [ [ [ 37.085084, -0.386768 ], [ 37.085002616000054, -0.386449428999924 ], [ 37.085079948000043, -0.386417305999942 ], [ 37.085288944000069, -0.386274062999973 ], [ 37.085235406000038, -0.386127725999927 ], [ 37.085178299000063, -0.385976629999959 ], [ 37.085106678000045, -0.385796424999967 ], [ 37.085005788000046, -0.385556575999942 ], [ 37.084948205000046, -0.385424753999928 ], [ 37.084849696000049, -0.385193469999933 ], [ 37.084798299000056, -0.385067834999973 ], [ 37.084765939000079, -0.384982649999927 ], [ 37.084770817000049, -0.384970989999943 ], [ 37.084789, -0.384952 ] ] ] } },
{ "type": "Feature", "properties": { "id": "a33163f0-3fcd-448f-af4d-7aa91a51530f", "ObjectID": 456, "lineName": "2'Kiamariga line(Old)", "lineType": null, "material": "PVC", "intake": null, "function": "Service Lines", "dma": null, "schemeName": "Rural", "route": null, "zone": null, "size": "63mm", "status": null, "length": 220.68781403711728 }, "geometry": { "type": "MultiLineString", "coordinates": [ [ [ 37.094351, -0.37879 ], [ 37.094390002000068, -0.378836554999964 ], [ 37.094482206000066, -0.378806810999947 ], [ 37.09474692100008, -0.378643222999926 ], [ 37.095011636000038, -0.378491532999931 ], [ 37.095184147000055, -0.378417174999925 ], [ 37.095326915000044, -0.378470711999967 ], [ 37.095438, -0.378539 ], [ 37.096053, -0.378953 ] ] ] } },
{ "type": "Feature", "properties": { "id": "9be0d49c-0f1e-467d-ba3e-306f908c7993", "ObjectID": 321, "lineName": null, "lineType": null, "material": "HDPE", "intake": null, "function": "Service Lines", "dma": null, "schemeName": null, "route": "Njatheini", "zone": null, "size": "32mm", "status": null, "length": 518.13670318041341 }, "geometry": { "type": "MultiLineString", "coordinates": [ [ [ 37.098254, -0.391617 ], [ 37.098184377000052, -0.391605759999948 ], [ 37.09747446700004, -0.39141819799994 ], [ 37.097259, -0.391376 ], [ 37.096735405000061, -0.391168652999966 ], [ 37.096459387000039, -0.391136291999942 ], [ 37.096008, -0.391152 ], [ 37.095720112000038, -0.391170907999935 ], [ 37.095372449000024, -0.391275252999947 ], [ 37.095124985000041, -0.391370430999928 ], [ 37.094941, -0.391466 ], [ 37.094258834000073, -0.391661943999964 ], [ 37.093753, -0.391663 ] ] ] } },
{ "type": "Feature", "properties": { "id": "1e41a127-7e39-4dc0-b988-0ab567ddaeaf", "ObjectID": 440, "lineName": null, "lineType": null, "material": "HDPE", "intake": null, "function": "Service Lines", "dma": null, "schemeName": null, "route": null, "zone": null, "size": "50mm", "status": null, "length": 844.07710215687814 }, "geometry": { "type": "MultiLineString", "coordinates": [ [ [ 37.10798, -0.391526 ], [ 37.107965, -0.391575 ], [ 37.107907, -0.391659 ], [ 37.107149, -0.392072 ], [ 37.106005, -0.392684 ], [ 37.104451, -0.393118 ], [ 37.103066, -0.393346 ], [ 37.102014, -0.393748 ], [ 37.101011, -0.394275 ] ] ] } },
{ "type": "Feature", "properties": { "id": "687e4dfa-427d-471e-af32-1e18301e1669", "ObjectID": 499, "lineName": null, "lineType": null, "material": "PVC", "intake": null, "function": "Service Lines", "dma": null, "schemeName": null, "route": null, "zone": null, "size": "32mm", "status": null, "length": 193.4475336537773 }, "geometry": { "type": "MultiLineString", "coordinates": [ [ [ 37.094147, -0.384336 ], [ 37.094056, -0.384393 ], [ 37.093986, -0.384473 ], [ 37.093926, -0.38464 ], [ 37.093823, -0.384885 ], [ 37.093517, -0.385452 ], [ 37.093393, -0.385749 ], [ 37.093314, -0.385844 ] ] ] } },
{ "type": "Feature", "properties": { "id": "bfbd1469-7028-4de6-a72a-2172fc22738b", "ObjectID": 655, "lineName": null, "lineType": null, "material": "HDPE", "intake": null, "function": "Service Lines", "dma": null, "schemeName": null, "route": null, "zone": null, "size": "50mm", "status": null, "length": 326.99544582756823 }, "geometry": { "type": "MultiLineString", "coordinates": [ [ [ 37.107869, -0.388662 ], [ 37.107672, -0.389986 ], [ 37.108031, -0.391361 ], [ 37.108026, -0.391508 ], [ 37.10798, -0.391526 ] ] ] } },
{ "type": "Feature", "properties": { "id": "9a23c715-8d50-41cb-bc4b-8fbd9edb82cd", "ObjectID": 784, "lineName": "Maria", "lineType": null, "material": "PVC", "intake": null, "function": "Main Lines", "dma": null, "schemeName": null, "route": null, "zone": null, "size": "90mm", "status": null, "length": 95.371061098904562 }, "geometry": { "type": "MultiLineString", "coordinates": [ [ [ 37.076541, -0.398892 ], [ 37.076189, -0.399042 ], [ 37.075777, -0.399279 ] ] ] } },
{ "type": "Feature", "properties": { "id": "3a681e69-5fe6-45ea-bdd2-348289ba5805", "ObjectID": 906, "lineName": null, "lineType": null, "material": "PVC", "intake": null, "function": "Service Lines", "dma": null, "schemeName": null, "route": null, "zone": null, "size": "32mm", "status": null, "length": 223.53030924360047 }, "geometry": { "type": "MultiLineString", "coordinates": [ [ [ 37.079675740000027, -0.402798961999963 ], [ 37.078706929000077, -0.401135971999963 ] ], [ [ 37.079674594430351, -0.402797030639504 ], [ 37.07973314316699, -0.402869798355043 ] ] ] } },
{ "type": "Feature", "properties": { "id": "85620ae9-0d69-4a5f-8132-dfb18b081768", "ObjectID": 196, "lineName": "kiamariga lower", "lineType": null, "material": "HDPE", "intake": "3", "function": "Service Lines", "dma": null, "schemeName": null, "route": "kiamariga", "zone": "83", "size": "63mm", "status": "Active", "length": 1024.4879316846213 }, "geometry": { "type": "MultiLineString", "coordinates": [ [ [ 37.083100239261782, -0.385446084086732 ], [ 37.083098109828867, -0.385447787633064 ], [ 37.083177679638766, -0.385640927198387 ], [ 37.083221971843379, -0.385768125324465 ], [ 37.083360526945008, -0.385944158445377 ], [ 37.0835645, -0.3861292 ], [ 37.0835384, -0.3863193 ], [ 37.0833359, -0.3864019 ], [ 37.0830159, -0.3865121 ], [ 37.0826529, -0.3865758 ], [ 37.0820679, -0.3866965 ], [ 37.0816781, -0.3868189 ], [ 37.0813512, -0.3869228 ], [ 37.0810145, -0.3870323 ], [ 37.0806545, -0.3871424 ], [ 37.080324, -0.3872491 ], [ 37.0802118, -0.3872631 ], [ 37.0800651, -0.3867436 ], [ 37.0795755, -0.3868495 ], [ 37.0791476, -0.3868755 ], [ 37.0786622, -0.38693 ], [ 37.0781627, -0.3870124 ], [ 37.0775653, -0.3871235 ], [ 37.0768711, -0.3872275 ], [ 37.076373085443073, -0.386428228101523 ] ] ] } },
{ "type": "Feature", "properties": { "id": "35e2bb25-1b66-44a4-9681-0be1174466c6", "ObjectID": 127, "lineName": "kiriko line", "lineType": null, "material": "HDPE", "intake": null, "function": null, "dma": null, "schemeName": "Rural", "route": "kiriko", "zone": "013 84", "size": null, "status": "Inactive", "length": 884.03240632470408 }, "geometry": { "type": "MultiLineString", "coordinates": [ [ [ 37.101501104756949, -0.398962445878902 ], [ 37.1009258, -0.3992392 ], [ 37.100630965081834, -0.399370868875837 ], [ 37.100155051953401, -0.399580407622911 ], [ 37.099789238130803, -0.399761534332176 ], [ 37.099480249756375, -0.399926679269496 ], [ 37.099059386280864, -0.400143321010188 ], [ 37.098769931654246, -0.400272950901473 ], [ 37.098521320318497, -0.400345756729927 ], [ 37.098048958780574, -0.400473610866134 ], [ 37.098033, -0.4005446 ], [ 37.097937083679483, -0.400555295452112 ], [ 37.097823432783137, -0.400612119511442 ], [ 37.097679593367459, -0.4007879189425 ], [ 37.097496686456154, -0.401100451255062 ], [ 37.097299573182809, -0.401359711005291 ], [ 37.0970854, -0.4016063 ], [ 37.096868054935761, -0.401871127474793 ], [ 37.096628322576294, -0.402164126479355 ], [ 37.096591030875935, -0.402226277782001 ], [ 37.096589255080673, -0.402313289604911 ], [ 37.096724215520084, -0.402746572954152 ], [ 37.096770386196717, -0.402988075138816 ], [ 37.096674493252934, -0.403236680321433 ], [ 37.096450743050752, -0.403705478645136 ], [ 37.0963519, -0.4036929 ], [ 37.096308679430329, -0.403772957189506 ], [ 37.0962797, -0.4038599 ] ] ] } },
{ "type": "Feature", "properties": { "id": "b4d7cdc5-3277-444e-b926-aead38d3b1b9", "ObjectID": 149, "lineName": "New Mutiini Line", "lineType": null, "material": "HDPE", "intake": null, "function": "Service Lines", "dma": "--Select--", "schemeName": "Rural", "route": "Mutiini", "zone": "013 84", "size": "32mm", "status": "Active", "length": 1936.7486934733668 }, "geometry": { "type": "MultiLineString", "coordinates": [ [ [ 37.087005442293865, -0.393696292352669 ], [ 37.087004730111374, -0.393715758674062 ], [ 37.086986332063717, -0.393736055875027 ], [ 37.0869466, -0.3937725 ], [ 37.0868996, -0.3938133 ], [ 37.086880929055205, -0.393842408460197 ], [ 37.086992979100295, -0.394248827267813 ], [ 37.087093634225546, -0.394575481636551 ], [ 37.087186692737575, -0.394953413144567 ], [ 37.087296843629368, -0.395329445499277 ], [ 37.087365213148402, -0.395488974377033 ], [ 37.087467767426965, -0.395747259226732 ], [ 37.087631094611325, -0.396056821215711 ], [ 37.087653884451008, -0.396119493274829 ], [ 37.087764035342786, -0.396347391671623 ], [ 37.087822909095294, -0.396486029863006 ], [ 37.087923564220546, -0.396841171531343 ], [ 37.08799193373958, -0.397224800499279 ], [ 37.088067899871845, -0.397581841320923 ], [ 37.088105882937981, -0.397805941411103 ], [ 37.088273008428963, -0.398162982232747 ], [ 37.0885019, -0.3984797 ], [ 37.088317282440379, -0.398710057082133 ], [ 37.088229921388276, -0.398827804587144 ], [ 37.088047602670841, -0.399101282663296 ], [ 37.08784249411373, -0.399272206460892 ], [ 37.087625990636774, -0.39945832348494 ], [ 37.087496848211913, -0.39956467607011 ], [ 37.087367705787059, -0.399697616801573 ], [ 37.087200580296077, -0.399906523665301 ], [ 37.087060042951393, -0.400149615288548 ], [ 37.086949892059607, -0.400331934005983 ], [ 37.086839741167829, -0.400533244256484 ], [ 37.086877724233958, -0.400837108785543 ], [ 37.086908110686863, -0.401152368234441 ], [ 37.086919505606701, -0.401403056470914 ], [ 37.086946093752999, -0.401547392122217 ], [ 37.086919505606694, -0.401866449877728 ], [ 37.086908110686856, -0.402166516100173 ], [ 37.086984076819121, -0.402394414496967 ], [ 37.087018261578635, -0.402660295959893 ], [ 37.086976480205891, -0.402808429917809 ], [ 37.086881522540558, -0.402876799436847 ], [ 37.086608044464406, -0.403085706300575 ], [ 37.086467507119721, -0.403188260579132 ], [ 37.086251003642765, -0.403450343735445 ], [ 37.086064886618708, -0.403701031971918 ], [ 37.085912954354178, -0.403860560849674 ], [ 37.085761022089649, -0.404039081260496 ], [ 37.085593896598667, -0.40413783723244 ], [ 37.085460955867205, -0.404301164416809 ], [ 37.085138099805079, -0.404529062813603 ], [ 37.084944386167813, -0.404722776450877 ], [ 37.084765865756992, -0.404886103635246 ], [ 37.084674706398275, -0.404943078234445 ], [ 37.084439211388251, -0.405121598645267 ], [ 37.084158136698875, -0.405353295348674 ], [ 37.0839948095145, -0.405493832693363 ], [ 37.083903650155783, -0.405630571731439 ], [ 37.083858070476424, -0.405786302302582 ], [ 37.083797297570612, -0.405900251500979 ], [ 37.083713734825125, -0.406124351591159 ], [ 37.083622575466407, -0.406310468615208 ], [ 37.083546609334142, -0.406542165318615 ], [ 37.083451651668817, -0.406747273875729 ], [ 37.083406071989458, -0.406910601060098 ], [ 37.083371887229937, -0.406999861265509 ], [ 37.083326307550578, -0.407115709617213 ], [ 37.083206660892259, -0.40733031394086 ], [ 37.083123098146771, -0.407505036045069 ], [ 37.083050930321114, -0.407626581856692 ], [ 37.083001552335155, -0.407746228515009 ], [ 37.08296546842233, -0.40784118618034 ], [ 37.082914191283052, -0.407905757392765 ], [ 37.082849620070625, -0.407962731991963 ], [ 37.082752763251989, -0.408006412518015 ], [ 37.082693889499481, -0.408012109977935 ], [ 37.082602730140763, -0.408021605744468 ], [ 37.08255335215479, -0.408040597277534 ], [ 37.082512520358684, -0.408048193890761 ], [ 37.082470738985947, -0.408050567832394 ], [ 37.082427533248222, -0.408050567832394 ], [ 37.082394298065353, -0.408042971219167 ], [ 37.082374831743962, -0.408100895395019 ], [ 37.0823482, -0.4081403 ] ] ] } },
{ "type": "Feature", "properties": { "id": "3ae29d2b-3910-4baa-970c-7f7db9b1e818", "ObjectID": 254, "lineName": "kiamariga lower 5", "lineType": null, "material": "HDPE", "intake": "1.5", "function": "Service Lines", "dma": "Kiamariga Lower", "schemeName": "Rural", "route": "kiamariga lower", "zone": "012 83", "size": "32mm", "status": "Active", "length": 154.24665763625163 }, "geometry": { "type": "MultiLineString", "coordinates": [ [ [ 37.0799764, -0.3853525 ], [ 37.0800226, -0.3858365 ], [ 37.0800485, -0.3863819 ], [ 37.080065968622762, -0.386744179987298 ] ] ] } },
{ "type": "Feature", "properties": { "id": "db835660-e21f-4c65-b9cb-d699d7faf903", "ObjectID": 74, "lineName": "Ngorani dispsary", "lineType": null, "material": null, "intake": null, "function": "Lateral", "dma": null, "schemeName": null, "route": null, "zone": null, "size": "1\"", "status": null, "length": 1732.6239972553151 }, "geometry": { "type": "MultiLineString", "coordinates": [ [ [ 37.065284, -0.402263 ], [ 37.06505827376062, -0.402311859490018 ], [ 37.064742050008725, -0.402382131434884 ], [ 37.064593238831364, -0.402411066941593 ], [ 37.06442995990065, -0.402456537023564 ], [ 37.064101335217309, -0.4025454103656 ], [ 37.06390085349225, -0.40258261315994 ], [ 37.063716906342457, -0.402628083241912 ], [ 37.06353915965839, -0.402673553323883 ], [ 37.063373813905763, -0.402731424337302 ], [ 37.063129928920645, -0.40280789674789 ], [ 37.06298938503091, -0.402890569624202 ], [ 37.06271656453908, -0.403020779404394 ], [ 37.062505748704488, -0.403136521431231 ], [ 37.062252876843843, -0.403313652998229 ], [ 37.062128194852647, -0.403415503368434 ], [ 37.061982439848848, -0.403592863492818 ], [ 37.061862967091159, -0.403799971263635 ], [ 37.061755492351956, -0.404041789426847 ], [ 37.06170146634755, -0.404205721714618 ], [ 37.061636491225379, -0.404416446593954 ], [ 37.06155395525937, -0.404588538574688 ], [ 37.061487224052811, -0.404808043646857 ], [ 37.061424005015013, -0.405104814494982 ], [ 37.061418736761865, -0.405334855795815 ], [ 37.061431029352548, -0.405610554140113 ], [ 37.06147844363089, -0.405798450458553 ], [ 37.061562735681285, -0.405991614893521 ], [ 37.061685661588101, -0.406137366236851 ], [ 37.061831416591893, -0.406260289054485 ], [ 37.062105365755656, -0.406409552473383 ], [ 37.062316095881627, -0.406532475286875 ], [ 37.062558435526498, -0.406648373937882 ], [ 37.062916676740649, -0.406648373937882 ], [ 37.063299503136165, -0.406602716893745 ], [ 37.063613842240734, -0.406606228974072 ], [ 37.063705158628657, -0.406644861857573 ], [ 37.063798231100961, -0.406678226620448 ], [ 37.063929937429691, -0.406776564868119 ], [ 37.064224959606051, -0.40702065444198 ], [ 37.064491884432286, -0.407255963808349 ], [ 37.064743004499064, -0.40749478524779 ], [ 37.064922103553094, -0.407692960881802 ] ], [ [ 37.064922103553094, -0.407692103718241 ], [ 37.064974391854086, -0.407752105167364 ], [ 37.065053831434874, -0.407868821752684 ], [ 37.06510651396637, -0.407958379786489 ], [ 37.06514163565403, -0.408011060982379 ], [ 37.065166220835394, -0.408054961978691 ], [ 37.065499846419812, -0.40883963135511 ], [ 37.06557187632788, -0.409521255117709 ], [ 37.065592949340477, -0.41006211527378 ], [ 37.065578900665415, -0.410293912472341 ], [ 37.065479273973523, -0.410560815357356 ], [ 37.064430079212592, -0.41257000577566 ], [ 37.064574086336641, -0.412679722643982 ] ] ] } },
{ "type": "Feature", "properties": { "id": "961f2a6c-6689-4e3b-82de-d756d349d0ef", "ObjectID": 276, "lineName": "kiamariga 2", "lineType": null, "material": "HDPE", "intake": "3", "function": "Service Lines", "dma": "Saigon", "schemeName": "Rural", "route": "Kiamariga upper", "zone": "012 83", "size": "32mm", "status": "Active", "length": 136.6749876027605 }, "geometry": { "type": "MultiLineString", "coordinates": [ [ [ 37.083279336341704, -0.385734160563152 ], [ 37.083401304797597, -0.385679094635806 ], [ 37.083583485529196, -0.385573079859794 ], [ 37.083931378677669, -0.385401191824899 ], [ 37.084283388904829, -0.38521540864946 ], [ 37.084369332922272, -0.385166518340134 ] ] ] } },
{ "type": "Feature", "properties": { "id": "eeffb1ce-1545-448a-a9aa-01b374f8913f", "ObjectID": 200, "lineName": "Kiamariga Upper", "lineType": null, "material": "HDPE", "intake": "3", "function": "Service Lines", "dma": null, "schemeName": "Rural", "route": "Kiamariga Upper", "zone": "013 84", "size": "32mm", "status": "Active", "length": 155.70168407212412 }, "geometry": { "type": "MultiLineString", "coordinates": [ [ [ 37.084398396648787, -0.385252903476877 ], [ 37.084398410434368, -0.385253057875362 ], [ 37.084398366320528, -0.385255456566102 ], [ 37.084398493147859, -0.385255660592671 ], [ 37.084398608946721, -0.385255803962693 ], [ 37.0844257, -0.3853181 ], [ 37.084486854994438, -0.385402359730893 ], [ 37.084516383130847, -0.385465958793932 ], [ 37.084536825686826, -0.38551592948632 ], [ 37.084575439403672, -0.385602242500444 ], [ 37.084607238935185, -0.385661298773267 ], [ 37.0846241, -0.3856998 ], [ 37.0846287, -0.3858071 ], [ 37.0846095, -0.3858608 ], [ 37.084579627384159, -0.385891324667459 ], [ 37.084505026155298, -0.385902066654772 ], [ 37.084375556634114, -0.385947494556943 ], [ 37.08428470082977, -0.385963394322703 ], [ 37.08418248804989, -0.386011093619982 ], [ 37.084137060147718, -0.386040621756393 ], [ 37.084100717825983, -0.386054250127044 ], [ 37.084041661553158, -0.386074692683021 ], [ 37.083989419465659, -0.386106492214541 ], [ 37.083932634587946, -0.386122391980301 ] ] ] } },
{ "type": "Feature", "properties": { "id": "8f8dd9ed-bab7-42e8-a609-1dcb10e2d0b5", "ObjectID": 184, "lineName": "11/2' Kiamariga line", "lineType": null, "material": "PVC", "intake": null, "function": "Service Lines", "dma": null, "schemeName": "Rural", "route": "To Kiamariga", "zone": null, "size": "50mm", "status": null, "length": 916.37863037186389 }, "geometry": { "type": "MultiLineString", "coordinates": [ [ [ 37.087738600136397, -0.382140630723037 ], [ 37.087695562264244, -0.38209467605106 ], [ 37.087821028603386, -0.382010061098841 ], [ 37.087912210535912, -0.381961188669163 ], [ 37.088271832077766, -0.381760592872795 ], [ 37.088747437037796, -0.381425050802957 ], [ 37.089290151900158, -0.381130357322136 ], [ 37.089769446000048, -0.380812101999936 ], [ 37.090404762000048, -0.380419490999941 ], [ 37.090718851000076, -0.380226754999967 ], [ 37.09090444900005, -0.380087555999978 ], [ 37.091118600000073, -0.37993051199993 ], [ 37.091657548000057, -0.379598576999967 ], [ 37.09201803600007, -0.379380855999955 ], [ 37.09221339000004, -0.379240467999978 ], [ 37.092514987000072, -0.378994193999972 ], [ 37.092832, -0.378778 ], [ 37.093181236000078, -0.378518301999975 ], [ 37.093524473000059, -0.378292252999927 ], [ 37.093815957000061, -0.378078100999971 ], [ 37.093885, -0.378083 ], [ 37.094068, -0.378356 ], [ 37.094351, -0.37879 ] ] ] } },
{ "type": "Feature", "properties": { "id": "0452fdcb-37fd-451e-a8e4-b3ec24f21a63", "ObjectID": 1117, "lineName": "3/4'Gichoru B line", "lineType": null, "material": "PVC", "intake": null, "function": "Laterals", "dma": null, "schemeName": null, "route": "Gichoru B", "zone": null, "size": "25mm", "status": null, "length": 147.80239383565129 }, "geometry": { "type": "MultiLineString", "coordinates": [ [ [ 37.103722, -0.384307 ], [ 37.103933832094576, -0.384405156737582 ], [ 37.10436756564679, -0.384633011629105 ], [ 37.104903236577634, -0.384916830871442 ] ] ] } },
{ "type": "Feature", "properties": { "id": "99e72938-e9f0-492e-a16b-6d88cc7ef6bd", "ObjectID": 881, "lineName": null, "lineType": null, "material": "PVC", "intake": null, "function": "Service Lines", "dma": null, "schemeName": null, "route": null, "zone": null, "size": "32mm", "status": null, "length": 93.402096419318013 }, "geometry": { "type": "MultiLineString", "coordinates": [ [ [ 37.078318449990455, -0.400491898544847 ], [ 37.077953062280535, -0.399731497094466 ] ] ] } },
{ "type": "Feature", "properties": { "id": "cb4865b5-ee42-472e-8981-03b3675f67ee", "ObjectID": 148, "lineName": "GMS Line", "lineType": null, "material": "HDPE", "intake": null, "function": "Service Lines", "dma": null, "schemeName": "Rural", "route": "Gms", "zone": "013 84", "size": "32mm", "status": "Active", "length": 913.79949506515175 }, "geometry": { "type": "MultiLineString", "coordinates": [ [ [ 37.088992906229187, -0.39330744071314 ], [ 37.0889573, -0.3933219 ], [ 37.0888511, -0.3934232 ], [ 37.0887937, -0.3934204 ], [ 37.0886964, -0.3934269 ], [ 37.0886098, -0.3934354 ], [ 37.0885286, -0.3934433 ], [ 37.088465891186594, -0.393439431867949 ], [ 37.088417462777272, -0.393437532714643 ], [ 37.08795, -0.3935009 ], [ 37.087586108417327, -0.39355005754806 ], [ 37.0873924, -0.3935649 ], [ 37.087086631097691, -0.393622225373711 ], [ 37.087006866658811, -0.393661158016497 ], [ 37.0870049, -0.3937163 ], [ 37.087161647653303, -0.393984963655274 ], [ 37.087299336268032, -0.394343903630225 ], [ 37.087354411713932, -0.394545213880726 ], [ 37.087436075306115, -0.394852876716398 ], [ 37.087523436358225, -0.395240303990947 ], [ 37.087588007570645, -0.395437815934835 ], [ 37.08769815846243, -0.39573788215728 ], [ 37.087880477179866, -0.39610251959215 ], [ 37.087986829765029, -0.396448165493954 ], [ 37.088146358642788, -0.39685458430157 ], [ 37.088188140015539, -0.397124264071109 ], [ 37.088248912921351, -0.397504094732432 ], [ 37.088389450266035, -0.397921908459888 ], [ 37.088543281683862, -0.39822957129556 ], [ 37.088664827495485, -0.398383402713395 ], [ 37.088870885629262, -0.398634090949869 ], [ 37.088956347528061, -0.398691065549067 ], [ 37.0889915, -0.3986328 ], [ 37.088992431440886, -0.398362512027023 ], [ 37.0889857, -0.3981204 ], [ 37.0889906, -0.3979825 ] ] ] } },
{ "type": "Feature", "properties": { "id": "13c9cf87-81f5-40cb-91f3-4cb510700f3f", "ObjectID": 33, "lineName": null, "lineType": null, "material": "PVC", "intake": null, "function": "Main Lines", "dma": null, "schemeName": null, "route": null, "zone": null, "size": "110mm", "status": null, "length": 4689.1824161758095 }, "geometry": { "type": "MultiLineString", "coordinates": [ [ [ 37.110619694515435, -0.386225275328526 ], [ 37.110583352234357, -0.386243003270514 ], [ 37.110443301492651, -0.386286436728386 ], [ 37.110341, -0.386348 ], [ 37.110264249278565, -0.386370201254282 ], [ 37.110190235120768, -0.386421169087498 ], [ 37.110080765078983, -0.386493853649651 ], [ 37.109969079044454, -0.386570970197301 ], [ 37.108769011213091, -0.387395579227502 ], [ 37.108009789339008, -0.38804286676942 ], [ 37.107687634222941, -0.388358926448803 ], [ 37.107002934000036, -0.388759032999928 ], [ 37.106042, -0.389159 ], [ 37.103902, -0.389908 ], [ 37.102249, -0.390459 ], [ 37.100554, -0.391573 ], [ 37.098991, -0.39162 ], [ 37.098604071000068, -0.39159495399997 ], [ 37.098304259000031, -0.391684183999928 ], [ 37.098112117000028, -0.39179304399994 ], [ 37.097527960000036, -0.392650839999931 ], [ 37.097335223000073, -0.392964928999959 ], [ 37.097118, -0.39317 ], [ 37.096868, -0.393197 ], [ 37.096283, -0.393138 ], [ 37.095104, -0.393106 ], [ 37.093144, -0.393091 ], [ 37.091687, -0.393156 ], [ 37.090354, -0.393303 ], [ 37.089262, -0.393377 ], [ 37.088993, -0.393307 ], [ 37.08915, -0.393116 ], [ 37.090039796000042, -0.392689505999954 ], [ 37.090795275000062, -0.392296894999959 ], [ 37.091275, -0.391958 ], [ 37.091342551000025, -0.391517620999934 ], [ 37.09143178100004, -0.391142855999931 ], [ 37.091592394000031, -0.390857320999942 ], [ 37.091943365000077, -0.390542041999936 ], [ 37.092153, -0.390415 ], [ 37.092288387000053, -0.39008399599993 ], [ 37.092294335000076, -0.389834152999924 ], [ 37.092222951000053, -0.389447489999952 ], [ 37.0921, -0.389341 ], [ 37.091681624000046, -0.389102467999976 ], [ 37.091330654000046, -0.38891805999998 ], [ 37.091045118000068, -0.38885262499997 ], [ 37.090711, -0.388921 ], [ 37.089938669000048, -0.389167903999976 ], [ 37.089503, -0.389242 ], [ 37.089099909000026, -0.389102467999976 ], [ 37.088528838000059, -0.388810983999974 ], [ 37.088097, -0.388607 ], [ 37.087571105000052, -0.388436218999971 ], [ 37.087047624000036, -0.388335091999977 ], [ 37.086345683000047, -0.388317245999929 ], [ 37.086077, -0.388314 ], [ 37.085679434000042, -0.388085248999971 ], [ 37.085459334000063, -0.38782350799994 ], [ 37.085371, -0.387477 ], [ 37.085222, -0.386843 ], [ 37.085017, -0.386462 ], [ 37.085082, -0.386431 ], [ 37.085234, -0.386325 ], [ 37.085303, -0.386273 ], [ 37.08522, -0.386059 ], [ 37.085088495000036, -0.385727440999972 ], [ 37.084945727000047, -0.385399074999953 ], [ 37.084792, -0.385035 ], [ 37.084776, -0.384981 ], [ 37.084794, -0.384881 ], [ 37.084826, -0.384796 ], [ 37.084772, -0.384668 ], [ 37.08465, -0.384465 ], [ 37.084586, -0.384352 ], [ 37.084449, -0.384167 ], [ 37.084052, -0.383584 ], [ 37.084091, -0.383384 ], [ 37.084106, -0.383312 ], [ 37.084119, -0.383111 ], [ 37.084124641010504, -0.382938009012114 ] ] ] } },
{ "type": "Feature", "properties": { "id": "0687374b-4b2d-4873-a1ec-a78be4a87666", "ObjectID": 155, "lineName": "Kabiruini Village", "lineType": null, "material": "HDPE", "intake": null, "function": "Service Lines", "dma": null, "schemeName": "Rural", "route": "Kabiruini", "zone": "013 84", "size": "32mm", "status": "Active", "length": 265.33751699249848 }, "geometry": { "type": "MultiLineString", "coordinates": [ [ [ 37.090209317944627, -0.398082920929359 ], [ 37.0901734, -0.3980972 ], [ 37.0900828, -0.3981297 ], [ 37.0899029, -0.3982174 ], [ 37.089734, -0.3983112 ], [ 37.0896674, -0.3983495 ], [ 37.0894492, -0.3984641 ], [ 37.0893078, -0.3985707 ], [ 37.0891036, -0.398722 ], [ 37.0890626, -0.3987553 ], [ 37.0891489, -0.3988202 ], [ 37.0892463, -0.3988964 ], [ 37.0893262, -0.3989309 ], [ 37.0894817, -0.3989845 ], [ 37.0897865, -0.3990698 ], [ 37.0898862, -0.3990893 ], [ 37.0900345, -0.3991124 ] ] ] } },
{ "type": "Feature", "properties": { "id": "7a956353-8c6c-451d-9113-8a801f28bc7b", "ObjectID": 279, "lineName": "jaguar line", "lineType": null, "material": "HDPE", "intake": "3", "function": "Service Lines", "dma": null, "schemeName": "Rural", "route": "kiamariga upper", "zone": "012 83", "size": "32mm", "status": "Active", "length": 131.29846384334667 }, "geometry": { "type": "MultiLineString", "coordinates": [ [ [ 37.083837200502828, -0.384217531704371 ], [ 37.083903073761711, -0.384289580581273 ], [ 37.084001883650032, -0.384443971031776 ], [ 37.084081734157358, -0.384583509192655 ], [ 37.084129034157357, -0.384705109192655 ], [ 37.084208766853706, -0.384833034967046 ], [ 37.0843264, -0.3850448 ], [ 37.084398409790438, -0.385253105651125 ] ] ] } },
{ "type": "Feature", "properties": { "id": "0851bb68-26c9-44f7-9950-242faf23031f", "ObjectID": 278, "lineName": "kahariri line", "lineType": null, "material": "HDPE", "intake": "15", "function": "Service Lines", "dma": null, "schemeName": "Rural", "route": "kiamariga upper", "zone": "012 83", "size": "32mm", "status": "Active", "length": 94.60517609170347 }, "geometry": { "type": "MultiLineString", "coordinates": [ [ [ 37.083340191910935, -0.385012385207048 ], [ 37.083402977360805, -0.384980477847277 ], [ 37.083536782417909, -0.384905341161365 ], [ 37.083799246183766, -0.384781828800962 ], [ 37.084060680679947, -0.384644935934849 ], [ 37.084100307562231, -0.384631169453012 ] ] ] } },
{ "type": "Feature", "properties": { "id": "6c5e3c6b-e0b5-41a1-bb7f-ea3047676d20", "ObjectID": 201, "lineName": "Hiriga line", "lineType": null, "material": "PVC", "intake": "4\"", "function": "Main Lines", "dma": null, "schemeName": "Rural", "route": "Hiriga", "zone": "013 84", "size": "90mm", "status": "Active", "length": 3252.7514016915957 }, "geometry": { "type": "MultiLineString", "coordinates": [ [ [ 37.07762725821658, -0.385347555280131 ], [ 37.077591473702796, -0.385371908951979 ], [ 37.077464715226576, -0.385460466243589 ], [ 37.077318856158037, -0.385554232787646 ], [ 37.077113958895097, -0.385703564691144 ], [ 37.077016719516074, -0.385783439895341 ], [ 37.076801403748242, -0.385948399556182 ], [ 37.076547886795787, -0.386139405479261 ], [ 37.076237068066419, -0.386365139751992 ], [ 37.075971396191591, -0.386540517917728 ], [ 37.075820327870609, -0.386679431316331 ], [ 37.075613694190189, -0.386865227986963 ], [ 37.075384487082495, -0.387099644347106 ], [ 37.074966010469204, -0.387471237688369 ], [ 37.074797577973392, -0.38761536033942 ], [ 37.074535378933525, -0.387870613709353 ], [ 37.074351318680378, -0.388084193059706 ], [ 37.07421240528177, -0.388283881070198 ], [ 37.074016190106249, -0.388509615342928 ], [ 37.073708844211836, -0.38883953466461 ], [ 37.073507419783866, -0.389004494325452 ], [ 37.073222647316726, -0.389278848287693 ], [ 37.073057687655883, -0.38946117212336 ], [ 37.072831953383151, -0.389669542221264 ], [ 37.072548917333499, -0.389895276493994 ], [ 37.072225943681744, -0.390110592261829 ], [ 37.071968953894327, -0.390336326534559 ], [ 37.071757110961464, -0.39057595214715 ], [ 37.071666817252371, -0.390753066730369 ], [ 37.071531376688732, -0.391100350226877 ], [ 37.071420245969847, -0.391513617587721 ], [ 37.071329952260754, -0.391843536909404 ], [ 37.071239658551661, -0.392097053861854 ], [ 37.071118109327884, -0.392416554678642 ], [ 37.0710496, -0.3926108 ], [ 37.0709591, -0.3927679 ], [ 37.0708612, -0.3929136 ], [ 37.0707684, -0.3930346 ], [ 37.070704841967043, -0.393076393322007 ], [ 37.070520781713888, -0.39321530672061 ], [ 37.070361031305495, -0.393347274449283 ], [ 37.070180443887317, -0.393524389032502 ], [ 37.070031111983816, -0.393625101246489 ], [ 37.069843578895693, -0.393760541810127 ], [ 37.069607426118068, -0.393909873713626 ], [ 37.069329599320874, -0.394014058762578 ], [ 37.06915248473765, -0.394173809170972 ], [ 37.068961478814572, -0.394521092667479 ], [ 37.068860766600579, -0.39499339822273 ], [ 37.068812146911071, -0.395455285273086 ], [ 37.068794782736241, -0.395715747895467 ], [ 37.068767000056525, -0.395955373508057 ], [ 37.0687589, -0.3960787 ], [ 37.0687637, -0.3962371 ], [ 37.0686981, -0.3964272 ], [ 37.0685943, -0.3966499 ], [ 37.0684971, -0.3968511 ], [ 37.0683243, -0.39716 ], [ 37.0681887, -0.3973816 ], [ 37.0680622, -0.397611 ], [ 37.0679354, -0.3978483 ], [ 37.0677917, -0.3981083 ], [ 37.0676401, -0.3983581 ], [ 37.0675787, -0.3984763 ], [ 37.0674437, -0.398731 ], [ 37.067299, -0.3989895 ], [ 37.0671463, -0.3992412 ], [ 37.0669917, -0.3995141 ], [ 37.0669194, -0.3996532 ], [ 37.0667746, -0.3999325 ], [ 37.0666169, -0.4002182 ], [ 37.0664511, -0.4005208 ], [ 37.0663679, -0.4006849 ], [ 37.0661954, -0.4010199 ], [ 37.0660147, -0.4013389 ], [ 37.0658413, -0.4016471 ], [ 37.065674, -0.4019461 ], [ 37.0655283, -0.4021983 ], [ 37.06530478040672, -0.402294458995804 ], [ 37.065283425614325, -0.402262566260756 ] ] ] } }
]
}
